wallet,wallet_type,n_participations,pnl
0x56687bf447db6ffa42ffe2204a05edaa20f55839,bot,19695,22029972.635796994
0x23786fdad0073692157c6d7dc81f281843a35fcb,bot,12771,5134848.268745
0x1f2dd6d473f3e824cd2f8a89d9c69fb96f6ad0cf,bot,30201,16578002.75044905
0x863134d00841b2e200492805a01e1e2f5defaa53,bot,7646,7527260.035917001
0x16f91db2592924cfed6e03b7e5cb5bb1e32299e3,bot,7508,4042384.9024389964
0x8119010a6e589062aa03583bb3f39ca632d9f887,bot,8592,6080132.347061996
0x94a428cfa4f84b264e01f70d93d02bc96cb36356,bot,10330,4243778.292772001
0x885783760858e1bd5dd09a3c3f916cfa251ac270,bot,7563,5634963.922754999
0xd235973291b2b75ff4070e9c0b01728c520b0f29,bot,18074,7698903.293884999
0x78b9ac44a6d7d7a076c14e0ad518b301b63c6b76,bot,6649,8705078.460843997
0xed2239a9150c3920000d0094d28fa51c7db03dd0,bot,6032,3092634.863375002
0x0562c423912e325f83fa79df55085979e1f5594f,bot,11137,1897573.7760499998
0xd4c38e00d99e16f4799550bdbc76faa3606e899f,bot,3741,617816.4838310003
0xe9ad918c7678cd38b12603a762e638a5d1ee7091,bot,5793,5936332.018990998
0xd0bfb8270d9f3a8c3312a5c9c6e2cd5b647340aa,bot,16915,-402320.1476770011
0xd0c042c08f755ff940249f62745e82d356345565,bot,3395,4800670.783248001
0xa10593ca2905602c5acf450c5b214d1d0e7befaa,bot,6267,54423.59243500025
0x73f8dd50a114884493dbf4a5ea1503f96f348234,bot,2161,731609.0301889997
0x97e1e8027dd31b5db1467bb870c4bc0d1637ae74,bot,2825,67763.97100100001
0x6b88b6a431c5ec9b3afdb76e69393d0404909856,bot,2226,365020.4125670002
0x27b0dceebc77ebc59573b818144743b9f1a2209b,bot,1185,170031.61215399986
0x9f35a5dd9eecd1e51bf5f7923580193f62ea0d49,bot,12036,9542.41982699995
0x9707eafc9c59ae1631f5c0d7cf342c122592e3bc,bot,1647,16827.98871699995
0xc10972c04ce8ad1ac5168821463e4a80a98f1ad2,bot,8930,118672.02574499977
0xe29e34fd4326bccff4d8f3322b705bfcb35ba982,bot,1119,78651.28422
0x2bf64b86b64c315d879571b07a3b76629e467cd0,bot,1393,2092886.409932
0xca74a75f17a51950cc9f158c52312bf9c8153b40,bot,1313,-6288.198944000018
0x8e5c0cc55cda93d6cae14becb3b738a44dcaa68a,bot,2375,550231.6107050001
0xadeb8028fbc7e968220d9f2ffc734557bc3b4e85,bot,1369,37653.91879099997
0xa2cced8bfae7d645f7f437fb76becf2fcbb70cbc,bot,3672,156589.08362900067
0x9b854cf03e537064f775fb6f177c562ca010746c,bot,1192,-15810.91716499842
0x4a49ce5fe2d6faadbc0b279c4d2bd5f41665285e,bot,799,611091.7262419994
0x9f2dde9fcb83190847a8da2287c3e6f43c8bc34d,bot,2689,45519.284225999974
0x9976874011b081e1e408444c579f48aa5b5967da,bot,2327,489884.26132000017
0x8e843fac8c70af718480efb93022a0978c4d6701,bot,1141,43.10017999999158
0x7058c8a7cec79010b1927d05837dcf25f1a53505,bot,2623,1849163.6668649996
0xc2ae72afead3efe4965ce3a7ee4ee9d4ac302a5f,bot,4129,15072.29645799988
0x64f8d315efd2d03897a03985fc42719f56952daa,bot,1020,683710.5761119998
0x4fc8c028a227dfd095c84c21a845a34c8cc52ddd,bot,1204,274.0437650000092
0xb33d95f62714c3522ac133de55ba941927fe0392,bot,511,475966.29468399996
0x353a41c3effc585bec809cba07c843a355308158,active_retail,908,-0.04696999998753815
0xacae3c6efeedd75f2b34564f55356855e8fd6798,bot,1765,42135.558481
0x514550b8f94f24e3bd5fca1c8af19e985fb71f46,bot,659,131926.864071
0x18d2d4a6dbc9dac2432910dc05c61f33679681e0,bot,3397,435264.2858160003
0x36e735cdd81dfcc584e257e7cff33f77f1015b61,bot,587,45711.946511
0xb506415b65ffab876ce6ad0010626d7a87e88f79,bot,1749,-692299.0334320042
0x7bb5686910e22c4348265ab86e38b06f7579db04,bot,552,310834.33011899993
0x027ba3085c70033bd505992f0a68bf867484f2dc,bot,1503,37582.479004000015
0x6bfa925e9e12892f7aa1cb3339aa47b72d4bf49d,bot,584,37.67550000000074
0x31fa93d3687521a34f6103edbc38bea192a28033,active_retail,373,11226.375190999983
0x7caf5b10da0bd87b1ccd1d56c71484c43155058b,bot,1111,-51421.939417
0x02102c95694e58aaacbc467284d87dc8ff774deb,bot,762,5407.110073000498
0xe9f89d7c58e74aeeb5cf2c7a1e50e89cfb74b3b8,active_retail,338,10526.92603699999
0x404901527d3af94bcfdb84a62d7e0cb68cd5a418,active_retail,346,10263.504004000044
0x743510ee9f21e24071c4e28edab4653df44ea620,bot,9376,-719518.3303760027
0xb64f848897508c6f9b76934953758e10fa6b76d4,bot,489,320367.6543729999
0xbca1b1e6d78efc7c04e13ec8277a4df1ecd8dd13,bot,7039,119655.79682200088
0x88c4919de76e526d55a32c1f8afb439dd1f1129a,bot,740,205006.73827500004
0x48ae93e59028f2c67e7535573b7359642f3a85c4,sophisticated,771,305813.92883
0x128a251f2300694ae6ea9d77e076ea8ea4e097c2,active_retail,519,540103.272834
0x9ceef448f3b658584808bd9ae78301cc97899702,bot,415,8581.247655999978
0xd0606a9f3547bbd12fd07d20175958c3ef0d44a5,bot,383,57802.11038799992
0xbad457dc633bbb7b6cbe09dd5867a5e8e597acd7,bot,1142,608076.7068919999
0xb5f45a43a1d96690e04a547591f329936948710a,bot,338,23144.545084000005
0xc6174a742b2926f00e683828019cef708ff9cd8e,bot,1797,172316.067828
0x17db3fcd93ba12d38382a0cade24b200185c5f6d,bot,6955,3132785.8043469954
0x3d1ecf16942939b3603c2539a406514a40b504d0,bot,1220,1736654.8845199996
0xd9e5c9d17f6b6bb0b34738174b48d6f8a758f125,bot,1427,22070.266415999977
0x607fec58640fcea5cb837adb09d658747720592c,bot,715,90609.32588400002
0xc7bc494ed3d4558b72aab49a0f60df71fa8a6099,sophisticated,741,31434.208861000003
0xe43c7b9adddeaf01ba16bc3c5b27f034407801ad,bot,5124,412299.1282159982
0x13efd067cb69e132fc92464f783939927cbf40c8,bot,2057,32506.054759999883
0x73bcd24d510ff4e4d5feac6aec763c5511e246ce,active_retail,941,177011.246146
0x7dc64a570c7b76831cf25e31c526f2337a050fa2,bot,783,412094.550603
0x5a616cb7a3c591ecc6547f12046f8fc7fb525781,bot,1230,-49039.70060700005
0xbaad64e305a75ba43f6330582bf7293762367873,bot,246,8574.850554000403
0x8453f6aa62cba5e5302f501849ffaf83dff2ecc3,bot,304,855399.5525699999
0x9f9085eb966bf423be02a4fecd278b1e3e0b544a,bot,540,11844.154931000001
0x0fb45b856bc58e0607f47513f10368683e5f954e,active_retail,681,250.6188949999996
0x52482d38a41eff48e1bdb46233373caa99cbaabb,bot,1340,142273.77867
0x46d3d62ab3dd01fb8dc3b16f0141462c82df62e0,sophisticated,399,42577.12540199998
0xcef2f76dad279c30deb61e3ae82597fb297cd972,bot,299,39466.99499300001
0x113162b1b4727e557a51cf43f685beb94f8f78e3,sophisticated,287,10919.653472000002
0x1aad4b04f00036783b78b46fcb0532daa6c15299,active_retail,798,13.092351999985542
0xb3ae8034418a5a6163a6b1657a1428300e9f3020,bot,1579,-49006.776021000274
0xcf6376d73de759ae6b7993d3643e48dfb9a4e9b8,active_retail,642,4431.379346000001
0xeb047e5330df5fb4f7fb786a94b26d9b040c1a5e,sophisticated,610,554.8528799999995
0x22914e904a4ed369104d2915ae8ac20f11c478b2,bot,458,32677.10760300003
0x44d4c6f385f1b0b738369e5a0b4ae4030e401970,bot,1752,458589.8161899994
0xbf6c2b0423a04b80b3667660812c8257c1783814,active_retail,840,28.845021000006454
0x2bef2b646996b03ec9d51bed3eb139f3dc4318b0,sophisticated,880,-1030.8111190000052
0x748f8bc6db49da87f131e073f68aaefc4edbc80b,bot,364,308735.80921700015
0xdefe23b9f2631280df4b18e43beef527150e5432,bot,7956,33060.955300999914
0x7fbf4d835cb5c395530f92ced0a311b8fbfc9770,active_retail,263,1677.263574
0x7b86ee2cb888acdc2234f1e7b0882a2edb3b73dd,sophisticated,805,82965.66843599999
0x663899a0ec1124e575e6f4e67f479687f7672114,active_retail,261,8215.663272
0xaf9577235ff2d1b0d3467964e3ffc996a8bc8d74,active_retail,496,-268.88007800000196
0xf6a45f940090c5f2e03f3c6077ae8aa034d66897,active_retail,367,2611.2328730000027
0xc2530aacea769ab8a7e3975b81ac3f4e98d8dd76,bot,1907,2690.8615479999944
0xc0a005750061e6b5c5699c395a09fd238116ac10,bot,487,229809.69308199998
0xb889590a2fab0c810584a660518c4c020325a430,bot,5955,713339.4241980005
0xb1d56c77f307531ae2a866d5261b04448b5b3527,active_retail,473,39000.570512999984
0xbfc99ac3a78c772c240233e17e27ea7e16582b7e,bot,1063,-36568.08275900004
0xc46f8ef39e04a5c69cee59bca4bb8b83059b2003,active_retail,469,-15566.264263999998
0x1776361dcbc5ee4c568bf81c2cd7cc55d6c801dd,bot,324,77458.41625099999
0x7f9e2d1df78614564a70becc7fa14aa9a6623a0e,bot,590,114744.76745299998
0xd5dca994eb0099f55b2dac334c7b9d76cb0411bb,bot,895,271169.5489700002
0x9a73373b3f0e4af0f91eab0f1919edccb898f447,bot,914,466957.769635
0x086981dab493f2705a43775de7871a357345e538,bot,1026,-208280.52890199993
0xba664f999a18dce0aac6af698af434924a24f59d,bot,1735,1474002.0762189995
0x3461d7bd409852838c0364835c766a6a2a28b65c,bot,258,-0.48393200000282377
0x3c3af48a37826826297e20d408b8ffe7bbf98679,bot,523,-322169.67509200005
0x8094b0a2c3ac441dd0a0782ae565a1fbcbe4be56,sophisticated,333,9560.564383
0x166a5ffcf823ff7c26588c59ae25ba015f3ba007,bot,504,89620.284242
0x88a132c7b2d1901d783ce3307adb36c78428618d,sophisticated,309,15322.965044000002
0x75ca58f74f718d583270bdbd665098551fbcd680,bot,6351,52491.508580999944
0xd277699bf92705c384cc54d9ea898c9f7679bd54,active_retail,386,513.8153569999923
0x6834d869178da4d1dd4b8c4485612c6495fb992d,active_retail,574,-9410.843120000005
0x54624426b2f4b0c3afd4c83306faaf7f7b47eed6,bot,1330,25759.969750999968
0xee47b700733d4adf319798443865d0f041132a9c,bot,948,-127145.25694300006
0x0aada11f3c5a78aa568f1053ceaf6f08d702db06,sophisticated,702,62380.221246000016
0x9175cafef50f45e618258750d74e84eae60969a8,bot,186,81927.36334299998
0x4f89894e6b0914bb8169347866e20bdf68fde938,active_retail,293,3097.336261999999
0xd67026079332e6f9d34f4585de2e6a0e1d8ab24e,bot,653,-30463.53392799998
0xe33ea4fa8fbf1cc0a4b158d5eb716412ecdfdc2a,bot,423,-8365.812409000588
0xbe9c381e9eb827c7a0f629405b7eb0a809780b14,bot,7647,-17438.533973000034
0xbb0f61c0454595bd64358b72e1f4a67436529034,active_retail,290,-13573.166252000005
0xc1a19170f49d1b8533e47f87d6ccf97a9988a995,sophisticated,565,-63423.269993000045
0x0d2d2791eb891a317cbdf84c0a2f7a6c22208a9f,bot,919,368.6379000000011
0xb19375cd4f151ddbf41132a3669464665075da62,sophisticated,221,17050.001817999997
0x194ead01a45bf8bc7f630f0b32359eff34fa36a4,active_retail,176,7045.999658999995
0xedfd393283b9f30bd86eecdbdeacf8abfa77aaab,bot,615,-1108.6703290000282
0x83a88e6308393901fa0577698b2e6ac27100fd32,bot,194,18803.526622999994
0xdd2f4e21f72d42263a567dbbf835db845e2c292b,active_retail,484,1489.8051560000197
0x12226b15662f2bb248b79b7b1f5fec25020d2aa7,bot,3881,873748.7235849998
0x58e540aa28209faa67ad826324d071f618a0ad64,active_retail,290,14.02567300001192
0xe8a0e50069263d7ba7953006cfa03b8fa86acb41,active_retail,316,26.82907600000163
0x399f02defd3d3fc127ad34d5c802a2be1d42cd4d,bot,333,128417.27383199993
0xe5d7f91f7886fc307f3b17b9af56686b7857d8a3,sophisticated,213,4858.77547
0xf6eb1259f85e9ff7ec5ec2a464df8e077ecbdcf1,sophisticated,298,38602.48595399999
0xea6e8a018d74039c4fd8634611c54aa998962091,sophisticated,228,8854.430071
0xca72a747f0e4007d75e3067ffd12fc12000b7637,bot,440,615460.8662340002
0x0ae7e0def6558b0c0d690b778e64a6b99534a574,active_retail,241,4.86610699999776
0x239fdca0897774608f49ec2e372da2bc079b77c6,bot,174,1560.4179779999922
0x1ba82a494ee8dc7753a5002115ec80fc94388cf7,bot,155,18205.736648
0xa59a71d5c2688b5b388e339ca235851621c97101,bot,190,76315.50579799998
0xe9514aa0b925353ea0d5e32978d636ec25ebde18,bot,782,70224.92138700002
0x64706b9e2df9f185911a17609693f062226e05b9,active_retail,208,13628.045547999996
0x8d0c615f5ed3c835016b96207b3f051eec7d5839,bot,1101,91636.691447
0xbe6254080d54539d405e4b654fc5a88d976108af,bot,1585,16978.393258000004
0xce5f8eab5e256f5bdd653a97af36000906b6deb1,bot,910,12794.078957000009
0x9a641f48b90f1df11e1aa7358ec0c4e8e7ba48de,bot,235,23241.156733000003
0xb6348bcec72981b8c31264f4960549c53b6d1e83,bot,427,8439.272881999994
0xd659274acac3f76d8811ddfac03adf270226fe07,active_retail,147,1836.047007999999
0xb7a3b4d8fc26af155bce26d49cb248bc2ce48d0c,sophisticated,231,-20325.026387
0xc49fe658479db29e1a2fefebf0735f657dca9e05,bot,5697,65946.47089300002
0x13ce86e3a660c1571805fe5d04686972c16aa40b,active_retail,221,102.97908899999832
0x93d2d890684a32d691e6c8a5413e8b87bf93d52a,bot,7058,-5799.969870000006
0x4cbfc0c337dde457f7963b62fb57678ca1286cf0,bot,525,104082.25778799965
0xe2b39314da6cf1f8bc91044924d09cec27f56f19,active_retail,680,-4.497617000000105
0xdbf16bcffa41bd95faec2640daa2c95ab2bd86b5,bot,320,-9460.702067999899
0xf0badb774d036601892ac751d1a25d8492dfe4cb,bot,1217,27891.215945999993
0x5f4d50b6e3dadb3f80001ad5465ad91b058725b5,bot,8332,-167.68697200000037
0xd01a4c55755eed0ca081e8b4845e3139f9eff119,sophisticated,221,3018.792241999945
0x40765f546468428bb33291b7e68d8bdd5b208153,active_retail,146,9349.620152999967
0xe2e3c801656a73b2bfd88a41bcf9226d53be67ff,bot,371,228365.29823899997
0xbcd6358b674834ec8101c238ec0d52540f0c0790,active_retail,522,376890.64516300004
0xef02161edfb4056bd5fa18a5e91a3a8d97775ebd,sophisticated,250,29759.796083999998
0x37952e5714e76123a5f3a9623486178871bc7f02,active_retail,146,33333.347700000006
0x5f012bd7112a28d84ddc54ca4179e20903d09f44,sophisticated,393,3513.6856430000025
0x8750a020d6bcb40715e4376fc0575ccfba100f4e,bot,223,16.357969000000594
0x3a6238d6a4d545e27dae2af2d04475efce8b1106,bot,207,325536.65276900004
0xe3494893be6952fa237b9ff7b69303cd0c06db20,bot,318,17984.032990999996
0x801ed774db6a5981945a825074a6b91788f6ad90,bot,1629,-77119.08051599984
0xac549df33b1ae1a2b1589a780dda21df5b161a9d,active_retail,290,14.026351000000432
0x0f7f87c2065824ed3c88977af11a0878f63fd80c,bot,422,15.568963000002896
0x49a207e3b96b997954e1eb07b52239a0ab29b036,bot,749,-835.9624359999968
0x3d8920c114631fc43ad4fa0d77ac1cc12823b02c,bot,2027,120675.61944800016
0xc4cf7b4ccc72c3b63736410ddc7dcde73ed8129a,bot,166,102152.512282
0x6d3f788a850a6bf83c2a065bf35f09cfadad6815,active_retail,194,-30.032401000000423
0x9b13c902dd571c233602e3a792301603d5e1b2c6,active_retail,361,-214.0490390000019
0xcafd5a89d69bae29f21b3b33ede9692270a51455,bot,248,18903.011190999998
0x69c49cae990f6f3ab5a863257772fa521f025aea,bot,218,83114.553856
0x314033bc829bf9e661a1ff64a30eb64fd1346c7f,active_retail,151,10471.044252999991
0x26b4c1dc47b15c3e11fbc3375541c3760b1b93bd,bot,122,-0.12405499999994163
0x5e5152a9cddd077d884e0fa36404d1264efdba30,bot,260,50997.86634999999
0x06e47e6d5b897b7e3992818f2ff44cb022b47cf4,active_retail,165,54.264044000001334
0x2b6d91560fcb88d0e841988f58e10d4fd3385d26,sophisticated,387,5702.817424999999
0x9d333d3122c0e38de533b2e59343a92df9e1fa02,bot,678,705075.9407220001
0x3b7ed1242417f4b8f6992b5dd53aa9415a2c23eb,bot,763,33398.274412000006
0x94f199fb7789f1aef7fff6b758d6b375100f4c7a,bot,307,350686.25069899997
0x5efe377f8c16c891b2ba0615c770bb13426f569d,bot,131,13975.177583999997
0xaeb0462736bf3bcd10fc9cc8f30b7ca4221672fc,sophisticated,378,21084.93203100001
0x3e2441b2d9459cd04a78ba409d612d82b41b098a,sophisticated,198,-504.7916889999978
0xa30ba1d8741cf19d70beb99b48d9fe9bc647cf66,active_retail,512,-43.708588000004966
0x5b5773671a1366e78956d0af7790af0583654371,active_retail,411,46407.636463999996
0xa8ebd84263575ba4c861cd2acd1b2d09facc01c7,bot,743,104687.73338599998
0xee50a31c3f5a7c77824b12a941a54388a2827ed6,bot,6449,928838.888167002
0xe0e855342798f2a3889a3e9ebd68662df54634b6,active_retail,230,2288.3854570000003
0x98779ce334b6b4b563dd0d4fcc2a4df5c6a77a7f,bot,922,-2.7502099999999787
0x6a7766aea7c10a171d69db51abdee32f5cde92d4,bot,171,0.002581000000645872
0x7c7d4214bb50ecdc2d1146d8e3d588a61872920a,bot,919,-1.065999999999974
0x971e6b34ec439f74a6641388789a941670c0751f,bot,139,88723.98883199997
0xea3e6f02d7f92db8a92d71e480a0649c17aa5f21,sophisticated,256,2565.476182999996
0x5c814e0948a367b28dffc4153700ef94b26ae258,bot,2932,-12988.61099600009
0xd640fb11e41ff43f913d03aa140046893b123048,active_retail,150,-0.5159369999994396
0x41e57d90b0877024e32433a3a717fcc54e74da8f,bot,273,4441.920944999999
0xc3b351309207db151c07c4a1d705b2113ba241c8,active_retail,160,456.16744499999993
0xdf8e8ffc46c7f7d98e000f92e669b6950d6246ea,bot,4599,19047.44998700004
0x4e24f3b794d3c6fa6283cea1565f4870b5c62797,bot,312,163267.00595
0x5a181dcf3eb53a09fb32b20a5a9312fb8d26f689,bot,1896,397462.9538110001
0x1275f7008da638fecd12581ad451a864df5ae518,active_retail,183,161142.98566300003
0x32a8f6cfe4e4a3638be3800ca8910b9e2ef38a8e,bot,132,-18765.882556999997
0x973faa4db3b0529bf1e1b7e0c78d96d405a9b68d,active_retail,119,158051.94649000003
0x95ff295d3236e66c63ac9d8dd4001dfe492d28c0,active_retail,158,661.2626709999997
0x8b666b337ec832bfadd0e12cfed9938cc6e84855,active_retail,217,-10.342939999998663
0xf27c9f24107181794d088ee603ab063d8e076e4b,active_retail,276,112.96547200000168
0x066d64fa7b2e352b9000a51c6b56f53128cce6e6,bot,2361,55404.140886000016
0x110fbd0fe39eb16204e7f90e956cc995a64f8f39,bot,2442,50400.216770000035
0x3ee799c9502a22bb7159b4eaa03702d2f993dffd,sophisticated,134,16632.176429999996
0x0f94a1e6b27dc0e3578556ba135c5f894319d3dc,sophisticated,291,-1925.4165820000012
0x3f82a6cae57f9b3f6786730d766dfe12a21724bf,bot,5780,13990.890357000033
0xe426550455bc63ae1c9a977d529c9605e02445b4,bot,404,31782.717706000003
0xbb3d223b399fc24e7a9fe058ffea5e221c0df8ac,bot,185,92482.87167899997
0xfb6c794b6bf17e40ff7b30ac233f6528be9b11a1,active_retail,150,-1114.452392999998
0xa3c5721a107e0908bc552b7f90230d85954ec91c,sophisticated,178,1911.390162
0x3657862e57070b82a289b5887ec943a7c2166b14,bot,13813,-1892087.9721610127
0x94b7912a2800bbda45dd814abe24204fba07a598,active_retail,190,102.19533000000085
0x8e80b474de55b641a4845fd9e869150c208159e8,bot,1711,103810.1294109999
0xc3ee1d9de590858ee7736a66bcf29b466714a22f,bot,372,4481.563730000242
0x83e6db85abbf43206a048fbd1a0df9760d492488,active_retail,235,3043.8377099999993
0xc452f7ef7c781e4a1700d2f951b4d2404c133ef5,sophisticated,337,-301.9651549999918
0x95145d5f8b1d2778cb5d137069de851227812d97,bot,239,-1018.6660939999996
0x8b5ebfb5810a77559e5d7fe30665f3816f1b1a93,active_retail,403,90623.56197200001
0x9b379ab677fd2c739a50aec7625467358caf3b3e,bot,96,24565.398172999998
0x1875992db5182b59ba8869199a6990e532a7acf7,active_retail,216,10924.368365999999
0x7c9c57a1b83dc2adb6dde4436050c5767d0c17f3,active_retail,124,11908.232276000002
0x9b585fde853cd7e8b11a57ab1c5367068ea6c9c8,bot,3286,17698.807481999997
0xbc3bb18ee85a87b025e6eef3c3e2b2b6d0852d7c,sophisticated,163,7139.373478
0xe3e4ebe3eb2b21f58d4217ec5695477f8f329241,bot,753,-10587.667078999993
0xd95cc35ddc5abf0420f0c6979d8ba17ef8e8f1d7,bot,911,-35740.58655000001
0x18029e5df56eb00abb2bf582cdb0136b29c87064,bot,105,-0.09464400000011608
0xb878a54083e5f6528ed28a3daac23d5d540916e0,active_retail,108,59947.431378000016
0xd0ec1e082e164cad0705817e4a41b3eef161717d,active_retail,180,82.95115499999883
0x9af65c17b278d936f0aebe7c7ac4e711bce086a9,active_retail,187,-47.710966000001754
0x78cfb840f0a1ce58afd35a60dfc904ad232d1801,bot,104,11713.978590000002
0x4a0b377d0655542e1a3da3162cae414ca02d2e4a,bot,142,0.0014179999989210046
0xda6fa39fe47572d69067fe4b40146474e9d8ccf4,bot,200,8224.848059999995
0x890cf1f1218a9cba7a6b74f5d94569beedb25659,active_retail,112,117.36027400000044
0x36298db833a1bc840687a48e5258affd07699d8d,active_retail,211,2408.4094389999996
0x7e94044479ecaf25fe4771d851c85f1425119bae,sophisticated,157,13842.105183999998
0x54395d3e1bec74c6bd2b2243284c9ea03d6c6c5a,bot,114,1353.0510930000005
0x48f34f3edc680dfe541f690e60a4387a6af89e4a,active_retail,82,7604.040692999999
0x0924588df156a51f021cd3cd2c1ec85d5647d8ba,active_retail,153,49.00286500000012
0x9cc92a61fbf6d09a2b6d90e47d5a5a41776c7f52,active_retail,193,-3281.5269960000105
0x1318dec25dbf823dda2db633d33d92467aade140,active_retail,298,-1.7871449999995566
0x140a25cd5dbba61238956e48fa24cd1b1f2a15eb,bot,37467,9889.169254000253
0x25e28169faea17421fcd4cc361f6436d1e449a09,bot,311,52044.98565099998
0xbe8b476070be7214c04e2b73ef56ad933157d14d,bot,651,69309.18983200002
0x6287874e98e25aa4f70c9e0a614e5eb0d95c84c5,active_retail,365,50.42580299999938
0xf74ed809cd3a89b0e6878aaacfa9ba1b7b0ddda4,sophisticated,314,-3865.7649100000103
0xccdb7d6b741aba0873690476fa14b365f403ffa9,sophisticated,789,-91564.27731200003
0xb543133e0027ea46ff027365c05da9eb5a9f410f,active_retail,258,96.54619100000633
0xf0061ba5b01c2fe3a821824cf273427333981b00,active_retail,203,13817.169912000003
0x6c852cda2f54a7b802ea57382adb382acbfc94a4,active_retail,222,54446.165741000004
0x9c0552569ba682d1e74d09cf1642b535811e85fb,active_retail,319,41936.766852999994
0x557b6d9e9e207eb0c5b14a9c0cb1a2ad2604422b,active_retail,186,-40.22666499999691
0x2edaf14e8d908ff4d8f76c8d87724e2c480953d8,bot,491,47.69017699999904
0xe4e2b203b9d50dacc3e640e319df8b999164f26c,sophisticated,729,134068.79177999997
0x6e4ec81dce3c1c0713781bb392a14ec5dc50ec98,bot,307,426159.42061500007
0x7b431ae038912786e9a4726bb436ec1c0f4cd0bb,sophisticated,136,10690.344455
0x24d82029f40bd3ebb01b013dba591c0c820e5403,active_retail,150,126.56943999999883
0xc94a2031b8b4cc4cf77eac0fd0e0b982b7b29401,bot,2181,122071.23894199997
0x0833eca3294c30d41c5268c56530cfcbdcfebba3,active_retail,147,52240.215656
0x445d1d652e3e80d0a88dd3b19d0405c4b55f3326,active_retail,76,-71.80000000000003
0xf3a019f6df9e7956f1fffba53204c35367bff189,bot,93,-0.1026520000000346
0xcd61108183ba96582e223d41eb2630a58122f0ae,active_retail,148,4140.383955000001
0x4c9513d634e117d05ce5d52dd4f6955957cdd35f,active_retail,157,-634.430872000001
0xfa53065aeda716621f6e2939bea2a00d75cd0149,active_retail,583,396705.691392
0x291523d3523997d3d71e98e360102ea0dd37e280,sophisticated,363,126.34082300003774
0xdf52d081c4d25e43fbaa1f3608d3fcd22efc090d,active_retail,241,5965.728370999998
0x3928faf6e1bd6763ee13e89aca1cff401e9515e4,sophisticated,661,58537.16527799998
0x65cdbbe0fa6975f641d37afeb32b9d9680151e0b,bot,1139,-15495.056003000025
0xb8596e2e7c2c26b37785a080849fcf22263ce244,bot,1823,115561.58130100006
0xa7b38015ffb0f3fe69e3a71d904ff9f3452892f8,sophisticated,441,208275.63011999993
0xe31678f3b86de34bc33b0c974d281e81ade8160c,active_retail,176,-16.792104000001814
0xe8dd21003e7bd102a90ed6817e38afcb58a4b684,bot,138,82853.32558700003
0xa9094b61c2489514a0da52c7418c08e391466bad,bot,3680,-55.347589999999514
0x88fc8338c846520b03e52cb734e11d20b291558d,bot,353,14521.033826999977
0x474e5f30fed39686e208906d8be17d58658763a2,active_retail,996,-1.4941290000554155
0xe56d7659aa253772410982916ce46913f52bd7d2,sophisticated,830,138267.00304699977
0xf3b0df9db73e65fb5c355aef2234a521765d7ec4,active_retail,119,4.271401000002784
0x44afb452e9faab51c16691ed4cdae11555d1c386,bot,1824,53619.59889299998
0x49cc1e9a27ebf1c419e95e8d0ebaa2e86f1be616,active_retail,182,95591.60386399998
0xff2a3b5fcbd3ce7f1c6eb5881acc7cc03bf3250d,sophisticated,274,-547.4112790000001
0x8af3d6a7885f3a3f3b0d10744d3793adeba6f608,bot,88,9984.916016000003
0x168cffce330225e92733485bea407cf51bbda34d,bot,118,2810.211145
0x9a518e2c8c41311a0fa10135f443b9185644a371,active_retail,143,6.040155999999554
0x3d036f40b22243ada7342a793bd3202267446a17,bot,89,19711.415846
0x92d2df3b1ab87b197547ea6d9e87a121aec365c3,active_retail,139,1.042268000000492
0xf68973adf7a31dcf53cebbe2c7016f99dbb98b15,sophisticated,423,17819.304975
0xa59cf205950f619238ff7d467c235007bfdc6338,active_retail,77,16777.956208
0x506bce138df20695c03cd5a59a937499fb00b0fe,bot,7248,123938.2504989999
0x4d5dd3ceb9ac73083514e435629d596cdf32f50b,bot,159,-0.022834000001033417
0xc2985207009b5869c9926356ab9c953f9539a912,active_retail,198,-155.3862719999961
0xa74117d94a7d71941c440a9f344a45e9a3015c0d,active_retail,116,16928.794789
0x0f84b5911f286637340b155f42118c8019e8e431,bot,216,4339.5144
0xad41b4b28d12f3940e8d5981e208b1a012111833,active_retail,120,9.335352999999884
0x226aca3e129cf187431ce84a7ba83b0575ee22fd,active_retail,414,31310.235011
0x3d9b493cc99515cf341982fa0e221af0be085e84,active_retail,327,-319.5523580000077
0xfb681e23db8d1cca8a6b7e2a70a29e000ddfa240,bot,3190,88819.70693900003
0x1a382b80464f4a0ccb0b1882eb3cb4861dac8fb5,bot,1297,19209.896484999976
0x61831def99fddf037af3619328a76aec648a18d4,sophisticated,319,66901.730734
0x32ab9981fae34298d7e66a205d85e0e3abecf0c8,active_retail,118,8.580656000001023
0xcdcf33e8157a85970d53a21b4cd8465b337ab640,active_retail,179,12.05071199999972
0x3eba55f41f4064bc4b070d06a00fec7c2dd5849a,bot,2236,300.3001959999565
0x284dc0a453f1325166346d63166b1a6b8194ff02,active_retail,156,-18.071499999999446
0x057066ec6fafc7406231cf1c5a8447291dd08cc6,active_retail,157,-3.8683789999995284
0x1a1f7aae1099d5a72e896fd9b2930614ca46a42a,active_retail,135,-195.8948829999995
0x4961aae1b0ea7ff8b1756150f5cc29853ccafa7d,active_retail,185,24186.302159
0xa0f8b626bf42c179ccfb8abd67aba00f1363b80d,bot,111,149652.735912
0x540b18a223aa62c988f14c78256b091d1a606585,active_retail,363,19.8381139999924
0x33f243565ef3310f2796f34188801f53efa04e69,active_retail,355,21305.570266999996
0xe65aa09ffca6d852cd9861a25795193e37a44a49,active_retail,201,3208.2857859999986
0x596ac7863897df6610ccefc5a7bec753b0074207,active_retail,294,-14576.524386000005
0x330986c3be7a9645fc41acf61ac961ce02f8f482,active_retail,71,8418.711877999998
0xe76fb0b37a72e195f5540cc96e5c034d7f010dd7,active_retail,111,1950.2372680000003
0x81d26f2a674f82031e054205877e0e38a7aaff5f,active_retail,200,47371.887621999995
0xb76735a3dc4a12d07e2b5adff2f935feac9636b3,active_retail,121,19770.186035
0x6725a618a81fd4be98e759b10e5e6366bfc5898a,active_retail,142,26.18649699999878
0x188631f7ecb53f3b45911a0753f780bb9e532beb,active_retail,132,30563.936349000007
0x96f452cb979b24e4ad4af05338b7a34a60d7edc5,bot,181,24760.181313
0x858c508a7686ab28dc46a0119f629f110e53a5a0,bot,1533,20998.486851999998
0xc7909e43a8aca37505cd415f5db4ed3d55d7cf15,bot,253,18.20178600000233
0x9ec7da81a2da3d47a47dd281b1ecf2cf2b3a35c0,bot,108,82236.82297699999
0x90d42b38aa7ec4733f5dfb8cfd76ba258c6912c2,active_retail,108,6701.309425
0x0a5246349c5cc565a798a4e1836768fabddb98bd,active_retail,83,-340.0136210000002
0x46679fb51fbe6772b5c7d6c65983a55f1cb1cab0,bot,1753,18761.49877599996
0xe85a29942876e05f8ede2fd04e9442b1aed97a29,active_retail,226,100.00392000000005
0x39e8bc6573c5f823678a0c4e2ebc5c22963f50b5,active_retail,637,43.66934899999291
0xbdb05a6bf32b701e28338c13c873b43fcb1af688,bot,823,423318.4538269998
0xe5032daea02164dbed5702d5ae1727650730c70a,bot,5160,41124.73998100003
0x82abe83edf9590e7a16c95c180e0816219bb3419,active_retail,170,9290.986567999997
0xae12d6c6f2c69ddec590c9d974ae542e553b0f69,active_retail,143,-968.5194850000007
0x877f8a456bec904261bc5cc0fb7d8443c5afc7f9,active_retail,123,-3042.143
0x89ab8145c942096420a69d46503862dd4d60ec07,active_retail,166,48.250882999999845
0x2148748688109ca8568d4d6f4685de8e1fa80599,sophisticated,411,-11059.501167000002
0x65513bfe5909cebed8ef6fe3bef55371c4dde043,bot,589,21129.313119999984
0xf2f60e212496ca198f809d3e4fc94e5045a39249,sophisticated,115,8667.936964
0xfc0a9da40583ebefe0d7b4290c051c0b2878848b,active_retail,77,2008.8316739999998
0x6902816f7a94ac7a6ca93ad78bb67a53eb3d5548,active_retail,128,1836.2617400000024
0x8c90bff94b638a64c0377cd66f4c5bcba4e46e09,bot,48104,56357.770012999026
0x2f9cf9652cc6341611eefe93c35395b917383d1b,sophisticated,151,-1160.530283999999
0x051d5b6187d0626193923866017abb2d31f07679,sophisticated,370,109365.002891
0xfa3521b846ead76c1d74026f434335a471f49578,active_retail,130,1.1759230000016032
0x4e66442096ef77036c7de73517738e3536c62c0b,active_retail,133,1245.523689
0xb06cbdb6ec3fdf594ca4c3ccd4031f4ed0076961,bot,5301,-7631.100284000004
0xc08902d547d9c32038f384954406473b76f27f99,active_retail,170,-23.71241099999986
0x543fe0e5844d919f30770dd042bfbffb185f1f89,active_retail,74,7800.634575
0x67c5c5fa4753b926bf624c0e143e85210bf8ea5e,active_retail,179,361.6965080000002
0x0f7e492bff06dd5ec4ce8d75c1302f533e0b6f18,active_retail,77,5374.7123820000015
0xbc43a2f0deb85ba4ad316300762972089c911540,bot,290,32422.60872500001
0xa0a8f723c50cc0aa7b25e92e890d75e66c5103b6,sophisticated,263,-305.0033279999991
0xb2582416a962941709b3c44ce72f567ea91761ac,active_retail,284,6111.924065999994
0xcaa28085995bf37aba2deda72e52d020a9230d9b,active_retail,187,-3706.592807000001
0x6ad84c09cc2aa6f30e26c8ee011c2fb55b455780,active_retail,183,472.96989299999973
0x915f915b6c6f064acb02791d7db895c2336a8066,bot,53,4999.0
0xa519bbf39e517321edfb0ed3034cede27226eda4,active_retail,230,3452.2264080000014
0x2339c0e7e25fa79290fabc215c68cec15d1439b5,active_retail,107,16855.450975000003
0xb0f6e22dd0631f197e627f8513e200029ec6c328,sophisticated,330,-2200.3346040000033
0x20f7e1d49ef679210746c50bbf8f365910bbc804,bot,112,5402.708065999993
0xeca90768e22b7ac913f28bd2d1a9d271f9e08c9b,bot,11100,3636.3736960000015
0x0ec21a95c5a59e80dd7e8b94b314d52dbd6615bb,bot,530,-973.0527559999999
0xf4eeae1fea308806e6c90589406121ad2c98dd88,bot,16039,-1947.1594260000004
0xa340e4ecc993385e928449053968dbbed7aeb2c4,active_retail,163,-29.04680500000029
0x8d527a2925f9944b095aef4550c6bb28a6bc94c4,bot,514,7539.049464000001
0xc99bfc2d40c4b62277372074cf825c898b30bc96,bot,300,-26295.562937999974
0x3ca8248489ffb6b4ff6913dcdc6f64e15bcebfb2,bot,1961,-1664.5235620000112
0xdbe766706cb486edd410b66f60ae839f8d094011,sophisticated,70,1164.976591
0xc9286cf9bff878d2548d95b46b56feaed325a64d,sophisticated,99,7139.335532
0x386494a7fd44252f020248bed9b5b6c129db1722,bot,72,177.47159100000005
0x875914c5a7a51680952d4ee0640c2e77594ccd49,active_retail,51,2398.5
0x5ab571f25d04d81088ef4c007679e01978476f79,active_retail,226,85922.846437
0x0a0ddca2cc551c86f7c75f31b67a664f88e62d67,active_retail,169,3.202849000000242
0xaab2fa5dc7428f278c5e2e452b6b1414454f5f0c,active_retail,225,52.925053999999506
0xc617591c16b1f65d5ddf22245d2a26d838deb183,active_retail,278,25.703741000002537
0x650a96777ab0f6ba2d560d231745f9b6fff86eb2,active_retail,139,110857.619634
0xa90b485656a8a5d984b9c3431cde0f8abd014363,active_retail,112,-0.7566539999993389
0x079e15961cbf026546d8068aed05121815ec8254,bot,352,-25993.292926000002
0xda07497f32420d856476f54a1b3d75e327622733,sophisticated,292,-16222.756358000028
0x6431560be1eeef39eebce14cfcaf6090f241ab69,bot,147,5679.514641999999
0x5073f820fd6047d54006702b4b997cb3c8bb6a0b,bot,88,-748.0467840000019
0x5e7c52ad4cff267e7b7c1d365f716e0d20846751,active_retail,157,-140.7093690000039
0xb89132b49d2dd8e3ee6a23a645851086aaae8b9d,bot,173,-22627.53222100002
0x50b96e9b5ca0d2a4d93930fe9d552c8112fef59f,active_retail,103,0.5147179999972273
0x46050b5c1a984cec0440382f5c48a14507873aac,active_retail,138,-0.6872670000003753
0xd4000f25af0c0a621626bfc5cb24ae83c3599a05,active_retail,138,122.2768270000018
0xaa65dad4b62c536914b0cc628fee19ec42516779,sophisticated,246,-142.55568599999984
0xd8fa2e16f9c339d2b8abd4b5133456878b9f22d2,bot,108,-27.723576000000207
0x067e549fc1eba9aaa54314a414dea512eab6e021,sophisticated,100,8732.48296
0x48ec90182704c15ddfdab7de77d9f91f6c9d6a13,active_retail,99,23.36926700000005
0xeb84a290ecc7964cbc7d593b274d7d3c59ccfc70,sophisticated,148,7930.906597
0x9ec91e9fd493fd370c228ff460de5bcc9df28d0b,bot,275,10063.389494
0x03af061de956e95386184d19685f640477fd619f,bot,164,142235.229313
0xda3a9b7afff7b44ad4fd75308723194e0a11381f,bot,193,15823.960337
0xae9d61f7a9e3afcbcdc9666234ff7ec43e5624a1,active_retail,88,660.0747079999959
0xc86db555895002c6b8fcc26939a245ea91bbc53f,bot,1131,-5683.337822999999
0x0ff5a33586e60560a4cde9af107b335c89700341,sophisticated,190,-156382.00231999997
0x51e86647c9e356267cac282957896d6afe5c8372,active_retail,111,-0.5407979999999952
0x0d4d2ff12584c2e84ad565d48ce2177b368bc76d,active_retail,150,217.47558099999713
0xda8a3909201fb6c233f5a28bacce1ffa4468d188,sophisticated,153,6457.908787999993
0x9bfa26e9021c3b268530a4c951d466d7002386d3,active_retail,70,2862.0214829999986
0x25cdac280c72b75f83615ac896c9c49389f71c81,active_retail,106,4797.140415000074
0x04ac5a7bf317decb74d41fba56f006288f5576de,sophisticated,365,22879.845558
0xc020fff9c60e009dcd9f5d7b60e77f6edc662d29,active_retail,129,0.3254000000007409
0x572ff65bba71660a8876556e2c53a5412a277c08,bot,358,20306.453676
0xb602025c5cd171e4fea5ab79a8241c223f85c4e5,active_retail,167,-112.99988499999988
0xb844f5d3c2b6cdd46daaca8edfeaabe5e7ae8622,active_retail,113,68.53220199999964
0xeee43d472378d50ead0fe8bbde1daf9bc7a79674,sophisticated,781,24483.773057999988
0xc345fff18852dda0dd63c555a15d8a61995e5a68,bot,643,2538.4619440000006
0x19124cbd1a6fb58001225bc3a58f0e4b1e8ba999,active_retail,131,0.09039600001067516
0x1bdb14f1fb8e85590a5e08eb64b729ffe827a2c4,sophisticated,100,2165.618795
0x7a1c43be1101356e66a4b628a8b40a9f0c1ba99e,active_retail,184,2870.4263159999996
0x3e0045f5c1de3b01b981d424691b4ee7e0e5b8c9,bot,186,-4197.391093
0x9a20076823e2bf626110afde6eda06200a629cb5,sophisticated,633,75758.40151699995
0xed44745e45a6bf424f941cb1835b9266e386a004,sophisticated,626,24127.681481999996
0x56bf69c58e6e885634306af48a5f49da047012e1,bot,152,198.54409599999983
0xc14acaf67face99f5e4df8e204463971df4f069f,sophisticated,77,6909.127388
0x799a338cb47c13f4ba2bff7fff8c07427d4848d6,active_retail,319,9435.165687
0x04a784469361d7373d631c17dc498605498af4f2,sophisticated,300,6584.288183999998
0xb8fc7750598467f32e4e356509774fc8a0f4fbea,active_retail,207,2270.645573999999
0xb5320ec9649903bb2d15bd4bb69b776a309a7028,sophisticated,752,151438.21471299994
0xcd598a7647855611e296377656dfe2aee03c6749,active_retail,157,-322.9002190000049
0xbe2e1730b1c3a29042c21bdfd0416c631bdbeb40,bot,7105,13376.543160999954
0xf191b177ef1ba89bd5c272e3cf6689c3bb7c06e5,bot,3663,-43.99655200000137
0xdde834a58929c15c31d750b1e1c80b22b34da329,active_retail,120,-64.90986999999977
0x54520a0661afd0c6580ce45773097c0f0c2f6f80,sophisticated,159,53984.066712999986
0xaed33c6eacc8e666317e2a6deaa2b0f8e2370a72,active_retail,121,-19325.424358999997
0x065e295eaf30e94f1b94b29e843db7d131a379ad,active_retail,156,12357.487049
0xd4696adb3c4374b10608d2423e43a033f061da24,bot,1071,32749.26618799999
0x5dc2d7d9761bd24280e822dac42166af4c9df4b3,sophisticated,271,9386.994337999999
0x951e14b190a1667b7a7fa89d8be5d53c8e7588c0,sophisticated,140,-1873.5449000000015
0x66c3baffae94fdfc5a13a6bbcbfe8580fa86f9b2,sophisticated,132,11431.175157000001
0x0650edefe1f8acfc6be5e89b624cfbd1d174a2ee,sophisticated,296,14.299774999999954
0x5fcce22dfc67af4cd1349335c7fab6674ca903ea,active_retail,104,75.393784000001
0x036d35724255aa1df0f23d6d71402bd69d5bc740,active_retail,158,35.871254999999536
0xb8cd777114b6cc4d488e79eff1fef91e1c521f4b,bot,102,103316.5
0x83fe60b110cdf044d5338accb3cebdd4e5416b61,bot,4765,-176.85589699999457
0x35cefeafd26483fb669f1a03d3c67ee657432e38,bot,759,17087.069140999985
0x0287d74a463d10a8e6ed0f217c626f549b46b619,sophisticated,337,599.1307720000059
0xe1b27d219c6df7d3ea33e0dc3876fcb5d32a5519,sophisticated,86,14872.323374000001
0xc761b19de4403549f44830b9a03dadd7b08c793d,bot,7251,11490.792167999969
0x7a0fb229f1cc2ac8f2e42b62d0adc8d2266d5c1d,bot,71,3589.8768430000005
0x2c57db9e442ef5ffb2651f03afd551171738c94d,bot,9835,765071.9927579993
0x1555081c57ab05c72879becdb349003f221ff8e3,bot,1708,2267.4149729999976
0xdba17eda86b4041bd68039a980642e508e37ce47,bot,319,-8.621873000000846
0x831977c187fd318129940790a586d99fa06fe5ea,bot,91,0.0028849999994235986
0xc9a7d89bc77f584a6217252f61cdb8b231bb320c,bot,4390,-0.6167229999976129
0x55f460c37cae7e54b54aadd82791f331c3b42d9b,active_retail,272,6755.610879999997
0x64c45924d21fd5e21578134843296fb27eb412d1,bot,61,2387.8772530000006
0xccc4e132674619c6faccfeb4e05d6173088f9267,bot,44709,4640.728037999977
0xf4e90dfd63fec36a8c62f51f8c0733fc6315245d,bot,2314,-77.8320089999998
0x716b92b84e131beab7769b5cdd595b0f18e7086b,sophisticated,145,9384.053189999999
0xfd3cda27ca8c556b155190940eb102bd2f301301,active_retail,258,29.199786999998196
0x62257639889a39905b763ad9720bb575bad05eb6,bot,2194,-49.60957700000007
0x828bbc5d56757177cc4bd0d36b4cb39875f9cd72,active_retail,107,2.7753189999993992
0x3419aa0a2fd9db8966e83b9bfc566b6ada3f58f3,bot,3475,5.810397999998898
0x1057e7d3ddafc60a4aeb10a2bc5b543792449ea5,bot,2269,641644.8084910003
0xe5577d3b4e1db9f99ade4a047c834466c14598c7,active_retail,142,-24.653275000006023
0xd25c72ac0928385610611c8148803dc717334d20,bot,880,341209.567748
0xc30dc7de7dddea82352a68a2550d23545a55544a,active_retail,58,10.887600000000035
0xd0689a67bb1f8bb46141d1033d2a9b787bb5d77a,active_retail,66,2.2864830000007714
0x22ab97627a46eb3b8b1ee899ef495e05cfd84c03,active_retail,137,-267.79951500000243
0x27ac8b8968a411c3017bb9c518ad816220f8bd43,active_retail,97,-10.112561999999798
0xc5879d16b6ae85cdc90e0187a4c6f70bb705c155,sophisticated,111,-4762.837823999999
0x239a862326f3570f12af06ff80c0b398ac7776e5,sophisticated,917,24416.32576400001
0xd6b3ac4db1d8ce624945148bdbbe9ba157c6a355,bot,152,-2512.780904000002
0x235c5ff2b0da9da156d9875670028a79858978ed,bot,1777,7.781354000006104
0xd7601db272f34ad41b51e36fde25b89e3ad65f87,bot,3409,7431.666207
0xeb25989daa631877d17d5555a3386e2cd73523e1,active_retail,221,237493.325187
0x31aea27d6d56f453f84e010f17831d17834ef7f6,active_retail,186,113.91255299999985
0xe0f23c34f07221ee7d9af378e080e64739e354da,bot,1760,-18.5798979999945
0x5ba757a8d454785688395c0272bcdff7c3868369,bot,1715,-7.401428999995915
0x1ff209b947a0137642d69b878bfa17e6207ccf14,bot,108,-2.1218800000000115
0x8d62a82a66077f8a67bc9e78f01f4e0ea3c2476c,sophisticated,149,11585.845315000002
0x1b9e06220ed48a18ba8a3b05ba6899ae638c0262,active_retail,561,-12796.220050999998
0x23dabaf01bdda09778ec4dff543853fc28fd41d9,sophisticated,100,14118.764813999998
0x43fa5dad005ba6f4024f82714b7dc6b6d0c3b7ec,sophisticated,174,125.55946499999867
0xd12f9801fadd244372c4031322ef3b84ae81820d,bot,290,2198.422125000119
0x82924d774eaafa9fedfbdac9435510fa4ee610f5,active_retail,83,18.584249999999816
0xddbe2c391af2976154ed7b5f08273f4252fca4f8,bot,3740,-65.49132000000037
0xa55a153390d5c87cee9d7889770eca056bab72c3,active_retail,128,-60.36807900000002
0xfd905f2d53a21d30cfbf51d8d6b9d663b5ea87ef,sophisticated,148,-292.7693240000108
0xe6179a527b757d2d7cb804de789b7bcf92f279d7,sophisticated,85,206.85288899999938
0x78f696139210a04495c483b30306d8b73fda3d0d,sophisticated,79,4796.5
0x875c3d2fdd815ba177c4ef76a1b65a07123b37af,active_retail,123,18661.261207
0x5baacdd7e59efcc7f47e57162da30acec102de7a,active_retail,69,3024.583285999999
0x540704265d76bf8a590e4fd207ad4bcb969a82cf,active_retail,124,16707.676524
0x662661f1f8fba5865e5e17e5788e3759779f01af,bot,95,11754.469236999998
0xe0c461a8d43db4b410c94dd1805e63464720b84f,sophisticated,164,23846.013967
0x4162b49791917d22452d7dc18a3c9f75bc7446cf,sophisticated,279,-898.483727
0x2824ab453e1bcc26d7fc44fcbf58d07cb8e2a954,bot,532,-183240.977701
0xee30e5174dae1fd602ff1f06cc398bf67a1f9297,bot,146,23337.092276
0xe2ccb3c04b652fd2293cda0f42fcd6d6e3df72e1,active_retail,113,26.33837000000088
0xcdceaa6194fced074ad225a03f0aae94a735573f,active_retail,259,-332.5528309999934
0x1ecb48cf99bbb24cccae1a92deb1a6eac8058bf8,sophisticated,187,-579.2366129999994
0xfde7b3370c6ea0830f5c9e92fb02a620b20a4492,active_retail,133,10.496456000000563
0x1ee7a8c5dddb414259cdea2708e3338c0bd335ab,sophisticated,310,37115.302068
0xd1ff920869d5fb0a408b9b496e970fe1f0e4b840,bot,1774,-39.81099099999301
0xebcde92e1b04b9ea40fd3554ea53655c1a7e0995,bot,514,2917.9944489999993
0xad980b7a9f4cf871c1f02db268918a92231066d7,active_retail,143,695.6155029999999
0x49f45459a1f3b38062f4e6acf741fb5c66a25f4f,sophisticated,211,1279.5078570000005
0x10363affe195cd394b87e2509479a9ea9f6dd0ee,active_retail,102,10452.033370000005
0x7806f8b8509af97cfc5b7b19d1abc8341db6ae3f,sophisticated,118,6067.577525000001
0x895bdb73b9c51d70e11b91db9608a1ae0ed5bc8c,active_retail,146,46.52720999999997
0xef58e4c81eef35238c86a200578ded1e10196b75,sophisticated,389,47537.15373
0x8e9b3c980161f07586930799c80ea6e73033026b,active_retail,340,8.352548999992905
0x97806f1941a9679c9d33f49541412480d26b16f0,bot,110,-4470.372769
0x72e64b9ea0ae2f388b6e7ef8a4edbabafdcdbc6d,bot,348,5045.726718000001
0x3b5e815e17e08012bb24047acab8232254cf01ca,active_retail,114,14.590439000000774
0xf73c48c36fe1f0feb08edf2b16b808c0658bb691,bot,66,2960.0
0x4c1b46e77553a70277c0917f7d26c7059c299e26,bot,3588,-18.965616000000537
0x1ff26f9f8a048d4f6fb2e4283f32f6ca64d2dbbd,bot,5340,1799576.491393001
0xc954ecc4da66a32e63ae70d25107d7e332ce1c82,bot,161,204.2403939999972
0x8173f5966aae68a16e5a2d0910c89970a0c78a31,bot,286,4000.5493540000007
0x85ade920247bb501039d2cd63e7b3fd3491d16a8,active_retail,63,-1000.7110539999999
0x29d683970afb6f722ea1f9d4417c7ee7057cd57f,bot,1758,97912.57137199995
0xd41dd467aef681fd58fd9c148836424ad08a7eea,sophisticated,222,372.279863999999
0xfe603c3e39333ceea8c5df423e2a46a24d993929,active_retail,131,17.19611999999961
0x673f04cb585fd6eb918b6930c3bc885bd011428c,sophisticated,144,8945.181892999997
0xef50f0cdb8db77a95ef21570e4121844e946db54,active_retail,125,9891.094177000014
0x7e47ea90028c0aa5a820957b03be70e00855c088,bot,409,-10778.784328999998
0xcd98f804e30ac1daa5f483cbd627ee5b9dea0a30,active_retail,41,2465.3512969999997
0xc7d2285ac768a71787479448f9deb97ced9abb65,bot,593,129214.35003799995
0x24ecf2eb64e13dcd68d5217952acb764ce97d24f,bot,5634,2243.687893000005
0xf1a44b98c346fb68daeb910c3cb3dffc27d3819f,sophisticated,497,32427.696032
0x2d54927ca7d4378106f9bab40c5795bf44453a09,bot,114,619087.398782
0x1e5df61c9f6fecb9ea57c59e1663f58e5984f75d,active_retail,265,-7739.1524169999975
0xbf93328f8b69273453228a82c913207731822fd7,bot,1599,-24734.457222999998
0xa62d6ac4ab0d660c65d9863387a2f469189f885c,bot,83,0.0024809999997614796
0x5bfe09a2e6fe9e45e03f823f1c01973a0c00c677,bot,3641,-54.62046100000199
0x539b5156be9b908488ef7469fa6f24b81f9c23fe,active_retail,64,7485.749983999999
0x645d90090a763835cb8a6e2e7872961e00de4da8,sophisticated,178,138.22338899999903
0x3b6f69514a991a8014df6af4fdc0b5d464236b78,sophisticated,442,-100015.277293
0x4697610e02dc6d90046e4d21a47e18fc4a7409f3,active_retail,88,-585.447999
0x2c9940c3723c9383f66e0fa1c80bfc8019328f09,active_retail,91,9300.134386999991
0x071287da91a2ecc8710187e52039d7828a5af71b,active_retail,792,1483.5453770000008
0x23888a00f4e0a6289c96e93b8f890a0895c968b9,sophisticated,87,-4594.8717560000005
0x9c874e5326c3fd72cdf04503565c38b822f92e1c,active_retail,95,1103.1017780000002
0x8e325123af7182b922c8b67d5755de1fe5828664,active_retail,78,476.209765
0x6faf211465943189c996bc15da9410b1001410d3,active_retail,125,311.45726299999944
0x0869040508cc1e6adfd85aaf0ee5b85ccd40017d,active_retail,163,-244.4342730000035
0x03363caa08ba7eda56f093c934ddcdf0dab427a6,sophisticated,87,-6717.582123
0x68a999480af01bd40175fe965350086ba095e73a,bot,275,3250.059146
0xc37002d5a6307806d3b2fcfb3c2c205a11305c89,active_retail,69,2238.543391
0xe7848670774f2d2f3acec4d74c5ce5efcea5f309,active_retail,199,172.1185590000025
0x2330488cca98f732418cc485b64fbf4e99bccb2c,bot,3462,7.913186999999034
0x01b4a1a83db72312700025867ca5a51232b7ed67,active_retail,212,-26.87962800000133
0x949825f9cd36f91aeed6ff589c2d56872860f522,active_retail,87,4.62140000000003
0xb88ff7044b8d24803894dffb0f6a7ff8af540d8e,sophisticated,159,-91.45718599999711
0x82123140da0fea5f7bb9ef37b8652cd2f54e51fc,active_retail,253,-8.810331000002407
0xdaacbf075881e1d897b64fe98999d3322cdecef8,sophisticated,208,1673.208822000001
0xe9bcaac97f80715ac817b3900ee7ff5b4b71b5e8,bot,206,48715.56889799999
0x989b67c86daa5675c2a7d0ee4107d2a38f628ef3,bot,2778,152340.29214000003
0x186b37212edc577d83e77ab8bb4ae04f2a716a9e,active_retail,148,-29497.860260999998
0x29e4d8fa226072b6b0fc803e2d28aa80c667252f,sophisticated,247,4372.224775000001
0xc3b71ee4b5986f096f572dd63b2541a942fe36c6,bot,84,0.002192999999579115
0xda95ff1bed233ba57a47df075898e6a39fdf289f,active_retail,109,1941.257856
0x4edf61d470322d84e20776a8144273708be2d01b,active_retail,147,-152.36265799999975
0xd524aafb1ed72b2d53e58abc08cccd005e498b92,active_retail,197,102034.95405199999
0x6af2daa27e9135ff6d306c219749dbd9e8c5971c,sophisticated,125,5819.787399999999
0xdf7c8f2dfcf6cfb635baf6c809b2b29ab4ad2d43,sophisticated,82,-6591.686158
0xd4aff779fc48b2acbf56d7c149bb19ac537026e7,active_retail,91,28.556085000000234
0x1b9b4084154885f2fa8d2c8f4369429c5670d1fe,active_retail,126,7705.026743000003
0x83eca52a7c14a0fffb2fa09e7d3f6df5681cf4cf,active_retail,170,-2.8860530000001745
0xcea0d127d72a9019956a18333a62fce3b13e5994,active_retail,72,3501.2220700000003
0x3e0d37542e4e434ea4bd6e44e195d2a4bff1e0e9,bot,75,-2.2737367544323206e-13
0xca27cea6022642ce93f646828470f3daa0798ed2,sophisticated,117,-4031.0086360000005
0x277989790d4a8c782d7a4992e13c2dcaa031239a,bot,93,2400.5081029999997
0xbac0f1f9f004650e85f1ed3c757925317a43bd89,bot,122,111445.948513
0xe6f3c99c9f495a3a0b3a799865d3054e8ec8db95,active_retail,81,1467.2676580000007
0x92a112387bab335489220f18de39de4d281ddd69,active_retail,272,-273.2856770000001
0xd22ec7c1e630e846ce726bdd09db43e939b2cb68,sophisticated,416,41235.581851999996
0xf35da228fde974a525fd7b47ecf1f70f32a66f23,bot,972,129.97365600000035
0x93f2e2f8313faae5abd2ff06623ef69917eca879,sophisticated,285,5293.606437999997
0x40324412290b9d311f03b707467c61d88cf141a2,bot,3860,923705.7949650005
0x61d16e9c721f6d65579223c99d93d6fbb41da379,bot,472,1024.421665000001
0x2ec2ba4ded5dd4fbbf61ee888cef95704872aebb,sophisticated,383,-1187.5807409999989
0x343d4466dc323b850e5249394894c7381d91456e,bot,1291,2604488.898089
0xaa094ed4c180430779de4700770c51214bc7dee2,active_retail,65,-89.98278500000006
0x41de6f63a1ea2c4aebabef285b0a46d26b8b9886,active_retail,294,33373.732877999995
0x348f94e431ed2ec8256e37e187adbbec440ce570,active_retail,251,-58.8085269999994
0x3a1d148636235f40c4f341df61aae212cdd2b971,sophisticated,385,8816.060641999999
0xe9c2c551bd004087a71780c4a8d68beef9f067e1,bot,225,71.10103500000059
0xc73660dca36aa8bf721928b4408d58262aaa7255,bot,487,17191.658358000008
0xe5a984efa223fe52855dac5ab815725f70bd1527,sophisticated,265,179.2842360000002
0x6efcf8f2bb054057ae8b044fb9a746b13b61c98b,bot,119,34595.706656
0x745795ce327fde6614c0452da426a3b69580f550,sophisticated,93,3967.39329
0x26dbcc2e2166c41e25d6f3dc3141b7f1ada26191,sophisticated,301,9727.830431
0xd4e5bdba750cc82e73bd6949061b85e67dfb2537,bot,2607,-6391.0034300000025
0x4dfd481c16d9995b809780fd8a9808e8689f6e4a,bot,1831,395086.8662850003
0x81ecce8b313baab53560e389b48359b16aa4f8b2,sophisticated,152,6552.951202999998
0x011c2281adfe2425c99e4980964a3d3c210b31df,bot,1458,-7317.818846000044
0xdf009d840bdb4f8d8973fb37d0bed28b2e4532be,sophisticated,543,1042.0015249999979
0x0661ae7bdffbfb05ad279fef68e823cb55643b4b,active_retail,68,212.937143
0x6f7d7f0096e4225cb362e28178142885c0852fc6,active_retail,250,45.041897000000375
0x0710a67b864ede4c70e2f691bb0250972100ebf5,active_retail,52,2402.737146
0x58d1ed1ca8d421391c1e5a63f81114118ecd2056,sophisticated,130,1251.3584590000005
0x6806d7df493eff17454e508801d7491b7fa43f94,active_retail,68,9328.935758
0x46fb3e01e453b5f531860e1f8ced3bb3cf745181,active_retail,99,2.8323029999973306
0xcb22792e6e6f3b0d10118e59f4c3b8b4b0e12143,active_retail,84,1214.5
0xacf666254bfbbef2af5c721d1ff3a93b786f7376,active_retail,101,13049.300765
0xe4a48c17cb17dad18709904564c978b6cf8c520a,sophisticated,261,1788.6056610000007
0x17209e9278d01e777dfe200d86d261365b4f92d7,bot,53,16191.369659000002
0x9d59d98e06385eb45423285a646d02ed5892778d,sophisticated,86,-1164.7433570000003
0x6512b8a6cb6d4a620f4a6be6cddfce63efc53fbe,bot,1214,468.6110539999986
0xf3532f578008dbe465840435ee02890eed2450bb,active_retail,69,-27.073785999999643
0x13011e53b41da953a9472d0cf49721289f1efb4f,active_retail,186,131.47816100000202
0x93c565b66dc46eb12bfcc740ca56f98815847823,bot,1633,-291.0466290000013
0x57fa2496a1fb2983f2d830683ce39f03ee58dda8,sophisticated,138,1876.1314390000002
0x52785a7ce00c1e238126b7bf5845d56e074e5f13,active_retail,65,246.09434700000003
0x67ee86bd8d082db2d3185e6fd8595ce6ccfd9311,sophisticated,183,-1117.359533
0x93953e02fcce30e96c6da0db4f23d33045eceafa,active_retail,182,-86.29394600000023
0x3bb54f6b0a261bf69ead32c3482d00b669cebdcd,bot,2379,0.22320000000094353
0x1b8b6fa0de6a5b5db4b52543f968d23118acb709,active_retail,87,9.20247700000035
0x8b9185b64959088b68e25699cb006048056c8d0d,active_retail,91,608.8861969999999
0x986c1061137272d8b765bc2ea545e86626b67e06,active_retail,121,7730.324660000001
0xa4038c6568c39078f716f5d3940160b03546579a,active_retail,143,-30.04622099999972
0x6becd435bbe353e040348e1a372afa7e8fe2abb3,sophisticated,148,882.881098999994
0x2dc256212e0640ca3fbb0432842b7b82f858bb86,active_retail,64,9282.311572000002
0xd5621e7e869ff434d4f0db291608e4c2a6f57e02,active_retail,79,17.775598000000173
0x80b901cc0f14b7a2d3c6e4c3044864c3cbcd8d70,bot,73,4.742404000000533
0xb0fce41f2cf9aa81901d636488428ac84f653683,active_retail,138,8038.859352000001
0x617eef4b10804dc2b2cb438a8537136890842b32,bot,66,1381.0196730000002
0xeb71770f2898b45ebd1aedf5921e414ec829f4f1,active_retail,73,5550.123186000002
0x707ed8d08c8f68e82f8a80e2a6e287d82840cc83,active_retail,148,-135.78516300000018
0xc703e8bec77521afea724001a663f6615297c3d5,sophisticated,141,113072.716608
0x1403f44246d5e7607307873a7138c80822e0fb5f,active_retail,158,-21.67639199999951
0xd9dcb1afa6e9235d80789b77d1b92fe5e89a7698,active_retail,146,1570.119048999998
0xb352858ba3064e16bdf64a38cf7c24e75f3f1d74,sophisticated,190,-9726.582197
0x6e43f9ca9d0e7a076449ad5ffb2f7645ea95965d,active_retail,97,14849.099377
0x8ac3a7dfd85c000c38df389e021a0d3da2b90a66,bot,179,22178.406027999998
0x173fd5385c94cb2d2733fa642ef4bdb5861769b0,sophisticated,268,15655.399617999998
0x606bfff334bb5d3a744b0f31e47a2bc44d0cb93e,sophisticated,169,7117.736158
0xf38ec4a7fc0ad7b9d749a0af6680797d2f4fb088,active_retail,155,-1150.606311999999
0xa2020e0f0178b6c8ed31b95c685bb5ed1212ff46,bot,81,0.0006099999993693928
0xc4d4fdda304020fa6173ada1529764141f038805,active_retail,109,-2499.613183
0x01f0cd0e9dc83d22aaf8bfe84910c7ab780bf002,sophisticated,367,434.32297599999765
0xd2aceda954b0938903a86ab2e0683aefca5ee5fe,bot,4526,2852.864845999994
0x0de2c7885bd543f6bc8a054c3454fdae36d135a7,bot,3996,2671.0759290000005
0xee602af9c642c0dbaf02ef4be0b595b849946902,bot,241,779.1316629999999
0x003932bc605249fbfeb9ea6c3e15ec6e868a6beb,bot,45,16906.403897000004
0x22b61674138d79573f8ce9274b4b82707a0a93e6,bot,1394,169.0655310000202
0x13987516de039e19120fa448a968c0401c1b2832,active_retail,56,10447.24
0xab158b8c501b071278bede35a685f5709c88f7b5,sophisticated,107,-43.60112200000047
0x54ce7dd357766fc3255645e55ef41edd51cc9f80,sophisticated,101,10538.047313
0xfd8a58f0ce9d3712f786b44793a75f8d5ca323de,bot,6973,-117.88910600000268
0xd65b10efffff1e65d22f7caeab4dac7ce40218a2,bot,1747,4972.530556000001
0x90b570c1581874a2b5d7d4ada8f6e6a987e7ea5d,active_retail,97,4401.088135000001
0x1a5e47b743e468c06371fbfd13169099b32d45d8,active_retail,150,23503.591000000004
0xb866e020d08a3257efd7ea991e56a8bcb8d7977f,bot,395,143.05199399999924
0x34acf1377f1a6bfd7f5173049c2b4250ae9e286d,sophisticated,282,-22863.00649499992
0xd4b8bb3e5e56961f21d6d021c5c6e6a5165f5e11,active_retail,147,49139.93425399999
0x99a01caf1204e66b9afa8293515e28da6cf9a6a5,bot,238,88.52374200000003
0x8b4cb11b5783566adb26d9bb6301a518f2d0c95c,active_retail,77,3.961794999999711
0xaf319fca71a718e9256436eeb5abc65b38f2d3d1,sophisticated,311,-2182.3166150000015
0xce79ec87d26ee8117f4b6e22ba0beed809ebafb6,sophisticated,92,-2294.795886
0x8bbe219f3d45750ff5d57fb8139732df3eb7fca0,active_retail,250,2500.6397699999998
0xd0fe16cd7b87b4f81dd65415653fcd16f10cede0,active_retail,289,-18.627617000005422
0x94f0515e41f801e855828a61e4b4d1fb897fdd8c,sophisticated,301,149.6660000000005
0x182bd8bf2f11a572c4ec686aae3a0d919adcf3d3,sophisticated,508,-13891.925926
0x2eed9db77bc86b46e2b8bfc2b4a60d87ec9e85a9,bot,720,14.81169399999817
0x017024dc0de696448aef2fc22f073209cea8a17c,bot,933,-5404.390824999991
0x79663351d6af8b2f92c0fce0acc9e43286e33fa1,sophisticated,150,-5207.442778000002
0xd879e75a0b8d9709bd82fc27dd283a00b3794235,bot,11684,24641.289998999957
0xf2e6c1456a60d93286ea67d10ea635db1d4eb240,sophisticated,83,8740.289410000001
0x20201ac508729de079c9a330aa4baa2d6cee891f,bot,1755,1796.2028939999996
0x0386b29c318bbb8589724a04240398281a4a3fc8,active_retail,507,-106773.21643600003
0xb10a790e3cdd3b3ff11ffe7780fec523be77b4da,active_retail,181,2178.993681999999
0x187942df11fdaa43bee37e402efb31fdaf2b26c0,active_retail,53,3082.7203399999994
0x57c24594a82278f70db1acfba8e6702e3e8769d2,active_retail,108,-44.27422299999999
0xac31f32db9f15d237c4a2fd47d149393d120dbce,active_retail,117,134968.76773599998
0x067f3514cd1477754a45dca4d149a40ba337744d,bot,9554,3525.770833000004
0xc08bf2bc7c3480bf00e7874e327fb10b0852def4,sophisticated,74,7140.471165999999
0xcf07f74599a9ca8b88f710b8fac58788669e77c4,active_retail,188,1686.5625289999996
0xce42bd1ae4a5507e5f1951676cc1c2fef16e49b5,active_retail,168,3388.426911000002
0xd9430448ac33ddce60fa8feaee5e83d0b6b7195c,sophisticated,381,19378.797614000003
0x5305d875c801bda1fe0c8e9bfd74a625715b57e8,sophisticated,863,-312.6742260000028
0x0cd1e5c21a01534c925a72092b37620253a862cb,active_retail,69,-328.1578400000021
0xa92710f27c790f2bbee2a5242ee945030c3545cc,sophisticated,247,9185.486664000005
0x10198b1412122dbbff06d3548520c07ff422e7a3,active_retail,128,-31.824283000001287
0x98247a96dd7589a059046972e5a3c40fe3d2fdce,sophisticated,135,14065.782481000002
0x683a1b9966af05467ce87a6af003e3544c13792c,bot,966,245768.59513099972
0x27921de37ed50b0acefc2c5cb72534716d8735e1,active_retail,86,3884.0599609999986
0x58e6942b9717111f8cb60327d78d9e0cc8fa80b7,sophisticated,247,-399.54905200000053
0xf1f071ea6b0db8ef3f937ed724544dc7466090c7,bot,397,4119.228204000001
0xab800be345a339eeb27d67ec256acd45a150f7c9,active_retail,127,7.368506999999909
0x901d6434265112055dd3b60a5d767f4540823f5f,active_retail,80,3819.6393049999997
0x3ced78a605e2059047f84add01c41fa0a4091042,active_retail,44,-623.2404070000003
0xe785449529440cd6057179142a123ef0647be106,bot,2023,816481.5889140004
0xec53767ea316f1965c6facaef1908507ddb95b34,bot,1711,15.584762999999839
0x5aae76ac42c9e5ec87aefd529adad9bc21b14daa,sophisticated,392,-90.26844999999685
0xc4209c68268b414916948dbcc4d53fefde2e98c4,active_retail,119,10.828501000001648
0x879368dc521ec39d3154a71e4969688b0feefaf6,bot,254,-114.39671299999992
0xd1c5fa42607013d8621ec7c654b035a5d987828e,bot,2726,1426.2079179999992
0x1839e2f71a9e0693b16100f13fdc1613008ece53,bot,1721,-27.403308000002653
0xf83aba8e2c1dc21f3350d625dd014af8be90c6a4,active_retail,135,295.5822189999999
0x0dfd1a24a9b36f66068fe9c654185e532a6f0b38,active_retail,47,2222.150274
0x7fd4ea517b74f0448a4e3f1113a58ec4f00b49dc,sophisticated,268,2830.251785999998
0x57b94e5c2ab849694be98d90f486b6dd2bf2548a,active_retail,104,395.201847
0x3a8aa345d5db7ec5138298c8c4f4540259be7699,bot,1182,81295.93577499999
0xc61834a363521f060645377b82dc1c127047bcc2,active_retail,143,1016.6598669999997
0xb61b5056f0b890e47b16f1e36eb94e6ae4108ebd,active_retail,78,14910.856290999998
0x4e3d88911841003c23da212c66a86f12d2b89597,active_retail,90,3799.401652
0x84f7860753f0fb62e7e786523690661c4255ade1,bot,34543,16844.831232000004
0x83fdeb31a3b1e44a6af074457cf93114687925b2,active_retail,129,-137.57402599999995
0xdd9943a7e9ae8ab2d0db22c58e6c9fc5adfe8cc7,sophisticated,258,-16.806318999999917
0xeb96bdba6045099c61f1c1bd01397ae0e534c5db,active_retail,108,23.733726000001116
0x2a1410533fe6abeeff9d124a51f023539b64e0fb,bot,2719,-27941.091786000063
0xa28f6c3f9dcde6d5fccfa297bd1f4364bd5d5981,bot,191,-0.23934299999859832
0xff9664a9868262b1fa39efd3ec7c82e412cbba51,bot,3985,2719.601872999965
0xa934e85467b7c150499496f3a32593dad49f8c07,active_retail,110,28122.54203399999
0x85ae938e5b679d238bda403ea9e4c995ef14af16,sophisticated,282,13703.715251
0x90dd948b6dc1c028a629e9097a3323c2765614e3,bot,3593,-23.84628300000054
0xe4b1fcb48bbe961bb0523be00fb28bf0ed77e4cf,sophisticated,163,1597.8293910000002
0x0c7e926ffd23346405b74746f2b21831f9db71b7,bot,1357,-92.23305000000049
0x34e6d2a06d38620cd13c879c98104ede2e7b2184,active_retail,90,18.102159999999547
0xd63cc9749297adc921d6b846bb80c8ae3667c0fa,active_retail,237,1124.2335550000003
0x40d827b556c79a48f0061cc0917432aa2758c851,active_retail,76,-39.40097899999955
0xcbe5f48cb1a18428e53dfc6651e9e8e289965538,active_retail,45,10265.332546
0x01dc57b7cc443f303144319323e37ee91c29ba13,bot,10135,3357.6336580000007
0xea31452a5581afd3f9024e39f93f25c3b834f286,sophisticated,423,-2740.43262
0x7c35e094e7c9e1ee2ef98da673bf6fe7e109ee9e,bot,322,-49429.644577000014
0x9b17b4a2cd8ca08163a6563c5f4bcb902f7a243b,sophisticated,78,9194.07
0x3413e98e0fdcc0e979dbb97dd6217769c3408af4,active_retail,105,-125.62239900000077
0x63ecca8abb5bc246629bcdd977afd7e1f0356e5e,active_retail,78,-11.948201000000086
0xc415dc2dbcb0133301b6474077f96e305fff2462,active_retail,35,10000.0
0xaa1eec805fd12e92b71cf0edb23dec6e52862522,active_retail,138,8.164998999998488
0xd25d944012b2357ca4d6fa27af7dd02c1318fd7c,active_retail,114,2.895894000000226
0x2dae650a73cb9fa2deb1378a29163035c8812df5,active_retail,152,-39.20467399999925
0xc1920a51dc2f49a1a934791b389c8bcc6066ee3a,active_retail,201,91.48129599999811
0x6e3e1af008f1de1cf61ad53f0ae85fc9a6259340,active_retail,124,-160.51043900000005
0xd87a4012b40aad76a870fed7d1976e9224dfd3b8,active_retail,44,2899.9365720000005
0xd30f81bd6532925ad200d545cab321d3467f0100,sophisticated,125,1373.1063709999999
0x87ef93f0c12d460c2ef9995a9533917fa24d563b,active_retail,81,7675.0986159999975
0xb8a94ce6701880cbe26fd554248ba3712c7bdf8c,active_retail,63,4564.162065000001
0x076ad261c824a27119d2a02ce32c65ba24ee2186,bot,950,-12.622061999999957
0xb5a8cdb60eb8aaefb83259c1f34d3b35e81d9dde,active_retail,302,0.23164399996059615
0x6f39f7003c67260adfa1fba897284b6ee5a22fb1,active_retail,123,3.020548999999946
0x54f12374cab0b32fd78c4a303405b8dcd6e50d0b,active_retail,85,3.969728000000032
0xc890f034ed33a9d7c8bda0b1a9acf25475f22d0d,bot,895,5737.229037000003
0xd3233f356346735f17e61a9f51b12dd0f8679d31,bot,2752,2705.335707999998
0x94c4fe3b18435aa92024c7c1589537fcda3f43ca,bot,135,23341.562553999996
0x54470b2b5c3f31e6e0fe9cda89dcb5811325b4f5,active_retail,180,446.6359520000002
0x47b71dc0a58486b5f10af335694f01cbb3218731,active_retail,74,-10.332685000000131
0x483fb54d0cca4840f90a5c3737c781c1655dd089,active_retail,89,-0.1635609999992536
0x4f946f442ac9200b699e851b5b9043228fdfae29,active_retail,80,3654.959
0x19bed5f1fdfcaad7b430c26986bfa5d50ae62541,bot,651,41736.261354999995
0x7a223acb597adffb27a8973594064a7021450a86,bot,6434,446.3043619999926
0xc39eabdac65d2fa05c61870e323e8ae7c4c1fc34,sophisticated,291,-176.38915500000414
0x4a3b441816a4991f63b507468251aa56eaab24ce,active_retail,92,123.16691000000037
0xcd40d147407b3fa50ac51e0d28fa3f67804ce22c,active_retail,66,-1073.9115990000005
0x9e4b292806e7bfaed5785e7195e95329c6146cdc,active_retail,125,3974.348795
0xbebcd2ca162e61aa2dacc02aa7c64a154863ec98,sophisticated,128,12626.914769000005
0x721b83437a847defd5f4217e6afbb02c387342e7,active_retail,100,2477.277757
0x64b7a036c378f9cf8163a5480437cd12ae14b6a1,active_retail,87,-76.78180200000088
0x09c14edad41b6a74171426422bb8d127ee3dcb08,active_retail,181,-37.07404700000169
0x218fbc9fcce2a9d7793ad59b14f96cac815c6494,sophisticated,76,12974.086683999998
0x8c7cf83f5cc409225ea2f0c6b9b543a42d8ae209,active_retail,226,94.27669699999998
0xb5bcab71f94aa51eaa5a901aa8b333fbb9a97738,active_retail,95,-18.110754000000274
0x6df20092a0535d809ec988d625b0a6890209a33a,sophisticated,112,-1269.7415970000002
0xa02bb388a6ae5effa3fe1e8ce10ac6badf17f621,active_retail,70,-8.46704499999953
0x0ada61428a4d4a233b99bb961bf2adbd3e298550,active_retail,71,4574.174741
0x84b46b560ea3b3f73e1db6d266dab07830b84fdc,bot,71,48.813675999999305
0x46fa15a28f4202182b0153354bc09b94e6dc9a8c,bot,983,-50.394349000000005
0xf7c1efcea73aa7fab5e63f3c06bfe5798ab6cba5,active_retail,93,-751.2478739999999
0x9ef277427bae5764e3fe334562ae6516af09b16a,active_retail,165,-194.63181600000075
0xbcef05e5ed4a43d380c49388f6075174206d5ed0,active_retail,104,-0.7877220000000591
0xf53cf0b7a8c7905b3e540b33d11484929fe09bfa,bot,209,-2371.416430999999
0xca70d9ea46ab475a718b043d24b296e5d530d72f,sophisticated,142,-3412.6500029999997
0xd16b4c27f5860accb851347522d539e3a7170579,bot,563,2426.6303019999996
0x4204c79fc6e936ddabaef4f3c93da2e0f769d02b,bot,437,13587.284794
0xf05d114cd0c2dba475a0cdb563c82aaf097cf26b,bot,1040,4817.2201749999995
0xd545b62efa3f0d81e2229b85c33fd7bc4bf8047f,active_retail,277,19300.312752999995
0x1c84ea1d0868326158d4d767141f189d9997e33a,active_retail,44,-0.5599999999999099
0x84a9c4048f98979398f253d75f3b112b45e8b878,bot,137,6829.551887000001
0x3227b991405282ffe3a19178bc36fb9770262727,sophisticated,764,82388.17215299999
0x1dc5f3491427a82211a348963391c1cbfff9adef,active_retail,61,1.6684519999998884
0xce4ece113d39c52cfa5dd2f16856819a8cec99d1,active_retail,85,3636.209156000001
0x7273a17df993fbc8f087415ff91ef0259ff85424,active_retail,81,2272.1068630000004
0x0154e296fd268f62099e7878328b0b77064e7112,bot,464,-79.34655100000145
0xf604cf91b247eaa92b853d8e1c8fa1fac27bc01d,bot,118,-114.93934799999943
0xb26c05ad1083e85a1b3b9cddadf3e82d9ff64528,active_retail,75,267.97176999999976
0x3acba84a124408fb39c46911043fc36e36b5f7f6,active_retail,71,3589.017427
0xdbf243f6be24326f04454c5f9f93e1619b648b6d,active_retail,76,10711.93
0x95d4e589da6ecd0f1a841da54d6f24f0f83a318e,active_retail,116,16.779955999999856
0xa9712edc6d1a9473b4ed0ac555133b5ae59a3a46,bot,328,-40994.21615100003
0x03207feecd05749bacdce3150b93fe53e39eed2b,sophisticated,131,-1476.984778
0x42f1ce163f941d7ba0cd12c501c11a4751794a12,active_retail,346,16007.945345999999
0x9adc1087d16a01f6013eab7bab07918095af2b52,active_retail,219,3392.253909999998
0xe61dc4368fad4b044cbf400531addceda1455672,active_retail,37,6815.914688000001
0x3ae5b11a1d19028f3b2d58102a5b8f42d7d2ead2,bot,154,-68359.352972
0x96021e5947b1a053de1837674a842baba23adee8,active_retail,108,100.87991199999914
0x77a18f221083fdd5ca17aef29ff48aaaa669de3d,bot,2455,20598.634298999994
0x18c45f87d005b4d45375217ccc7ce3bda00da850,active_retail,187,0.12385399997125068
0x8dd10e3a2570d3d62440f0e7f988aff7223f5a9b,bot,1553,-3983.4907969999977
0xea916f44d7c233faab9693e82aae0de587f30b8a,bot,167,355.889149
0x4d8a88d99f4015dc98308b002bede705adcd5f74,active_retail,453,147.85354600000028
0xeac7c491c2efc63e45ba24de8d816eb253297bac,active_retail,128,6215.8350470000005
0x7d9effb4822698ef2a9a8f7cf38ce1049748e9d7,bot,135,9592.328153999995
0x37c1874a60d348903594a96703e0507c518fc53a,bot,30,4491.125
0xadeab4f0f687d0dcc66dbcd3ef36eb5c2b280945,active_retail,89,2935.343412999999
0x0c136c00a444cd5f32345d6dcc638ffde098bb5c,bot,102,10457.384089
0xe8078aa53487ce5f61a22ef4752b16442abf2502,active_retail,69,978.9894729999978
0x2a2d17797ac6a20a4f843789d4af6c9e7a2f1983,active_retail,93,28346.87617299999
0x7a9efd52caba96e13d0f01d774e16df4d039943f,sophisticated,97,96.02456699999993
0x8a714d9e00a1d0c50d12763944d7c01613585cbf,active_retail,622,16595.19141100001
0xd0364f23f4660f63028e3e51d730145deb058158,active_retail,33,-0.03721500000000333
0x6549f4c87ab086bddd1d6790b56b4143301ec3fd,active_retail,88,5684.928743999998
0x6127676ebc975745ef1c785315eab50dc4e0009c,bot,62,0.0024910000001909793
0x376b1feb3cd5aaed4de4759e6c8373186fd76854,bot,3896,753.3225239999997
0x6e8625495980b90d6fb400569167896a3e932ecd,active_retail,158,2.276348999997026
0xb35a0040fbde0898ab8889c15219337946c5f8b8,active_retail,99,98.77040899999997
0xe4787240dbbc37e6542bf86b4204d8a30caf74ba,active_retail,479,10524.077472000012
0x017f81e2691aa342d4e95a26f850332d6cc67acb,active_retail,63,5678.094599999999
0xa6bb5afe1e859302732e32239d14235dd784a234,active_retail,93,-2549.087220999998
0xd9c695381f80d9206e0f88a44ca4f8458c046b4a,active_retail,99,-3.92039399999976
0x7f5fe9b6b4971209b593e16a70b08d44729957df,bot,65,-2.58324999999968
0x1ca456a843677ff31c6cdd2a4645cfc6b0cc1af9,active_retail,80,11.884084000000392
0x58df14208c0765e46e41c836a20a290b550676b4,sophisticated,311,2684.1400940000008
0x16215aff1690229e893315ec90e3ea6aac0e7441,active_retail,59,-58.000000000000085
0x9ad624fab59f4134e79dba0995f87a75a3669b49,active_retail,87,-15.247363000000345
0x67a1dafc4f5ff94d4a6a46f78efb7e1023ce5a41,active_retail,127,11.600646999999299
0x5dcfcc864f6577c1e145ac8012d4ae9b9463fc03,active_retail,88,6283.305038
0x17dad8c633119134821ccdb09aff0904725110e5,active_retail,197,314.32679799999994
0x2057100ebc93e3cb4d3e0f98d220cd6186af8371,active_retail,44,439.025971
0x6582ef176487b803c60d6b3d90ea6e15100fb3d2,bot,228,-21884.994067999993
0x1ff4e7c67a6a10f9a30faba8146c219237c34740,active_retail,43,-10.096540000000061
0x979fc186184ae75754d32c4ef68d8ca00f744032,bot,2024,108926.81328499997
0x136a5fc29dd939c9c2340a63bcab19c70fb688ee,sophisticated,71,12482.299143000002
0x481b800ad431d6dba44079d902a3f2f73fb497c8,active_retail,231,133.40905299999991
0x5c7808c43651f98dbd5881b01fbe0d9436bd1537,active_retail,114,3.5450360000004366
0x47588dfabad177949ef5324a0405174ecb5d37a7,active_retail,69,11.35392000000016
0x457a2fabb899ea90da263cd2989fbc8007fd7870,active_retail,191,-19.973795999994522
0x262c99a4d26dc72c315d97c0f7a26465ef1966a0,active_retail,92,-0.6105920000002509
0xec5eebd0aa6d89a11057559bfd7ae1f72f0149bb,sophisticated,227,1006.4451980000001
0x469111af448ca35de21d09bf82ba74d544c3997e,active_retail,99,2480.614498000001
0x83b030a8a119918f8e1d819e3d0767a3fe17a68f,active_retail,127,21558.132128
0xa028c732ea9cf7e2adb6e2b0763a66e6fcd28849,bot,169,33898.224713999996
0x8b760aeb463318283152f4a4f3c0bbc521b66768,active_retail,90,3931.4810740000003
0x2974bd0059e48f215c391882976e0f1b4c8c9c23,bot,564,153408.473895
0x6096feb8b802dfa6885ce70572f851142e810f9c,bot,3531,36.3847769999997
0x5b13178a78dc1cc9b3475eb174baae9baee539d3,sophisticated,156,10628.920197
0xafd548ae8229d233cfc8518ac92c09f9526085f4,active_retail,76,3614.230424000001
0xf12ea48ffced65b70957fdc673591cc57a1f0a11,active_retail,90,-0.6900940000016028
0xab72e9d3b61a536319929020a65b604057260888,bot,7956,-977.2852620000485
0xe92af9ea74d087261c23e1223cffbc33191c64ef,active_retail,70,-6499.863637
0x1f3899751f5706bb9921ac534b75091a30cf72c3,active_retail,79,1590.5671439999987
0xb3b2404e0aabe1f2326c8e155f9abd8715da3b1a,active_retail,125,70.14042300000006
0xc97e22fe7094039b7b0e2d4dd59f4fe0b91694ab,active_retail,65,-5.955693999999926
0x0b8d2f811ba1c5bc3f1157f5f77a492c4cf4c3a9,bot,224,1216.2507450000003
0x9e0357ca6b8b232165ce5981c500212befc66f34,sophisticated,243,49169.391138999985
0xd028425ffdeb08482fcad5a5fb4c9e84b239e7eb,active_retail,103,4642.890558000002
0x955069b860aed4df4113f4fe3cdef91233ead284,active_retail,96,1706.2267899999997
0x61dcd0601da5d86ebd8b6322d1ddb4afba4703f9,active_retail,75,74.55882899999949
0x5dae87bcdaf644fd7c22337c831327e6df636fdb,bot,688,816.267085
0x617268af4ab0f6965ca83676cfbef214b2d1d725,active_retail,77,-86.81616699999931
0xbb5045cad9744d4bfa582482a25285f5cac43250,sophisticated,157,7215.497498000001
0x6771b3a4a3dbdf71ed9570790c162776f43f69e9,active_retail,86,-39.754080000000336
0x63a050b8031d7a1a2ff7b5f0de01a09c37194a83,active_retail,78,3630.365918
0x436914d845ab0c793aced7c5ce026b7eaa252e6d,active_retail,183,26.81659900000106
0x371bb83803eb81467ad140dceccf9dfefbff7a0c,active_retail,40,5150.184838
0x6ce9772b7337d668c39b02424f51cdb12a528a6e,active_retail,101,12.083808999998547
0xcec909da54066ce1fefc5620b57bc4153fed04b7,bot,1705,3260.197943000003
0xe8cc51f3a10fbb3f88f27863575dc3cf42443e43,active_retail,113,15909.044741999998
0x7b8553022d2f14153226ff81e0b4a8b13e6f9c0b,active_retail,70,-0.9668179999995956
0x461d2bbf92cb282621691bf826ab0b106027e4de,active_retail,223,47.77413699999758
0xa26c917a12945aaf02e894fd011ffee3ce43278d,sophisticated,67,10817.416073
0xa5a6dd74a6d07f32ec5bccad1079db90ea6fdd8f,sophisticated,448,-5780.509573999994
0x571dbc37082936b2cb4a26e0d85ca835195d19d6,active_retail,133,249139.04938400004
0x77112fab682285622266cb0fd7dd54c000f3b492,active_retail,46,5.155849000000671
0x744ed287b78de28f2212b65950d6606247f11c48,active_retail,93,-200.4310320000011
0x2e7d1490619696978f6518b0f6103a3fa6406f69,active_retail,96,14.988134000001992
0x310a2f9f1ed73cd46ef98499f71abcac6bcdd559,sophisticated,230,692.6552020000015
0x4d0e9b029700163625c551a0073636f3dc5ec45b,bot,7638,51911.527963000044
0x4bd972476b6442ae97e64bb2ab338d7da49d84ff,active_retail,95,4.5018119999996316
0x1b8f8e7e6cd9b9922621dd6bc9fcaebebd15b3fe,bot,113,753.352376
0xffb195618a9518dd73e9ed297ec8d4fe552a88d3,active_retail,74,296.1612009999999
0xa9d333b1b06adfc3b29c85d8dfa7f5fd152c782c,active_retail,181,1493.346647
0xa738285bdaa601d72b0920176e8ac30abbef07c1,bot,1441,270.13117599999987
0x0c6aeda620c2e7be4ed889a61a36853d37dd9717,bot,1113,4169.010251999991
0x156803fd9d5158b41ee82a10ad543eca1ce5779a,active_retail,90,-602.1433900000002
0x24a16db4a84626434910741488ff1eadb7ce836c,bot,5376,4567.518587
0x7d7b3149f5c6f83f5835e32dcdef2d37691c4038,active_retail,72,-6677.0
0xd4ef3278fcd24e72246f129e89435515d28cf35f,sophisticated,341,3512.3746049999945
0xd576eacb8bf3711ac3e3fa50d5732353df44947b,sophisticated,131,2109.362541999979
0x2c5be6d55d972627dff85baec952097361162cc0,active_retail,120,13.439738999999244
0x416d21fc9c7bfa9785a17ca9d46478690f6fb579,bot,1153,-21.669183999998495
0xa7957a926ad3d568d3ac736e2aaccc676311f147,active_retail,110,2102.952890999998
0x604bef92fa7fa3a66b75e031d2cef6448d2e878b,bot,1123,2.507112000003872
0xfc9d88a6585a52a9d50a314905e3ba6742028bde,sophisticated,113,991.6789250000003
0x738cde4101a89848ec8314a85110e5869ade5064,sophisticated,94,17165.676176
0xdf9d3f7122fa8aa6678530e99eb45ed2154981ce,active_retail,62,1091.8309539999996
0x9f2793723c594c0a7f0970664540b7df8893cb4d,bot,75,107.15648499999998
0xc11ec8e598fb4764b1963db753d1c2f31956864f,active_retail,60,128.10947900000053
0x663410d1e84680d120f427315bc0c2f8d900a779,bot,1620,4697.181232999999
0x70a4ff3f1f3179ee9e7c1b153c314c35a9bfa242,active_retail,264,32518.076795999994
0x06f2445e0fde8db6a4d84a4e6d2e89f819a0ad66,sophisticated,66,-3388.818037
0xc6617bf10e538e109d8e29a79363cf8d4eb6610a,sophisticated,303,-22475.771989
0xe767c51030084e753563ef84a3e93ba0029ef8a9,sophisticated,157,-2975.4640799999997
0xfae0e715a76489700ea732edbe9bc76f2e27c415,active_retail,148,572.0552620000002
0xdb8d4b00b6ab7c74204ff0679fdd69b8666784c1,active_retail,78,-2488.0336529999995
0x643c96495e174c63c5eb8370a60e5710f52f4219,bot,163,44822.336567000006
0x7cd156802a8c9f4c9c8a1fa6270529c8b43e8d05,bot,2828,4059.1110070000004
0xe04c5d4179e4aa269c49ec229dbb0cbdd1ce83b0,sophisticated,115,-4213.532173999999
0x5793d081f0dfded8645e9aaeb786f82c7e5959be,active_retail,199,26245.137027999983
0xf892a8308b5d3d15b9e04a53534e16b21a738daa,active_retail,106,-9.135715000001197
0x66c2327c06daae22ad8e30ed248db1aa2bb68273,active_retail,40,679.195207
0xe7eb23a62e8e8d040f058a8c12f8a6ec40285001,active_retail,218,1603.4514609999997
0x9c67f3f392fc25cf568fbd8e2b83dcec123c4c13,sophisticated,242,17.95569199999978
0x5837e724fe69d834f8b746054ac6b62cf3ea2daf,sophisticated,550,10050.892446000002
0xde47837413d02344b539537521907c22d44ed724,sophisticated,172,-31495.497563000004
0x35ab468a7f6fcda9ea514428434836d9869c6717,active_retail,74,5.575005999999726
0xfc7391957099ff229bc9f6fe29f8394ab60f89bb,bot,580,7210.774708000001
0xa6d1c8afcf5450b4278bafee523e537ad5377aa1,active_retail,98,3965.3648559999983
0x39dce4c7883f2e020463d60c90b4e52862c58d05,sophisticated,605,363.1213390000007
0xe026d08868d6318c40b87a9f1323308188c0dcf7,bot,296,1619.7270470000012
0x8a086d60321651d0060de5ba45fc862d65512584,active_retail,93,-8.241457999998602
0x008bf350637ce1ea308b3622a0d44116f9f3b476,bot,2954,222262.05824500005
0x7f4ce9f68f4fa256490f86aad11bc9a176263b92,active_retail,120,13.773932000000087
0xa50033af4099609b31f7ef2776160dd8ba784a39,bot,1700,881.5825599999988
0x64c69d0400216ab9205db44483dae4f505821523,sophisticated,230,-1076.5671099999965
0x605432dc66b7da6030aee6b0bcadbe67c009a033,active_retail,80,925.5544929999988
0x40e9d4a947f038304aeac209b4e7d980a0f3314c,active_retail,37,6912.5
0x05b6fb6a698bcc1ebbc93abc64c472fa100f4b4f,bot,796,74602.15986900001
0x679cbffa468e35e842958b7a41a1bf0c7980e975,active_retail,87,275.5300559999999
0x4f6cd86f2d550bf41333bde6a20f6ae33cfccb60,sophisticated,56,12636.559272
0x38692cead875c0cd862052efbff8f6add7310e3c,bot,354,43680.23177299999
0xb7fe5fda7516461d27b4593901621f01a1f77a83,sophisticated,112,-109.5692040000009
0x0eed7fcf504d51debd37dd02bfcffa0be5185911,active_retail,63,1.046836000000063
0x1b1534988e30c1ce44ecad12340967a173f5710e,active_retail,170,-25.034063000001083
0x6c109c24041d011f43592631a70eac3da3e670e7,active_retail,40,860.338
0x2044e022f7ef91e2603d20bfbf700281396bbf82,active_retail,198,-27.907810000000158
0x32df6f8c72b9a0c630b34d1d2a8935ffcd639626,active_retail,52,2296.054083
0x3de3594869cf2c9b1ac73aa563a48d754b9f3057,bot,558,9.81538599999996
0x54ea01e266f625dd0852d8dfb2930cdf0d069da3,active_retail,95,-0.613657999999857
0xf4a982a1258b9d8e24fbb6a2d761da33b05bb5b4,sophisticated,117,-938.1092280000023
0x841bd3fbe95b8d117578193cabf06e9e4863d46d,sophisticated,170,-8.652481999998216
0xc8ffa8bb48e74ffba499708c2385741412aebd6d,active_retail,76,188.20493599999867
0xc9e11e54d80342056c7c9a35b8a60d1ad029e5e1,active_retail,89,1313.0845969999998
0x3ebb94799cfdd2a62af7cbbcefda61fae02757d4,active_retail,89,-28.620436999999704
0xd6c088a71319d9cd595595ce8ecf6fd18e9bc7c0,active_retail,62,-146.1524220000001
0x1454737a2a3d61495935086fd6a0fe38896cd2c8,active_retail,28,2438.4147000000003
0x2d362233a43da7600f3cda038628ad9d3c87556d,sophisticated,173,14679.081377999995
0xd31c5281c744bab5bf2098bfc6fe702e72aaa1ec,active_retail,63,4154.508801999999
0x6b7ccf8132ff08f91b94c49e6c24c8eb465b42bc,active_retail,127,-0.7347319999994397
0xb903f66cd2c2b23a6892dcdc2c076234104550cc,active_retail,77,-0.5381369999980338
0xce3849fcdf87c6b091a85696a85b15264a47512c,sophisticated,609,889.3259929999998
0x31cd4f21daffbafa9f9503709481d8650da919bc,active_retail,112,4494.73247
0x616f78dc62cc2ac963e046108b1b0a4238c2e996,bot,4314,27719.916038000112
0x822d99fdf4ea2b3c7bb59869666a64ce42f0f3c6,active_retail,84,-171.48606000001118
0x64a08614469204e7d5a2cd9885b2d80b85151533,active_retail,41,2697.9288950000005
0xf66166919d7d7afc3406d2dd36dd954a2f822259,active_retail,56,2593.4367999999995
0xed330578241929275487ee1d7a439b51aacf8e5d,active_retail,66,-20.037059000002046
0xe0e1c13c743690d1583f207b6eda251520c9e15b,bot,17637,2930.630234999991
0x7e18438b7a9438567c25404405c9495089eef52a,bot,1438,-47291.655958999996
0x0680877565609023c5234c6b98cb563713c0db1b,active_retail,50,-17.480399999999932
0x4fe1cff93ef780bb98c384dec829cf3c18924691,active_retail,190,3219.099306
0xd40d42f297dec7379d2e7516b6b9869808f4c6a1,active_retail,412,-50.142661999954726
0x1a4f245a280c57787698d66c68526baf3dca85d0,active_retail,53,40.002398000000056
0x0dcdc3a827f9f56cdc14dba817385d8d628fc3d4,sophisticated,57,6634.022395
0x34d897af96780b2fb02ce47db7d06670caf1a530,active_retail,56,-11.626297000000601
0x2c90bd199809b079ef92c8b2393f6443d4f81694,active_retail,177,1784.9841190000002
0x2ccfb04e7b34fc7f31cd80c6191186e352e21490,sophisticated,349,222.81744299999974
0x643d27b601b2251db4ec5a29be9d1d0fc9adb542,active_retail,129,5109.238344000002
0x643a89932a0138ab4d8dde773a292f20868272cc,active_retail,96,-8985.001804000001
0x67d284c4efa0fef946c881aaec3d5f3c7d92eb89,active_retail,159,-13890.663215
0x0ae09e31d84823f8f9a34e246884272847b7e89c,sophisticated,161,218.32013200000037
0xbee31bfdd003dd0f1cd18d547b47da3f98cdaacc,active_retail,133,659.700418
0x0ddb0fb2c93cadfd98e902df639edbf36ae70819,active_retail,132,-22.37458700000025
0xe048c90534ae7f47c9617f5d104b6602d66f0a63,active_retail,151,15042.360858999993
0xfd5f587d6763259559bf4f15c078a40de481f370,active_retail,91,462.54402400000004
0xf036f9631ae2fc83821b3a8581892109d506b8f1,bot,1810,17216.117731000002
0xef98e3af1e305892022bcac63c21ff8932d6c3f1,bot,1575,160.9703840000001
0xae547ea55194326d0ad325ab2eeddb8aa74029e8,active_retail,73,-93.020771
0x886c104feb466a5c8a389c0ef21a32017f709dc6,bot,98,442288.7295840001
0xa542175126e5792774b270b587cfa70542f7e752,active_retail,30,1455.0991389999995
0x9d2be3eedbfe0d1d3a4337272e2599f0503ae675,bot,139,-1974.6568849999985
0x1808c1f2f067d63b31425c9f49e5e9baef85eabe,active_retail,91,-1498.830213
0x73028bfab27a5cd355e6001c7121e7cad514f42d,active_retail,97,314.13321100000167
0x375d4a9d3933eb2449e9975dd4004297ce90983e,active_retail,206,6616.472270000024
0xd202635fa448ff3bffb0215b8b0160762e65da55,bot,134,303.6574950000002
0x6128d04778fef6bdb1ee806644e8f69132b6a2b6,active_retail,63,3.688674999999648
0x1c9b8e60e2b89bba8ab359e35e05f27d83107636,active_retail,146,-3796.043122
0xf1100b840b0d85e24885afb049f51cc60e205724,sophisticated,92,7700.913612000002
0xdacb34d8e5ab985567482febe109f032c5e236ec,active_retail,216,73.418127999999
0xc55fbf66f140b13753661d163770d4868a8d0d5e,bot,1234,-553.660753999999
0x2e15051f81ad12c1845ddecde0812549d4ad2128,sophisticated,175,-4696.152000000002
0x4237825b09afd8e744bbbf023de6d5a47f42cbfd,active_retail,78,1310.0233349999994
0xe915ad073be13cafb31bf9bd3e76b40cce8bb290,active_retail,127,5904.669898000002
0x94f037e81e1caa91b2706ca03d3b003616a7cd31,bot,3926,-851465.8340050004
0xa714a37da27a019876f3be61c22a8ac160869305,bot,587,118901.070207
0xdcfbb2bc05f6705479fb3904a0901fb3b1157821,active_retail,206,50.52427200000136
0xddd84bc075d5ebe2b4035fe9355acf9af40b4471,bot,2456,-15520.73832900009
0x1251f806578313a9c7d0585336fb0134fd6c69fc,sophisticated,91,7656.847678
0xdfd6278c16f90169d101111fbd500befb68d26d9,active_retail,86,281.4115789999994
0xdf690fdde6dd0e74d9fbe3f8471727d406599076,active_retail,170,6542.483428999997
0xffdea9cb01653a259f0e18fae8819524b789c665,bot,1333,-102868.23853600008
0xd9cbe1c5063cd6e53a8ff8e45ba8c6ec16c8216b,sophisticated,92,-2674.9075419999995
0xfa6d1369cc1947eea86c3b4fb3286814483dcd83,active_retail,91,-37.03516400000001
0xb6aaf26dbbd35a359d74fa001e0344b3a79b1997,active_retail,90,-851.9753110000026
0x8802195a1294eae57446b114684cde79e17fe7ae,active_retail,80,30.925457999998798
0xb45b2b23990bc3c26941e3547a23aaf498df57cc,sophisticated,201,1995.0639540000002
0x9e7522e69fc4972b6c370f6df95f2ab704b6f819,sophisticated,62,2815.738996
0xf0c61dc26412111b8e13d91e377acf12056f3df9,active_retail,51,86.450158
0xf9b5f7293b8258be8b0e1f03717c5d2ad94809ee,bot,3255,-1602.2946260000226
0x48b058350aa8889d8fa5a35ae602c452c4382220,active_retail,69,-0.009706999998797983
0xd018c5a2b0639af8dae0e637d41c5921d4da7f22,bot,184,-76.34000000000015
0x6a2dbd56b524011cae8ab680f7237bccbf618de0,active_retail,163,775.3315319999999
0xca4328a81ebb7954de111458059c62aad59fa229,sophisticated,159,2781.688173
0xd399de75de083bb2b722489e4f2e9643a3f6927f,active_retail,82,50475.202462
0x96cfd4eeefde52564956225838f72c3dc677bce2,active_retail,103,-1903.9640669999976
0x362bfbe10c747d4961eae5ca677c65e37a92108d,active_retail,169,2494.3653170000002
0x438f587b1663977ffe5fd26e42e991118bc1dbef,active_retail,77,-478.16353199999867
0xa874e78b6594de8654cc5b9f34d75494ed2bc46a,sophisticated,138,-10189.195307999998
0x9b7692415ec4b4e154cfef9757900f8bf5027180,sophisticated,384,154.98618799999954
0x9fefb57d21e15950df03246cde50ddbc521b361b,bot,442,101998.84819500003
0x1bbc036b0e4513b93671d528b31b8ad8ed3ba861,bot,849,-2620.836505999987
0xa42c86f5a782e38d1426e192ccc54b1da94a1da6,active_retail,127,3.310260999998718
0x4eb8cdf707bf5efffac1ab949fbc9a67049f2b3e,active_retail,132,28.006008999999665
0x75cfdd088dbd4363b75046ebd67134be83e3a0b7,bot,4371,-47.887947000000445
0x0b30d7a048a270c8d7311f2e45344f105c9354f9,sophisticated,226,13082.022153000002
0x09ebbf3f5e2c5a1d6ef7a3579819c58063360dfb,active_retail,105,-125.70952600000021
0x18c4695c30a0e98e3dc44fda4a7aeea4ddcd106d,sophisticated,220,-344.30490700000064
0x620363256e613a225a0db2509dfb1db8ee33e5ee,bot,125,4395.2246399999985
0xd64d1595458baf82d397280cbd031a53f592309c,active_retail,62,2812.0416670000004
0xb74ab5b9db69fc6dc3afe0f189dd0e07a112171c,sophisticated,171,3175.092499000002
0x4569a37ab1bdb9f47de5d52b5f2c8e066b0eaaf7,active_retail,54,-1.722380999999673
0x7b28f9364c3888e5a344533ec75ff6ab1f114597,active_retail,85,9.840453999997619
0xb54538205e0a1d24cdd28d44a73c1513f39cc439,bot,132,14756.727976000002
0x3f62469966178c3d66635a556259586febc61d18,active_retail,80,-25.18123699999957
0x8ba7b84acc7e99ef9197c0d99406a80a1a7f77c4,active_retail,53,556.5074970000023
0xb3583d22e6d38b11426b9b0081d3776e009eb107,active_retail,78,4.657014999999881
0xae905d6751d94c43b35e962421cd1389aa6bf271,sophisticated,273,4978.956990999999
0xd03902f91682b7f992bae824728dc66b5cdf2eff,active_retail,85,239.86299200000005
0xdf4cafe4564fe284bbadb56f1b8fbe8c80f4cb89,bot,8499,3051.452812
0x6ebd456914973ed7e45372a49afcd903caac30d7,active_retail,59,9.122849000002066
0x9491f5413ab74a234630607bd63262e84c6e6cce,sophisticated,94,4014.7120010000003
0xf179eded98c9329222598c28ed09e5b67826d399,sophisticated,61,-4175.421631
0x4ecd5885b420d78287c44299621e0c76bd8f626d,active_retail,78,24.778208999999986
0x382ee6445a62b48056624ac5ece64c0b903084a7,bot,465,2375.742656999999
0x6a099f947485c4eed94c6476ceb2804352ab1899,active_retail,166,0.6634779999871236
0xc11b479b80b8cb388eb8884af53423e0189c9384,sophisticated,116,5029.279568999999
0xdfbbdd4b1aff581b998323c7991558b45a792a96,active_retail,56,987.0130760000001
0x6b779429a3d8a8dc2c1bc6a6131f2e54a17bb9a5,active_retail,89,-1060.3801909999997
0xaca6469a882996e7be874e60214ec2f242dcca05,sophisticated,76,10694.925965
0x71659c6d537feb97cc721cfec6a9f51b5af4d84d,active_retail,125,-12.064322000000004
0x382a1220aa4c38b18b94cf0607eee189605e8df8,sophisticated,114,-6738.690952000001
0xddc26bf216b58917e5ef8252490ac8f36fea7c86,active_retail,97,12.908275999997727
0x478ab8ea1b1a11d203562825d9f5a1c96e30f883,active_retail,274,16.250548999998472
0x324b868b811ef7821bfa1e277359f99ac00d3768,active_retail,113,-1042.049743
0xfae8ff0fb2606a23e8306dcf64acc245f21da368,active_retail,51,4685.235646000001
0x8db2df02366a00d4d475c735192639ee24142c02,active_retail,129,121.00069200000013
0xf6874a6540d2a24cf59ec94f1d27ed3066c9cf20,active_retail,43,774.186813
0x2b528d55652035a3a2a8c59a296fe3f694646d8c,bot,113,-0.8820200000000078
0x0feed5d3c58e596783513040729dad61a482ee0a,sophisticated,126,8.853934999999439
0x815d1670666e0b6574efa1d5224fc1995bdb9b2f,active_retail,93,-65.88936899999953
0x939af318a1e567e9acaeb9a8b93e418081503e95,sophisticated,82,3840.6109429999997
0x9e8eb834d6e189bbc4dac1644cb955e3de0abc92,sophisticated,172,4083.5029429999995
0x460490c5bceea8a3b045d0911d9fb315af649e1e,active_retail,144,35.314335000002075
0x487b42dfbe65d6c1250eed057580ab6761e2eccb,sophisticated,502,44625.14466699999
0xa326a0601ba1c59188695ef23e9c7d966a0c4556,sophisticated,213,-2443.319403999998
0x4ae22de912255b57bbd83b1d98ed70a429a6030a,active_retail,182,35.402698000001216
0x32a312080bc5ff461896b042a012c5471f803728,active_retail,397,-207.89420100000035
0x9785f9a02b28769841901b9ebd50aadba0fe36d8,active_retail,32,5259.224383999999
0x4a4ec02d8bfeaa3501de348b1577bb886d31c536,bot,515,1112.2805969999993
0x2828759c05c3b530df7bc174b66d27f9cc65a538,active_retail,51,-10.624120000000243
0x70056e2656ed0d831740f998b82a8e90b99f739d,active_retail,59,13779.89785900004
0xaa423e6afe8ffc1e1c8768acb7b065310f275dc8,active_retail,134,76.26169300000495
0x49a89deb15d0f99eb2910599dcc3690b93a64b1a,active_retail,226,-138.99645600000133
0x083183ebc1bbc04d57d9f8c1b5a96f327c0bf01d,active_retail,74,1546.9310960000003
0x657469f2fbab49f2a818af0202b05a0803d90795,active_retail,78,177.10414999999998
0x7d201efe2698c2257a96b6718277624d4e1eb063,sophisticated,99,18618.595503
0x1da6cf4f43f128231f9c70c37a153cdb607590d9,sophisticated,150,-6206.695437
0xf0ea71a1d7fad1bf2c48e29a872f715f32f8cbf1,sophisticated,706,-152442.45254199998
0x3028f3e3b3f4c9838153e2e1efaf82ff9805e920,active_retail,51,7181.576214000001
0x1ac72a951f6f7778e84c5d99f7c0c979138f8a83,active_retail,170,-103.09158299999899
0xc8c3c24a879903ffdd33a3abb5b2a7b814d682ac,active_retail,172,88.90940200000054
0xb90693d0eecb548f43f91d76ab53047b0eee2a75,bot,1449,-368.5191250000023
0xb5c6ff9446a4857cbccfb23c2da563e876e70a72,bot,3918,28668.72072200002
0x13a70b4ce71a624da3f77971ed6112d5e627882b,sophisticated,65,16349.672373999998
0x174ebdb9a245a87c52c6fd081227466e9091ddd8,active_retail,151,8.417426999999538
0x8971c7c53d285be64e8f80197b875951d0c786cb,sophisticated,107,-1256.0699370000016
0xeb6bea03436869dd1518f94efb026ce1cdfd9886,active_retail,146,-2.547862999999908
0xe7cfe166d838af9f0c62bd9d483bb74648acacf6,active_retail,79,11.43999400000041
0x9172990148c7749833c6b8e0f27cf39380a0bb3a,active_retail,104,-0.5033700000004728
0x953955602c8dfe10407c97fbf1469ef64b614671,active_retail,51,88.10763999999998
0x5b38c4e5c31898b6d1cc25f59974de917360a7e4,active_retail,45,3961.7028819999996
0x769913753cc9775a4226c5747db382c9e13158f1,active_retail,158,8.516837999997797
0x2c60e86a54a3793534370551182b0e687c1750b4,active_retail,48,-43.04274200000009
0x691b55170202e9b36ff383739704e91112f2fce0,sophisticated,617,-5456.374536999999
0xd2b614b69c156d80607428ad620178a13ec26771,active_retail,31,631.85
0x40cae493ee2ed4eef0ef26b340e14f2df9e222cf,active_retail,200,6.794804999999883
0x3a448a0897fa40574d50f379155d7beaca26654d,active_retail,100,-28.470481999999834
0x9c5e23c9d5273ebdadc7b9e781a48d57808dcd62,bot,51,44250.63815999999
0x3681fa048232687b83dddb3964279609bdb33d70,active_retail,105,-21.3473289999941
0x81f05026a47e781f35d5a1a3eeec8f8e1b82cbb1,sophisticated,128,-7336.366424000002
0x687d8cf19d873aed1957e61a3f2092d4721ce28b,bot,786,3118.7172240000004
0xe625d18979aabef4ef8abf189393f39eb7c4f151,active_retail,166,-48.22310999999925
0xe74c157c27ebe7190c27064fbf9bf5f93699f5c3,sophisticated,87,-5478.053044
0xf7fe37eb64059427ef916f32c2fd9cd51e6dc38b,sophisticated,121,2267.362795
0x6a94ef3d2552b8069e45a47173eabbc1de3c30a5,bot,761,3325.7903459999984
0x31f098eb16d37e9651ce056232459afd5143a21b,active_retail,29,45.950000000000045
0x5eb9b84bf9ddff324c0a6467aa67da39a116306d,sophisticated,111,10132.698354000002
0xb595ff59ee0b60a6969a3ed3d52def97e9de8d70,bot,1201,190.54349999999567
0x8cb1d217dbb2c10abc6ae22a71398e39cab81d8d,active_retail,58,-11.2051589999999
0x1b2bce112e47fe9bb25e916526a074551dcc7652,active_retail,105,-9.928439999999568
0xb58c1804a778c7886df3e835bb427d62f50502a2,active_retail,95,-33.97026599999969
0xa0892bf75b1c0ac3efd764542fd3fccbccf16d33,sophisticated,137,3365.356243
0x560d10f991f5fd7f92a4d3e7115895240027a0aa,active_retail,70,53503.625293
0x6a94a88151d147177ecb155c8140ec5545451b78,active_retail,71,0.10517799999805816
0x931bccc9667f7290988f5da68fab38e1395253e0,active_retail,178,57227.611928000006
0x37f0238f8c3781141f082ea442c2496488535117,active_retail,69,-39.90932999999984
0x6d08700609aaa9076428e6e4c774e4ad54d20e4f,sophisticated,266,998.7730779999996
0x32996522e6bdb68f4aea2ce31930261c35833874,bot,73,11723.3213
0xe6f3e792a626d74ad7ce4cfdf1b84e7342ab29bf,active_retail,52,2.6202939999994364
0x5c1039d5a17ea7ba187ddeae3e8f391eb2332c2f,active_retail,124,-2.293788000000177
0x0f3bfaf477708c3da75561e76c00e86e461baf2f,active_retail,93,-355.2704300000004
0x60eebb5000e5b13f0a5077bf0282325dddee703f,active_retail,49,4.9914069999998105
0x54eae31a43557a48d8a7727ffdab3861d56f7dc1,active_retail,48,-0.0034720000003289897
0x7bfb5f12c7020dc5ebb3ef24fb4e60b065a9905e,active_retail,70,106.44009100000001
0x0bb719ade5af4b8c88c64da4521c5097fcfae7c3,active_retail,52,11814.863168
0xf9109d2724c4f4bea5b95788e40a93f31c696319,bot,109,5.662171999999828
0x5a728e6518ac707d4de193913783a542a39c4a3b,active_retail,33,800.6762940000001
0xa9b5874a3a412cb0b0fa7a779d4a78b54c7fde1c,active_retail,55,0.08074599999963539
0xd39755cd2a8c8a1148aa40ef575000c37d5c467e,active_retail,102,-75.47291799999948
0x73aa75599b4ad876f0acc0466543da57e8b2d1ac,active_retail,39,942.781295
0xbbc88c070418694fd45cf4831f40c5a7d3273cf7,active_retail,70,2207.806842
0x1f7198f5570cdab89ccb0b732a8470e18eff700c,active_retail,58,438.9561839999999
0x1eb251a2a0cc102f7fcb20a08bf63ede8d675d91,active_retail,69,342.47759300000035
0xf5796eb9e718900f0b4d6b776ff6f41e81e80397,active_retail,137,-1418.0357899999988
0xa0d39d0d43143809da4f1b9dce538bdfc12926ed,active_retail,77,5571.298821
0x906353dfa8f28e7cee9f48ee408e87104890d546,active_retail,41,-13.100000000000001
0x8925758faddd9913bb810aab881fdbd0e4c90d79,active_retail,69,5713.001657000001
0x1e88e02707e285fe53b9cbd37fd76976784086f5,active_retail,73,17.335874000001695
0xaa5b55da373cf337339b83639159bbbfafe5bdc8,active_retail,88,4387.4414
0x5b5b99c3de646441b38c20036a547930ef4c42ad,active_retail,53,34.51647299999945
0x353dc6468ea8af5ba4c8510bcf333e452dc3fc72,active_retail,46,367.24050899999986
0xb4a9ff15ed7988864d9eb1a82e29ecd01d896ad8,active_retail,172,1737.0750010000004
0xfccd8a5e9a6c0ae906b255546cf16abfd62f29d8,sophisticated,365,8655.321068
0x07002af9747c00f3784867c4a81695ac7bbc241d,active_retail,32,2020.9947890000008
0x252112c8bf154ae7bb7e0eca8b4f60959f17f7fb,active_retail,241,568.3958259999999
0x828837ec509d56aa202cd0f154d45d6c5fbb430f,active_retail,251,124.43867999999753
0x8a0ffd836d1f3171290daa141d4ac64cd1db69b2,bot,632,-17273.236523
0x6bdd32e487a7de01c1c5f2efea9c0991d4898e52,active_retail,79,28.492654000000357
0x7cf2d27377aab0260e83b468300a0c9e1f67345f,active_retail,51,-1049.6783110000024
0x54017524a57cfb70fbf215afa327df9561411bc2,active_retail,44,20496.519916999994
0x2f513a937fe3bea0968d835cacb58248e67e450c,active_retail,103,8289.624112000012
0x8b639050ebb58ebd62de7ca65a7b94eb61643773,sophisticated,122,2249.3242609999998
0x3b0b555f28c2f359733b3146834fd4528b13615b,active_retail,99,-2.274499999997943
0x63f35ff0a39bf05e6eba7c6e04cc8d1f340cbc0a,active_retail,159,15.546684000001166
0x790ff63ea6264f825678ab2a74e8041018c0e832,active_retail,95,-94.5006069999996
0x907793c58c8d33ff79d9f3a38d24ae08d5cb45ce,active_retail,66,4219.354173
0xa1401e987e6d3eb63527918caa53c154c63bdcf7,active_retail,34,45767.55304900001
0x470823cd5e18156f3414528c976ebdc1e979559d,active_retail,68,2083.023861
0x773f613c0978b7a0ddcb07963332c18ea0f65f7f,active_retail,144,17655.52618199999
0x2a8cf87ba5fa6de24c9ca1370b0a9a2dab373475,bot,312,7.53264400000109
0x9649f63bd95c19495859498f110242a57448de79,active_retail,42,1.1221580000006444
0xb2caffc47672b897121b4f4a5dbe1ee75fbf0ac2,bot,1534,45088.75934599997
0x6d6b04da21f5f3f04e93c4e560166a70b6ee3d25,sophisticated,218,-57.54545500000019
0xb51e29cb0aef144d04f73ee2e6d4d4d16d9afb49,active_retail,52,6.158233000001928
0x7fdc0f0e0205aac4ee092e7ed6bd35add9451830,sophisticated,249,34006.213085999996
0xe973f6d255569429a6e6a950b812fda31cf87338,sophisticated,245,2981.3696110000074
0x2e26ca87ea2acdab6a5343b0c3cbe32b0868abf5,sophisticated,159,1285.3967279999995
0x0cf08984c24f3b286e601fe5b5aa683110279be9,active_retail,108,47465.516296999995
0x74d0ad6af3f5bd19b790d5997a1914d0190cd8de,sophisticated,110,6514.902568999999
0xeee52bd4c4cbb14bd9238efbf842e9f66d81486d,sophisticated,85,-1117.848132
0x3a11106efd960084f6b30f858d35cc92d85bff29,active_retail,59,2023.0289159999998
0x6c18c496279c49acee3a993d9644c8be99ea421d,active_retail,483,14.907654999999101
0x415485bb55d2f1390627fe6fa425ae9dfd74b268,sophisticated,115,2574.7070420000005
0x31a8a6b98741e5858afdec61558d891bc0e58029,sophisticated,158,-34.8505040000025
0x527a619ad2db7bf4ddbd1e29878c277e654dcd9d,active_retail,299,-3.453200000000237
0x137e2d78caa3b9d41d81371f46ca82b29a5efefa,active_retail,176,900.313366
0x4236ecd33213cf7282942d22d3b2df1df0c77040,active_retail,112,1557.8462409999997
0xa6b4802d682878054ae21e3be90a7bfd224d8334,sophisticated,103,13309.681655999995
0x1efd42400cf0b7bea234196331f895c064681106,bot,7128,4041.3708580000452
0x5455d5a295c5bc59e985e2ef333dfc2d191f8e7e,active_retail,39,-10.110550999999987
0x591b1b7cced578603f79d4260c5d0ace6141807c,sophisticated,248,-130983.69224900001
0x7dd512988d97513b567fc3374d4d8ba0f9e11bfe,sophisticated,125,-5478.3169419999995
0x7119e617f4d31e91975031776e7ee0d56038407b,active_retail,42,1242.5634850000001
0x7863f6eb0259a58c4eec05650540e931ccb49873,bot,203,146.29551999999958
0x90b75d4465d0e934979315fd7d1c19d77c3681da,active_retail,55,212.08879699999972
0x93c3cea4e40b001a0b68280cff81a3cf79c7a080,active_retail,95,-6.985309000000215
0xa59b1782077baffc997ac3addd4fd75dbdf596e3,active_retail,112,419.2720989999999
0x3e8fa36c00d96e502349ab0dbf2645343daf6bf3,active_retail,71,57.42430900000085
0xba15d58949cf9377afcaac26f01634f90efee6a0,bot,12851,5938.417990999995
0x203ac32082963bbb280231ca4feba62b5d77dc38,active_retail,162,-30.799411999999
0xdefab6bbd4e254ba4c14b752a54a55871b972d63,bot,9993,-15054.375524000005
0x7654e10a8bb9d62b42266bbbfcccde35bcfd9e1f,active_retail,155,224.72272900000002
0x1f1f46f317d1afec9fdf96f3f4d2895a7c7ee102,active_retail,148,560.8296019999998
0x8ab2dd0d17280c892297ef6459b481d36984142f,active_retail,50,-51.540411999999954
0xe1a480b9175045e24bf77fefe608be4eb931b555,active_retail,70,134.57318400000005
0xb0482e7f3876d2197ef0a6c39c4c4f9702d0ccd0,active_retail,76,-590.7993449999999
0xdea32f3ccfbd3fe4a63db88c689884ac27c32266,bot,536,-4445.240170999996
0xa289441a89ec3a0d2b2362649d8a9cc1810b2896,active_retail,81,4777.936798999999
0xe3d3560ab3a2bdcaabb5d8c2a032ff0cea57aa35,bot,257,-14.559574000003522
0x4b8a71200797780d4da02c9f7e6f68faedef4109,active_retail,75,1078.4538979999995
0x9c47a5a98a5a64c8784b417779c96b064e32eaac,bot,54,9051.500973999999
0xc15e8de2943b68032a629314aa5b74f3322cab86,bot,3428,-55.49437700000034
0x161adba7ce6a3d202ced6b2abc66b9451a386f22,bot,2868,8931.105995999998
0x8e1497d06086cbce7ef0e769fa34adb9faf7abe6,bot,2968,2053.4338689999995
0xcca524e5b9f8895bce1751f861ebd7a71f4f6d0c,sophisticated,209,1391.1870109999995
0xf4455adfb593e0daceeb12ae6124cb50fe281f5d,active_retail,68,72.2365190000005
0xbf27e7f30146a667e3e90c3598a7f4497166cbf3,active_retail,41,-1545.7531240000003
0x292aaf3775c880d21f73d7d59b9dbf314148dd77,active_retail,124,1145.695917
0xa3e9d3cf0e1000dc86ba9033d712e2bd396d47ff,active_retail,26,238.04195099999998
0x48dc492b8938bfe2fc3df704d23fb6bd2899152b,active_retail,38,16283.721346999997
0x5b3ecb5bb04b46bc32ae4b2cffd2490e4c52d06a,active_retail,174,2538.5224750000007
0x42ca1f301b18b7332d881da69ace808b7f7ea355,active_retail,53,11237.580030000001
0xd8b0a071dcb8ea47f175d1a52cc72631928df162,active_retail,780,111.58555500000875
0x53b0dfe12410ae299cf7e95695245eb5b41fa2b0,bot,75,752.0129700000002
0xcae2207f86432aeb4d13d4fa3bc3543746d9f478,active_retail,32,24483.431381
0xb34e77bda054f82a50ce79cfd71864c13885d825,sophisticated,123,-117.810874999999
0xc43ee69fb0e163d8646455c7d671ef48b7fbe76d,bot,653,26779.72903900001
0x99a96a8a2fbb7cc9671b697919f6bc4e8401b635,bot,3125,-2398.5913430000023
0x0e03060dd0e88b792e61fe926ac877b4fb3f2648,active_retail,58,-18.161031999999977
0xe49d21fc7e978158fec8232f12fb180974f31ab0,active_retail,99,514.821537
0xf2ddf84f2ab8b7fd60e11641f95642e126e9c280,active_retail,55,-1.6716380000016948
0x997ed1c8f9b5bc65007800a6fbec0ed197d69550,sophisticated,70,6555.871174
0x6d77eb101dc567d850a179a8873352406f66bcaf,sophisticated,66,8362.332989999999
0xf9471297e2c5027bc5d754745c55e4a0dd73464b,bot,376,1257.9737219999997
0x3a07c0a1611f1d28dd4f804dcf289e7006ff1171,active_retail,91,-50.23275700000067
0x77052ca7706c7f95801f6a30213a7bb4e96efbf5,sophisticated,66,16284.593212000002
0x92bf753c585227f0eaa66228ed0245067af7b886,active_retail,59,852.1500000000001
0x46f6a85769b2444524db62dda140c478f7287288,active_retail,80,-584.7006439999982
0x92aa0139340e695aafe72db166a6888c99366043,active_retail,69,4786.252576000001
0xf1c7028655f4bed1e93fbc7e7dfd8eb64c639e39,active_retail,109,142.88568199999997
0x981e2cf6f7f94321734e5a5cd20404b3dfa219c4,active_retail,52,25.736298999998805
0x37857d2407d24355a921b9ac3da368e4269f8bc3,active_retail,211,1161.5098219999988
0x0cc2d1207e77eb63270baee8c0f5266c49d8f465,active_retail,153,-5662.521963999997
0x0189d8f03406b04b146507720e91c77ce09ecab8,bot,56,2484.5093969999994
0x9df046090a3e6153ef51cba3b2dbb44c6c39f855,bot,11212,0.26987999999492995
0xf1ffbdce4cad3cced9d4ca4e4dd22f0761d32fa0,active_retail,189,13.147895000001881
0xaac38ae23f3df6afcc58b9d9201fc6836cfbffea,bot,4829,2552.868949999999
0x7507c981d6d3b815e9c08ad125acf2eae6090812,sophisticated,83,71.58381099999997
0xa2e402a2a1ad64bdafd70e50d928f75f425cad17,active_retail,178,1665.3773130000004
0xd85fcc9859b3b6e4a3c10ff0869d684325aee795,active_retail,144,-525.5781550000005
0x8131d2982105284297a144778ee26d4b0fd47ec6,active_retail,58,1108.498
0xf514bbc1efafeba4e69f848f75b31da3afec300c,sophisticated,154,-13419.084189999998
0xeab2ce2b54fc083d8c951b4d761517a3cde0b7da,active_retail,126,5.502879000001485
0x847878fc6631c0e90a91366a8a0a62e181410d31,active_retail,35,4633.0
0x28fc511703b3395601b27c1ebabdfd00936fed1f,sophisticated,153,1022.3943919999999
0x00fd7eb060c1aedbc2895e8c9a92436a70b1eaed,sophisticated,46,13979.233889999998
0x6a17579528fd5e8ba8c03c7d4091ded26b89956c,active_retail,237,2655.485018
0x0c9dce14118e356cd873cef4af9f9cb6b901c227,sophisticated,253,1579.8256069999957
0x466754771f328310a36dc177ffd42b3e59fe2bab,active_retail,43,3260.3654970000007
0xa25c6a3a28c922f6fc8322a76d209f943b026430,bot,113,57126.510368
0x1c705e94896edc7f24b37877b01ca4cdf4c84556,active_retail,168,1230.2830900000006
0xfb08fcf00951e0b96edbe919ad989acee175c94d,active_retail,51,-0.007368999999698644
0xbab38e898a448d62f85ecfd0c907aa3b8efba308,active_retail,37,1177.0827379999998
0x8f49c70ce8e353c0531d39f5448f0ba5f561bf8d,active_retail,188,3571.358898
0xb237caf99c01ead5c7984e9b3d99b271079604a1,sophisticated,501,170434.32007999998
0xf057db424bb96852bf01f97cb23b7f32be6ad05e,sophisticated,886,-3374.7663480000015
0x68404553130047a07c43dbbda45f5e1fcb02f0a9,bot,78,1645.5000000000002
0x0f5a0db04b825bbe48fc7a5dc796089a1dd016ca,sophisticated,99,4932.271939
0xd0644d18ce0cc103afc35cfcfc306e772b5ea9dd,sophisticated,86,1313.5500000000004
0xb0e10eedf50af8a13b76c9e738ed11674f3c0967,active_retail,195,-3361.468744999989
0xe8cb50df0edcf21673ccf080920a9ea7cef80110,sophisticated,162,50.29903999999863
0xbcdd19627d4f210fafbb3dec8c7aab5ccb8e4b8e,active_retail,56,1515.3110619999998
0x952b6c168765ce7a895ef1bfb2c47e9b4089edfa,bot,392,3338.7164090000006
0x46a0862604f3a7f079cd76ebea133b69726f3e46,active_retail,125,-23.046445999999953
0xc397c43dfbb8930978b2ffbe27a6b090b4739036,sophisticated,214,-42361.60116200002
0xbc57dba2400cbbb0d221ddc932c5cb98ae71ad6b,sophisticated,73,5376.04499
0xc9999df3799bfcaad8f997ba54df391157523687,sophisticated,177,11846.701415999998
0x6d3c1f5ec12c9bd3b141fff1cdd36e7df009f0bf,active_retail,44,1234.1198000000002
0x637a4edb907abc731a7ed1ab83869088949e6d23,sophisticated,305,1239.195455
0x38efbec3cf8eecbf616c27abac95f756e6cbb8b6,active_retail,193,-20.839366999999697
0xa1b3fa26d16c11b222f6785851981c2f560b0329,bot,439,33555.760956
0x1401a2805c5054347adf4355ca07b011fb773947,active_retail,76,-812.1083010000007
0x2ea8c0b5a13ec76817b3d7d6ed09f3d71c79530c,sophisticated,186,-945.4077029999987
0x9004f6a9b0104a2d4937e9f07203a696460cd2db,active_retail,123,-87.7450779999995
0x169fbc21f415ba81545618a6e05f6674890d9dc8,sophisticated,173,2298.9317859999987
0xa94dc724a2d9e4dc497c4e528431b81d4df8415f,active_retail,135,26314.637396
0x603779d76c7a5a5ec3d1ddb176d163455bc988ee,sophisticated,135,14385.986191
0xc68abc02251ef7fc5d5475a9e606f88fdd1a0e4a,active_retail,90,8069.941752
0x6126f8217d6f655e6513827c472f56bd7a106411,active_retail,93,14638.002609000001
0xfc2cdf66be8759f4ed7b8296234be201b5594baa,active_retail,102,-12.719656000000198
0xa624f48a6b88d6622ca1193cc94e5296555f7cba,active_retail,53,1588.288438
0x32c47e9c0389fb7c9630183c0588fc69f1964594,sophisticated,147,-7187.439301000062
0x33252f052ed079b399a9703ed09cd82cbbaf1c13,bot,381,150.03540999999967
0xb564c2066225e0c40a7dbe1348a4236dbe22191f,active_retail,50,6793.089482999998
0xcb511a62cd64f8ba9071d4b5bafa985f6729d2f5,bot,207,646.5649410000001
0xfdaf909419086e60a5c3edc994b695b8b94cbbc5,bot,23,3777.6492600000015
0x4c8fdc289a334e672ed5ce3e9fe69bef0a688570,active_retail,35,-42.80542200000001
0x5df23e6861481620c5b2ae1f332467d56ce07f75,active_retail,101,12.514309999998886
0xa202a9d23eb7328d2dcc5f05f2a240b11eb2c236,sophisticated,52,13306.540927999999
0x29005f2812bfb7dc20edc10954c2f33cd070af64,active_retail,104,-4456.505608000001
0xff8da947731c4d0520a4d2d05016c6d033289612,active_retail,55,-381.79568299999937
0xb80fd379bf896d307c56a6337f811d3de0c1db5e,active_retail,100,477.777388
0x84db1c50385d6c7b6ea8354d84fbfe48a2974fff,sophisticated,310,-48855.617786000024
0x248e29c7fa032fb6f2785205cc0911d38f30f917,active_retail,128,4000.2301829999997
0xa345166a5174258f764134a789da11436043b4c4,sophisticated,129,7065.4331950000005
0xd5349ce94d18e5f1f8721be034e37ec24d71d672,active_retail,149,-25.591293000000405
0x062cbebc053bbc2e5ca7e9c1fed1dc8500e01482,active_retail,208,569.6924759999999
0x47412e25034df5a236764bbe4458a65530496cf0,sophisticated,304,45356.297004
0xa795d0a12669cac5d0b0b41ebf92ea562f67bc03,active_retail,71,-144.01101999999997
0xac437977a6e0cb9a9c17c3679f531ad6d312ee6c,active_retail,166,-242.4530529999888
0x6a942d63b158c180ee10e93f98964aac406fd13e,active_retail,71,-10.857587999999325
0x13337ad24df8614481895cd33d4e9d70ac50e463,bot,85,19181.491373000004
0xdaf1ab28cbf3702e378d1d97e40ddf71592da564,sophisticated,67,11453.646059999997
0xb7bd9e4e7678791f9cdb0a437185c8fb17f7d2f8,active_retail,117,-60.6475119999994
0xa4b93a5be36d195ccb1e3489fb855690782468e4,active_retail,49,-7.368697999999672
0x5b8e191262e24035481c026db820cdd996f4acb5,sophisticated,90,33790.743931
0xbab95c152bf1aee69fda182f56cf7e2a69220fc2,bot,3028,160.2332410000049
0x58e7d7938d51d8db1e87005e70205fb4f6f64ad6,active_retail,70,4657.874518999999
0x254cd35f3d70b9108d86364055757177914ea384,active_retail,34,895.7959900000001
0xacebd8f36e12e831ca189198fe7318e9e24d6f8e,active_retail,200,-8391.103032000003
0xb32caeeb17df56ec9eea4de2dc91fc73d1424d73,sophisticated,173,695.6770490000004
0x3db4c677e267cba4982c8d286c5544c72220d69b,bot,484,4969.077446000002
0xa533b03a53aaeb14000e093efd5b0914d1d0a6a2,sophisticated,236,19750.72122
0x75378fddf4d8967ee81e5f5b771e3929a0c335dc,active_retail,111,-60.79837799999905
0x0d4979284fdf577edfa90e243485829fbc7ef30e,active_retail,123,-25.08700999999678
0x54886ba40c783558f16aabcda9383eb121c41609,sophisticated,208,11962.540403999996
0xffa9b3668fc2ad4b48778f89f055f7a89f26360d,active_retail,589,-459.3425570000005
0x7ed62b230d860eb69bf076450026ac382dc5eb26,active_retail,94,2656.174938
0x88984c1e68ad8ebc2dd735c3704a8fd7511ccd2a,active_retail,35,1587.6674290000005
0xb9e7b65862d5a44b4d6671f3b53bfe3d04290365,sophisticated,80,2251.4205089999996
0x665cc74ca0c03563dc4c71263d8d2b53617f307b,sophisticated,36,2439.656379
0x86bbeadd73c4022a83fa4b90ce703c526121aa3c,active_retail,83,-809.3521960000018
0xeb9714bfa9bad5064a601bb8ef0bae88e193c38e,active_retail,37,2058.133239
0x55aa9893bb1d492bc5d3b3edda2bbf59d5a773f8,sophisticated,104,5855.582321000002
0x5aa6446fbfa68cde65dd266b983621b01da09d71,bot,801,803.5350549999989
0x7552a2620828901be54d33d576f6c85ca31572cf,active_retail,54,100.80588300000005
0x52e2038f2088db2a48b43363c0e169e4f31f0a29,bot,54,-0.03802400000040507
0xf53703900d40d4b6e9fef1243a2e8c9eb06a73ec,active_retail,51,109.5719559999998
0x8959e339a8f4192a9e6a664eb290a976b8549584,active_retail,216,-55.19105700000069
0x988333dc73a3f7490d9a21dcb17730de0c775b80,bot,445,712.904285
0xa7ce6905990451685b70082424ac9129418d6398,bot,59,15964.316066000003
0xd9fbae066997767863db78e75e6cb66f9566f97a,active_retail,141,231.20215200000436
0x212af34bef48df3922c77ae109f67b690ede83cf,bot,45176,40399.45222100027
0x2664378dfd3545d08bd292d9d6d4778fb7fa827b,active_retail,75,3010.2948
0x523d695f22a172601a8fa8abdb7a229d58a72b5e,sophisticated,254,37805.216025000016
0x5a35f61f3c2fd7b25d177848bbcf0d83a3af28cf,active_retail,65,1146.351494
0x1ea0d32750d36c4f39219726b87c46acb7cce5da,sophisticated,63,79.15508899999918
0x543508f77748bd162094b0dd42a93a80a65d8ed2,sophisticated,81,8192.561475000002
0x9d9924eeb3cc4b76f0a8a2d15917f39cf21a7073,active_retail,124,-113.76244799999768
0x9f77f1736d14d71776543b3d4fcb8b09209b48a6,active_retail,101,219.64146600000004
0x9ec94b6e4fe80c5eccd5221c00e41e7b5e14c669,active_retail,104,4.410630000000336
0x822015fb069b9e0b4a9a7167fd5c20e68e309b43,active_retail,59,56.46528400000006
0x9bda8b7d9264c6ad0617c82e73a49d54a10de6e2,active_retail,44,-6.6723199999999
0x86bab339559a35a6866b9802fe5393f32a960d1f,sophisticated,62,14462.42063
0x2fc7ffe0bf47022774e111105356c7d23b2b70a0,active_retail,127,13.207510999999785
0x45e484f1c54e884f39c345134525ec8fa40e7d40,active_retail,79,-585.556558
0xfb8b215631c0fc7126909ed37820824eed6f6d35,sophisticated,175,2889.0000000000005
0xa71fc7cedb6a570201bb4ca887fd5001a4aa3ef5,active_retail,23,222.989196
0x47c1de0693ae7a03bcf183fabb6521b90144114f,active_retail,24,1063.281996
0xe286489c3d27668a420e72aa78b96db06360bb11,sophisticated,57,14458.644987
0x02c1aa9c1597be92a258be443eb234645ceb92f1,sophisticated,144,-226.84420800000296
0x633fab993d17ef8e5c8121f9675ea514146a57e8,bot,4103,1017.7874280000003
0xe98bd8b98e648b901ce8c520adfe53003833503a,bot,553,1844.912238999998
0xdf201cc5b74ae25f363b0cd0bf5c9b114b23be3e,active_retail,257,591.921139
0x5c057091a91e5a4f2090aad4fc43ae545ae68cd5,active_retail,129,15266.789359
0x640eae09f0c1a40f6f7050d38d16476eb592f2d4,sophisticated,84,2254.8934630000003
0xd76a168b96bde0bd11380fd609a78034fb84e371,active_retail,85,0.5534000000001018
0xf59db7ef18f784e17862c182d1134d5c8df38f85,bot,20194,9842.112298000036
0x8f3dcd87b7f1c9ce3299efd0aeb8ed02b224f7af,sophisticated,193,7985.387045999999
0xe0ee41e6407a32ca7dd5cf4e68df11c392b5e8d1,active_retail,165,2730.3452210000023
0x77fdc36cc23ff4576c9d8855324ce097120dd712,bot,1192,663.3276379999994
0x6612db8e822962fcbd785ad7fe8bf0d1746f0244,sophisticated,136,-2433.1122740000014
0x89c6ae77dd2e36895a7e4d8ecb31f91c76b482fc,active_retail,86,4437.198344999999
0x1d20843b461871d0d36a663ff852a53749af030c,active_retail,81,-0.5468100000002922
0x1feb1309db0e0c5e9e9e8ed0b0c33176a65c9f1b,bot,315,326.2201489999995
0xda070bd8aea7bdeaf952261b3afcd846bdb8aa04,sophisticated,184,5742.974215999995
0x4b53f6c7ed40bf2483e7ea8ace3e795d3ee1d530,sophisticated,145,-29.780249000002513
0x08ddd809fb9ff2f697fda263e6554a7edd4b7d96,active_retail,288,28276.743413000004
0xf53190f6528c0e3eb30fd856ae5e40c6ecb95792,sophisticated,122,8487.636136
0x3324a0c92faabdd55b289ea666344c07cc3ac3c1,active_retail,53,923.7096059999999
0xf7243c660277f8d94f3d57056441a9a098cad25b,active_retail,84,-1067.0833610000002
0x8b7a6239c8a1779b34b044e994507da90d14d6bf,active_retail,173,45.53717699999886
0xbcb61a2d51be9a0c7305dda7352bd0c3a961a31d,active_retail,94,-586.0185899999985
0xbff3921adb0a997abac3a137ab25b2893866f1fa,active_retail,71,73188.319282
0x0f640309108a343b4353f8e7cbeab885c4d01228,active_retail,137,-6.399016000000008
0x666ab9bd3634d854ea94173a8263040f3b724bf0,bot,4246,714.1679230000007
0xe994bd2885ece2299122008c8795ace361927638,active_retail,67,-94.18707300000005
0x44d34b3103d9a5665969cadc295eb27b2dc64148,active_retail,211,3261.938799
0x64d06b6371cef0ad17b8d6daf4d77071d89e21fa,active_retail,76,599.211475
0x1e436cd5a69daf2092af994d503583fc0ba3d68e,sophisticated,157,22105.011792999998
0x3b52f65aaa18eac58ff96b616ce6582a651d44cb,bot,569,622.9282350000001
0x9cbd1bff95df83cf8834561542c074dd52e75864,active_retail,67,-6.65248999999951
0xf0d020705c5ccdaeacf494646b299ea97c48f32d,sophisticated,96,12743.004951
0xa237450eefd63bf0df373440b8274ba2b2d9d59a,sophisticated,385,572.5845069999998
0xaa49ca2e3bc82d1691c67bdaa5da414ac653201e,bot,305,9875.529286999994
0xaa789d2b1467cb5b1772601723cc8456edcf698b,active_retail,54,3108.4606779999995
0x833cc22d38ce8054bcdac8d3ddc961c74575f919,sophisticated,124,1372.9656770000001
0xd1052c283dbdffdb90a45e9fc66fb0a24c636da6,active_retail,28,0.003078000000073189
0x17f6be1e37f662d42db1c56fa686ba31e0ea603d,active_retail,109,144.74938800000103
0x69c3a0c369fa75d0162cefcc57ea0ba9688599cd,active_retail,89,121.10528300000173
0x4ad20dedd07a47c3fc50b423d4558be3490c54bd,sophisticated,689,13852.97613799999
0xaa0a4afe932e276cbf036e4b4172ea537729d070,bot,317,-8943.00929
0x4dda44090631992722cba907976dc28c0846b612,active_retail,46,402.0268180000001
0xb8e157ef90615fd04f89f8438bbf5809dc647b0a,active_retail,100,813.926239
0xecf9486bfbcdf2df59db75350cfe6a8b7fc994d7,bot,1775,-52.40467000000025
0xe7e5660af82254613960011c3e4260f3e2707635,active_retail,59,-4531.260535000001
0xa7eedfe0b62ff592e16b8e6f3eb1289ab08cd4e6,active_retail,147,5194.754811000001
0x4176a816dec6de74907f10239a13f01560b3df3e,active_retail,92,-5.437203999999838
0xafcc2d063d0d7deb89056d02f97919075168ed47,active_retail,103,-30.02577100000163
0x7ced80cfdae60eb303713d523be09288ac538d62,bot,109,3558.6146089999993
0x6e35f901bf88f7b0eb6e87fb3c8e23c524db8ca4,active_retail,50,8593.472866
0xdc9186bce446e57076e2b4a3d0b683bb25440fdb,bot,818,13368.043409999987
0x824086a180fb702639e4455715eaaff696035771,active_retail,79,-979.7685559999985
0x21f8b27c3b666e11cf7c6fcf379116c8edd15f0e,active_retail,71,3498.2931370000006
0x8aa0bca7560970b995ddc58cd736931df8221160,bot,325,821.2116039999995
0x11d94288def16d483c2f3f5de4e62d239100dc96,bot,178,2569.2818510000006
0xf175cef9932afc267ae6635e617c79e0fe90dccc,active_retail,44,-22.138203000000175
0x8dc5a5ab53dfad57bbcf037635217eff5bdbc988,sophisticated,57,650.3992809999997
0x7a37b155092c159421c946aa44483972ea0791aa,bot,5560,455.0281839999973
0xff230f43ce03c75654aa78e9de09b0dc905dc5ff,sophisticated,69,-5196.5
0xa01b5f5d5eb7b1001086d049ebdda91c0f5bbc1d,sophisticated,202,2064.5206859999994
0xc302e227dc66fce14b9cebc0385f2f5b49583dee,active_retail,36,-2623.9988030000004
0xe204368e0daacfe0376d16f3ff26ec7f73290ca8,bot,291,239.0472689999998
0xb780ca6bb2fd64d0415c97879790546e2df44ac4,active_retail,218,-40.28706799999706
0x8fa21da8c75d6ca5bc788796b85acbd8ee4cd33e,active_retail,67,497.964605
0x4376dd58f786f5a82236bfb8a994c0063c7ec247,sophisticated,69,8871.337995000002
0x4d9cb5c0eb608c11049683ddc853179558555147,active_retail,126,-82.07203099999961
0xc1e591f8925b9b306f38cadb42650315681f7382,active_retail,188,2404.3921330000003
0xa07c39ac29cc1bfc632db9dd6017483e43b411a0,bot,1065,-42222.558309000044
0xe39bb016d42577bb94402d131c03fcc991703aca,active_retail,207,-46.86421099999746
0xf97eaefa3f884d713d86e0a071127997cd970034,active_retail,115,25723.651203000005
0x02de547681e0db4502b31acc458287aec27044e6,active_retail,191,-18.546001000000615
0x71d18bd891bf159c8588d982ee18033f7e1ceb8e,active_retail,93,-101.12600100000017
0x5bd8869b99273f8519543ce27aa09fa0f1fecc11,active_retail,76,457.68857899999995
0x898b0ed5c7a6b5c8eef7bae5dafe2e76a78ce311,sophisticated,303,9099.01079
0xe92357345aee3e5eef80a5910edf0ffe9bb61f12,sophisticated,91,-2485.3969490000004
0x83b3e0ed858bd7659cf5d99451874bbf9848cc0e,active_retail,70,44.054967999995824
0x6a4195e55a541f59a0d99d6607160118700aa3cc,active_retail,61,4352.927214
0xe5f5463e7abd0fd5ef468369ba508780d8abbdda,active_retail,87,1134.8357700000001
0x7f230e7d24c946a216c26ab1bd6a7836b461d89d,active_retail,41,6357.796332999999
0xe704701ec655516d5f4140c80c6f67796d4e81f4,active_retail,107,4982.811562000001
0x10e1bfe2a6d77631aee7abd537400840e5c15d54,active_retail,52,4965.362795999999
0xb71cf5b3266574afd7382270c7db6b95c495b079,active_retail,573,39.75402299999931
0xa8a7e8a3098489b35deaf29cfaa00345f59d9f3c,active_retail,344,-450.328474
0xbeada5f3c66bac520f9470cc5450cbdecbbbc81a,bot,225,-265.2421219999995
0x3f022074cb5e987f8613a40aef51df315c938ea0,active_retail,32,50.002350000000206
0xc8f76c00c599aa6ff2e224fd1966f97cefafb542,sophisticated,335,653.7083239999995
0xbcfe4e87afe7c4e15d692d2b12770bf73e5b9f44,active_retail,77,-543.0934370000009
0x3d9eba6b702e6e07dc197396e7aab42c44f796d2,active_retail,121,11.250470999999607
0xf5f377973ea26777a71fa13c14fbedac36928255,sophisticated,214,94467.87074900001
0xb6741dbab0eb9294f9ca3f64108cd9e87b00f5e5,active_retail,96,-14.625155999999542
0x6475ee01d547f85b3c9bab6d2177804173d4a9f8,active_retail,212,-5.030436000000051
0xb5ce7cae6d632b641bdac8bfd19ba066ca9c5f4f,sophisticated,435,1083.5506209999996
0xd546a8a8f6ad662bae7ed614ebdbfedd8260afb6,active_retail,62,1065.2211260000001
0x345a6a98a6ea0b268530c71ce0e40fc2016c493d,active_retail,34,1370.945799
0xb058a52501e3e841506fef66252c93eb27fee380,active_retail,63,20825.399383
0xc8231bd1472c97e28de0812205d316af01b3a910,sophisticated,69,8792.33889
0x712b1b5547636ed77f652bac53cc3653333a37ae,active_retail,38,1988.912829
0x25633274cf7cc7e628527540060f38a50784cf6b,active_retail,68,-17.349747999999476
0xc0aa8e04380bd53f36bd59b78c0330ae6e0d7e5d,active_retail,78,502.35436500000003
0x44ceef5a3c9976a44d009e2d33803f6b9b9d3efe,active_retail,58,-1575.8501410000003
0xcf5e56d11bc7f19631bd7e6aa93c5d4c28f98b5e,sophisticated,121,-406.4350000000002
0xe93811c34fc72dc3732dafa8918a9a3ee222a780,bot,3614,2647.053441000002
0x34815cdf23cf8cc426153c5c30ef0ce12e8d92b0,active_retail,65,-502.8122540000003
0x75f1ae7b566b64a95500db02d36e85fb2d9184d6,bot,54,15207.465981999998
0x480161a9ca30d3fb492f3b599d97704ddb030c0e,active_retail,48,-202.9696130000001
0x08ad57e02718ddc259241819a4d2220f26bc07ab,bot,11465,203.4366219999957
0xc0490ab1d26109c5452607cf7967e1f45d19a276,sophisticated,97,-3307.4591309999987
0x76147dd0c90bb808358fa186590e51f66cdd5d3e,active_retail,104,3941.486048999999
0x4bcfa9c793a952d0bf86a0e64e1bfb47d46ad2f0,active_retail,108,-108.2467209999997
0x0c3d65369056cae8ecca3f242955d2ef43d7851f,active_retail,45,237.21156400000004
0xa9a41587896db4c65bdc7d122652f4df083db628,sophisticated,124,104.04491899999978
0x7c4042a80922f74e9d4c47968c9d14fe22038074,sophisticated,63,28067.445644999996
0xc89c3632dc7be6bea3d82fba8e5f95f8f1c02e14,active_retail,146,446.87315999999987
0xc30c9317fb728e6b606b7031a3adff443238e1b4,active_retail,102,-37206.01708500001
0x91ba5d48f40d892c13a714d965d8735c3f36c6f4,active_retail,24,604.4409410000001
0x0d10ecfabe2439aa47a81fa71d38cb8ada7372bb,active_retail,20,-2476.5
0x035440f1f3da8184bca3152508e9f9a0802e6198,active_retail,26,4760.9349999999995
0x076d44d55c42928420b535ab1695f896aa3b8945,active_retail,83,83.19451399999991
0x34f701a2e213779ab9225dfc634a2f4856e628bf,active_retail,98,1752.001020000002
0x8618f35f0fad4d796761c0e8d44aa77ac51e4140,active_retail,80,35.07971399999997
0x942382eeabe93ae477ca386a299922b01df5161a,bot,765,-2.7333380000013676
0xb8fcb6181d9a5e8a106bb63a8d6653210623e860,active_retail,96,-0.8940959999999905
0x4403ec4476ec711d5290dcffeb617b45c2bbc953,bot,210,12554.531324000003
0x8913ef4b99950a97532a18cade6f5a68be2c541c,active_retail,80,142.75831500000004
0x7307e4b988a219d4df933a6e512e3f642f3f6475,bot,709,-24024.880533000032
0xcdddc0864632ec6d835667fd9d8c2de9509b166c,bot,1609,-28503.007725
0x3fc0bc83604b2cd2fc93a8ee6e3551a3250891a8,active_retail,57,11179.668230000003
0xa443be178c0eef7dfe8777baf100450128cf6271,bot,86,1009.0
0x1bf91b0a4f9843884a17785752e838c763e217bf,bot,778,2.804947999999513
0x07bd593bbbbc7b6f08831f20e8a1c8d704aab49f,bot,1197,-92.4101590000001
0xab18ad401c0bb87c68614a6a3295ce0b4b25d7fa,sophisticated,68,6159.681199999999
0x7d03f307af9bdba6fabdf18e572be0a26d72f8c6,active_retail,149,-0.3495690000000602
0x292d8b9ee42c698ac5cfe312ff8bdb2f5a0bebf4,active_retail,178,3541.6550529999995
0x4491e5cf02d4be0041b120fa0bfc3049dbbfae0e,active_retail,281,-9.094000000000127
0x9da702fb1a085c49f112246f3aa5850690878958,active_retail,115,640.7234090000001
0x52985d3cd2472ba93db56708058766967c874cc8,active_retail,68,1.2680189999991924
0xbaee79a6f6a597721b37c31e92b3b403ccc0d3fc,sophisticated,59,1716.408468
0x6e00badb5dc88935ac0e14fdd16585cd3db96c73,active_retail,43,1.8439429999997992
0x1373c2939f9cb4203be7fca1c6b812559de41d26,sophisticated,158,-266.5772240000001
0x781ab7dcf349bf121c0af3d318fc5d99a52f840e,active_retail,67,257.98974700000053
0xd0645f477a537c95c10692fd48ccee56d9a4ea28,sophisticated,146,-858.9109870000002
0x61f6804417a677d96b4929956a226fce83ef55de,bot,1109,-3.6133570000015425
0xc433beda5797bd414890a0e03ac474f6645db934,active_retail,99,6.791148000000959
0xa6e35e000d10316fb45b4575f12cc90e5e876dfe,bot,770,28250.876947999997
0x37c17fbde930439676805f5cd8c102d72bd7b9fe,sophisticated,141,15900.015447999998
0x5a8e6f7f4ef52b1c1e29969c85d2f523e7c3f55f,active_retail,45,10248.939457999999
0x5fdd66ffd0325d4e8d1d86fbec50caa31770a747,bot,111,226522.08462399992
0xa27784fdd82be53ed2cfcd4e103285557f4d4870,bot,1198,-39.85087499999872
0xb969cc642dbd8fe83fe81100b6bff2dd14599974,active_retail,72,-177.40641500000072
0x9fa627977ba986d0f56b8bf035ac5958c971419e,active_retail,44,544.3843269999998
0xea5981ca48dc40c950fc1b2496c4a0ef900bb841,active_retail,66,-9.300000000000011
0x3994f9d776f7e5d5bc7730368156c0cc74e2f3d4,bot,859,-528.6126339999989
0x83829c3d0a524a510e26435c4b244ed35ef76c17,sophisticated,24,67.01158699999951
0x4fc2293dacbc5455afe695b287952f56916621a8,active_retail,176,-36.318798
0x4f79972f7f7901bc0635d6f43948c6e06fa25263,active_retail,28,2224.244287
0xb2c66db3fb171eada3b505a2edd2ccae60826050,bot,592,1486.7537140000004
0xcecfa637930c93baed309d20d68d46075248047c,active_retail,65,165.7748910000007
0xd52e2c7edcd9a2502364fac44789c0572530008e,active_retail,46,18.337996999999326
0x5ed18dd77faec215dd5166461b3ff0822d9474df,sophisticated,403,-3721.3713909999997
0x6528a90cfc08cb860352aa8f3feec1058f640082,active_retail,35,3602.716382
0x50b731a7dcc124229d75dc177bd87f6d443334e4,active_retail,105,1589.0234759999998
0x07cf82d36fea3a30930f09dd68363bb388e42ada,sophisticated,118,4155.807787999999
0x822d46f95d64449d23df0e59d5a4dff966dd5aad,active_retail,83,-0.7287280000006596
0xf6661b2783e4c1b298912e8d70c420fc1a77d492,active_retail,39,654.669725
0x11c5ba28ec0aec8ef90af706f05f2be28d9ec203,active_retail,94,3774.1891129999995
0x416ba0937ea9cfd53ae3cd7defddce856fb2dffa,active_retail,92,492.07415899999967
0xf3624e2c9e034e2b498e3f2ab0ab0655553cb48a,sophisticated,123,586.7999999999998
0x22b5b49a683bfafd29e3830dc81a525f52e5e15f,active_retail,147,-4.705069999998831
0x8bf3a662e4b318e22eb788cfb24d3b73a0a38ab8,active_retail,50,29.628991999999815
0x1e3ea1e2875db1f2dcec86203541d3ba53153f12,active_retail,161,-243.41883199999995
0xf9880739c4c201afbcb447e808040d896b79555f,active_retail,45,5.94808600000033
0x7a6a7988280e0567dd30bf8fce2158681c49627a,active_retail,62,3538.170582999999
0xfd0e12e8e6f33859a247c4f764250ada6f5fd918,active_retail,52,4049.040216000001
0x8ab9f8990798673f0d2dccc704051d49a8c6a857,active_retail,188,-15.542044000002761
0xb1913a5743c05e87ebeabc341edec7766b117680,active_retail,54,2450.2581949999994
0xe6271d1173a0ef85d54b06987d81e9b7c8aa3157,active_retail,63,10064.293339999998
0x979aaa67fc78017217fecaf0fbbe5a1f6c9ed869,active_retail,79,288.78153699999996
0x130252b8f1ba2a1d235ff631daf9074886b43d97,active_retail,102,97.81975700000027
0x8e62d367a0944175726fc404cf2d45c0d6cdc464,active_retail,129,-26055.961490999987
0xd01d36e3d61974f2ddb44040816ad836232bfb51,active_retail,410,129.30188499996802
0xe3e65588756b39375af7470648b70d64c9efe514,active_retail,34,9899.450554000001
0x9840d050cef2298449e384528c7588e73d938b6d,active_retail,207,480.1306030000001
0x5be4a627ff050cda465601aea730e01461a209ac,active_retail,34,619.441507
0x4f3c52df2433483ac92264f779131b9779164c98,active_retail,63,1149.781286
0x44e0fcab2f3d7814b06487c331b73303a74dede8,active_retail,60,1482.2006420000005
0x067d08be2b805c0cb0174c059237503c0f462160,active_retail,33,195.28694200000047
0x06666d0a7bc7aece2c9b83508f69b9c1f0430f5a,active_retail,59,2059.6189000000004
0x3004f249db79b4cd37710ca3fc7115cdab62c981,sophisticated,185,589.6961810000004
0x60e533a513ac48898e5beee21e06a99da43d72e2,sophisticated,126,3503.035384
0x58d5b255e605283f6c0837a163d7b5d1afd1e8e5,active_retail,44,-10.577648999999383
0xb9e976e6eea209501c4b34773f6e624f1197e211,sophisticated,48,12214.643672
0xce345a5886db8e81110db667078bf5db70c8e522,active_retail,45,-480.02390699999995
0x0278604d2452696e0663c1de6db524060eafbda0,active_retail,103,-144.38892699999946
0x54443cf6ed2d8a6333a3763b53f6e3d494982f60,active_retail,41,311.126175
0xddb6e8206970f7743bd647e218f6e14c9b6f5465,active_retail,102,-913.1726019999992
0x8692c706f4dc121f5ca114b7fd9688b3dd55f1bc,sophisticated,100,-4034.87803
0xf184fbf3e70236ae0ea85b696468c8322480c247,sophisticated,83,3319.2682590000004
0x96347acc813e26396db02e46623a6f10809c3763,active_retail,40,658.9319469999999
0xd760f83bfc26c6088133dda45e6cc989334a00c8,sophisticated,588,1733.4329999999995
0x0a0e6024b623ee540948981106b3ec1f0648b0d5,active_retail,24,200.19704499999997
0xddf596ee2f5d636300f9598ffcd0d9d6545e5e00,active_retail,71,-5.860536999999908
0x98668f4a8a8a4d4cee3686423b4363c15635a712,active_retail,26,2282.0485859999994
0x20bc95b3004508e2a5d57903a4c6f114d92b9408,active_retail,68,-2.1124039999992177
0x25bd2b12e86f2ad566632c3a298d950ff25d4baf,bot,1594,2155.4050339999994
0xc31beb8fe55b7798cf007ebe51b20a0dbcaedbc9,active_retail,69,-964.7643299999986
0x466b79af5ad26ddc2315de0178ae83cc74b04bdd,bot,250,683.8553929999998
0xa2af946baf9980a0eedf27e2139c458e38cac7b8,active_retail,30,1.062529999999981
0xe1162e921c682b41dc0decca601eeca10bd68312,active_retail,93,2107.4469189999995
0xa7d36fb7d34db7fe9edd591ac6fa28eb47d15cf2,sophisticated,62,5544.685228
0x40bcf01fb86def0ebf690ec6ccb9bf1991b359ed,active_retail,49,-7394.993963999999
0x69a15f610397a97545c914964dc37e176727a901,sophisticated,134,20565.664867
0x02e02590b70730d6520780233d2cfed442fc93db,active_retail,64,1030.8248599999995
0xb29f34cb1eb0cad63a46b1eabc83489810b5e2d5,active_retail,65,-1.9703989999992473
0xb14940eb8015ca625221c5309a15318cecae18c5,bot,187,51463.41215800001
0xf619c10c768286203a6c84c17623362fc102d903,sophisticated,166,5103.997516000001
0xae00c504335b479f74cd58575c3f0548364af09a,active_retail,49,1982.55829
0xe2997c32e9b572df92705824ce4d66c6378b9945,sophisticated,591,-29003.304296999995
0x14cc266c0e47181a80d8f86d6f496a037eb7f297,active_retail,160,-19.10758599999993
0x9acf289ecd81e7c038e65735b540665520d94937,active_retail,266,520.5839959999998
0x2dbb96bf1a969d282a9186018b827e3b03efe1a3,active_retail,84,-65.93042499999977
0x44e45692525997813fef1a5a959fa0efc08a7626,active_retail,110,1123.343875
0x24a0378a49259379249e9dc8b859fef4fecbec28,active_retail,34,2989.5653770000004
0x65fc03cd71e89bd78701d2e313368932c0c25974,bot,595,11.854098000000118
0xc8f3e1ffe2039a9eae8227ba4e61f1b2ba7d1d61,active_retail,45,-245.41680599999972
0xbbed2c1dab391635901692e55a05094707ee804e,bot,194,-6877.490387000009
0x8ad21473c6ca3fb2b8156b41f07443ddbcf9a2b0,sophisticated,125,2191.05
0x23b8212feb0af331730112dee3a4467cc103f3e5,sophisticated,169,14856.657311999998
0xa959ec6be6c5b86a115ab2fb132fd19b3de439be,active_retail,64,1954.5019649999995
0x5eadf94ac5453e319fb0adbc6763d58596048f81,sophisticated,60,12777.002812
0xe8ea257bc60fd6f57a46fa7e1646d269982fc413,active_retail,112,62.47422700000107
0xaac9e50f7dbcf72f732395f534917c6a068cf421,active_retail,28,266.3928449999994
0xd151886d483f2916a654edfc1484a50b104890b1,active_retail,44,724.8525639999998
0xba15fb3c42520a31e9c660d3c78d1181e63befa2,active_retail,171,2145.4675270000007
0xecb98ff2542d9c57ec36aa3ecad3734b9e295a12,sophisticated,263,24757.0251
0xba94758848f955d5d727b1644ee6653aba6bc78b,bot,784,-1756.1081349999993
0x0566b3207a38a435551bd1269f2cf34b8e3e9b36,sophisticated,101,3020.255271999999
0xbeb220e0665e18da9afc37ab90510b4953aab716,sophisticated,149,10573.717434000002
0x0da9c128af6a88d04925283260e67243d3c924fa,sophisticated,82,-621.0956720000031
0x9351d0d0e39cf71defd8152baa19016899935cdb,active_retail,133,2.3039909999980637
0xa6d96120f9972d76b4518e0adf49d9ddde40071d,active_retail,64,-1027.3470169999982
0xd095b5925790e48d692fdd3f4c37c3713f218b08,active_retail,96,-1008.347068
0x0dae9f9d4c02b4501d4c5b674fd7a3230ab1b2e1,sophisticated,60,17189.663706999996
0xb38b616d2acd748487811948bf8fb956fa018bf6,active_retail,397,41.00236700000437
0x35ddcacc1b33a625d4cf93564a3ee6fc733e5c6f,bot,1591,1690.2651810001407
0x20c859408aa6d4c5608c8b437e45324edf486ca3,bot,17418,-257.38063500000214
0x679f5bb1c45019f1fdeec6c0b6ae6c7a6b36f44c,bot,55,2482.55845
0x8ecf025e456d0c37843789a717e24ed873151e8f,active_retail,101,-121.07671599999975
0x51f8fe8e67bd3c74db80b58ef7c36c0a9332e23e,active_retail,178,3213.6212630000023
0xf64a8755b3c6d1d2d33cfb995c91b96e1a90dd99,sophisticated,91,4802.150802
0x31c958b698e2efa97212f20c56c3c1e6005f13d8,active_retail,96,400.889805
0x96f91943667762bbce634653e01e1a4745611d08,sophisticated,505,6781.155119999998
0x422c44b991bcb56bb16b789e840f015333ef9840,bot,1000,3250.174881000008
0x60e2c6e0a00b1f0ad0272fc1ed542dd6aece9bd7,bot,19137,2124.6584309999903
0x7a33a8a5de080810b6fc12eaaddd80a80dcafd9c,bot,1355,-20.32650000000031
0x26e84534e00b961abf527fc178f637c3d9a47691,active_retail,73,2259.5649700000004
0x9826153940e48bef5c9c9dc99cb6eb3e25f76541,active_retail,155,373.5057770000012
0xd1d03fd3c7cbc10279cbaf4ce5d7cce40401d22e,active_retail,88,-464.84572599999973
0x17479261a66c8619c0be35c1c016b6893cf87e6e,sophisticated,47,9844.569871
0xf5e60a0a2e25a646a3974914ea5dcb78ff472d81,bot,2613,900.7663020000011
0x8adfed4d8b8cdd11fb96a53346e235fa1941a184,active_retail,30,5.684341886080801e-13
0xbeaa47727d3c687a47f4bf2741fd03efb9aa6732,sophisticated,193,-2786.624136999996
0x847eff05bb69470e32ae797706c09cae820e536c,active_retail,207,1695.3479910000005
0xd8ebb459de03c0d819c75db23509d8fe998efa73,active_retail,54,-1258.6085500000002
0xb207f14407c1087fadac180b6860a873200ec751,bot,876,10751.388006000005
0xf02db46acae920edccfd3801c2820bef59a7efcf,bot,171,8336.063372999999
0xf79294b567bbc63f61948a869f180348ce54f4bb,sophisticated,440,9133.24599
0x4b52b66985187aafd5a6d336a6ee4afbc9a12d3f,active_retail,66,6.240547000000019
0xbf39db2483d38531cdec199b78b11c0789b9468a,active_retail,220,16.740726
0xfd298c57a5844392757206703ee2fcc3e1f65958,active_retail,72,-85.03674000000001
0x58236fd76d6a5cc559582909a52c73285af1babf,active_retail,38,3899.955566999999
0x58c79457a516a7e8b9816ac60e791edad70baece,sophisticated,111,11877.311645
0xe906f8a6adfaa3314f2976300b20329adfa5aca6,bot,4311,1220.1275049999997
0x6368e29f1e5c692dc2a4c7da2573922e9ca6183e,sophisticated,88,2973.2844170000008
0x68b09051788f865f6a2693543a849b2c416ec482,sophisticated,473,2988.1948960000027
0x86c2745f22aafe88b91874d42d9b73aa1038297c,sophisticated,153,39331.884905
0x970c4972c6f56981d7cfa833d270a8224f7bb40d,active_retail,84,3250.186276
0x6a4ab9159b5dbacbb341b66633a97d5a4e3bf9bc,active_retail,37,0.7863479999992823
0x7d2616f61c61edade195a148997393dce857ff3b,bot,4354,13377.970361999996
0x2dbec72853ca57473efb4b1b90d39a664685a748,active_retail,178,8.416843000000062
0x87c30159dada4008d8d7983db8005181a3a59b4f,active_retail,58,16443.526695
0x8a737134d48d3da3a66015253bcb507cc994b29d,active_retail,70,-197.10953900000047
0x9c511c955408af597ca40f0bf19a88eb99598cdd,sophisticated,204,13568.434281999998
0x064385184c8e85405a39ba772598b2ddfee8c134,bot,2768,14291.99908700001
0x77ca088ecdbd8cfebf32b79058a715f28f750de0,active_retail,77,12.070468000001092
0x1c3a43493cacb44d36b3b929850bfa1ee4c46aad,bot,3942,10574.594302000003
0x6810460f43f1299227d4504a3643e680851ff93b,active_retail,33,-4478.243587000001
0x1b6022ae41ad7a0b387a88c17885c754436ca55b,bot,622,47349.473686
0x0d5aea1cb76060f9e9137dfe74b58f8ab00aa457,bot,9219,-8236.211449000017
0xaabb44e7746e36af8c6f1b5e996a06669d00fa95,sophisticated,368,-24025.65503400001
0x91eb764b126aa6c07436552454ea3b716fc19325,sophisticated,234,1850.1856099999993
0x808c00824715b0945791e338dfc7d8618f5af6f9,active_retail,130,652.2881199999998
0xdec4d67721725cc50dde8cee1c966f475cf8eaf1,active_retail,151,50.04086800000001
0x060da069c1ff44e1a87b68a0eb54357c046e1c18,active_retail,22,744.916999
0x6b61b495ee20b5a161b7f75649e3b8888b217a33,active_retail,208,3346.230909
0xfcd807b7eabd09da1a2b7d58658fa00543d5a2dc,sophisticated,70,2538.245726
0x44ffd57adfd9d24852e2ad94b350194ddb779bd1,sophisticated,377,2080.8706169999996
0xe46d1235abb13f307dbcc3543150e4f500d581ee,bot,1341,951.9644380000005
0x032028103de54f0c80115d8d7b9c2e967a3ed00f,active_retail,177,2095.692563999999
0xf10703550653dd59972d7abbc2679f71341ac68b,bot,30623,18847.181219999948
0xe4d7add21a786c673d48a314f3b57555850145d8,bot,63,20.009437000000275
0xdeee13d07be931c4502d8c0725c3d55520a88e02,active_retail,32,29.962697000000016
0x78b984c3ab733331a4806de0395017de67207046,active_retail,38,12978.826393
0x33642ca43ddb923eb86f65051988b683295f7e27,active_retail,112,-138.5761629999992
0x03bd3a2186f6ab880a52a0d7c7f31d4f875a3e5c,active_retail,109,4075.0359250000006
0xf167099c50dd9189c5b5c1994750fa47e44c0639,active_retail,126,440.30075999999997
0xc72243446b0a5a868164c013a8aa86c82b8d3225,active_retail,135,-1893.9969540000009
0x5976d58ab038fc1805ed68c948fca83cba1ae3a1,active_retail,93,2689.276626
0x172476b6471e2194f9220e3ea9827cbe8e1864dd,active_retail,104,7045.0464600000005
0xed2b4da877bb0c5e4cd78f874957af2430fd3aba,sophisticated,229,5976.680793999998
0x0109c407b1926090c6f45aff5ce0313cfb727faf,active_retail,71,71.17961799999948
0x9973c91648edd2ac49f2c465d13e04feefd6c592,active_retail,50,7.773312000002081
0x914ab012696665070d02f993da8ad2a19197429d,active_retail,41,2775.2249930000003
0xa662ea2f62093081299c9b2235c0fc6e8643d335,active_retail,20,5410.5
0xa53da74f122f564e289c8fe45ecc6d5a3de86b23,bot,397,-4634.762945999981
0xc52c3abbfa273f97090ec0f9958a551db1aa92d6,active_retail,58,-59.072926
0xa4cc7bec832cd81d4b0785569880bb8a93c42280,active_retail,114,2.6043080000009127
0x59777a9ed42eb1cc6c4bb1d0def6f738ff90a4be,active_retail,53,876.8249779999999
0xec3e0df14f912f72657a6d28ce4ea6f32b481d9f,bot,1616,2467.160665
0xe6e3c59695bfadf94061d5dac9401ce43da0db02,active_retail,68,-7.156983000005312
0x798355dd9d0fe29994c151c61d8c82219da88638,active_retail,86,479.53793
0x5f56951213d9c6756f868273bfec4ea78dda268a,active_retail,28,1721.6993929999999
0x27f2562cbc449f6b9f5f4fdb81a3d519e7583561,active_retail,137,1250.028531
0xb30fe15964655f469c29a0b7b7a7305ff02a9505,bot,1187,263655.4940449999
0xccd29ccca66e4abfcde985d027a775540e5e26ae,active_retail,47,468.900693
0x65f093d38d42f153f067e4ff3cec4d6df699f661,active_retail,234,-129.04413999999565
0x2a7484753f948891d62f2f3d504d3691e4a9b9b3,active_retail,91,13773.398548000001
0x4fd62e9fad15801ff578e05c2f805802bc7a6945,active_retail,53,-16.279968999999255
0x65ce656b55b892307fbb9610a3196b2954fadd75,active_retail,75,424.65846899999997
0x52ef4655e1ed43d7ac56da35f9a6842ed4eb7054,active_retail,173,137.09831099999838
0x2953a06430e0d347dbc4713036f51bb8e3995344,sophisticated,307,-1483.7527419999988
0x95706f474d6df29d228ee001a47fce4cd0ee63e3,active_retail,44,-95.15984600000009
0xa30fc484bb00546c207d7d352a45906f373e7e9e,active_retail,52,1.3000880000005903
0xdc8a3309c726c8a671afd445cdaf37083ecdd3d6,bot,56,-7.300000000001091
0x9aed38be0da4ead49647d8f837e46381efd6b8bf,bot,1276,-12.643379999999787
0x9191168dfd901075555a9210b6f1b90de248e682,active_retail,40,9.420511000000545
0x2e84451c58f540b41f0c9eceb4a36af8be583f23,active_retail,49,3552.4709920000005
0x6e4435cddc2562cea9491ae7278568859b793c0f,active_retail,849,74.2370659999915
0x44a84cb3aac1ba57159db60d6e5e3728444da833,active_retail,101,-6093.1481429999985
0x9afcf685bd1d5b85fbba0e2d8840443594c74280,sophisticated,106,18975.971215999998
0x2288637b91832917b3b633c5fbff1e3bc28c57c8,active_retail,64,0.0881479999999226
0x8c48edc53025ee8973d068386fda7c1064ac2b10,active_retail,144,1740.1480970000002
0x3ad147b6ebf66b357d3e807335cee6507bf25bed,active_retail,87,9.897880000000333
0x037bbaef99a452653d712aab4b984862ad072d34,active_retail,65,23.259974000000398
0x5a6bdda9047e09efa2d5b6f8de99bcc962de1a3e,active_retail,186,754.4115430000002
0x364347728e01d9e5170fd9d9dcbf1f80079a0fc9,active_retail,40,-0.00048100000003614696
0x79f145cde70b4fcdc9940dd8fb880b4ba2b3b8e5,active_retail,49,83.82349599999989
0xeb490cce328d3e7fd60c0ebfe911f7ec52ad75d2,sophisticated,103,-8.697814999999599
0x368f863932c3f655ed71b000cbd4565f1b3caa84,active_retail,103,560.353944
0x5ed340e8d96eb56b4fae82d18f94d584430b2d17,active_retail,22,54964.99509900001
0x01c1d5923269be6488c019d46a76ddb2bc4a6038,sophisticated,103,3485.53249
0x97f16e79d76a5ae27f8ff98f8b85f082d611cd34,active_retail,69,4.173268999999856
0x39a4ce07c865739b607cf09029404a5cd0d0cfd0,sophisticated,89,18705.589547
0x5b163024f1e37ebdb00298d34ce9899005ef85e0,active_retail,35,1696.453296999998
0xc6e18652b1d551d776e8779fb7454287b305456e,sophisticated,135,-1881.3926240000005
0x2915dde9e7ee9872f24ad5c2195bbc1999d34bdf,active_retail,127,604.1525740000006
0x960a756f56cc0cae44eef89317af5bea3cddda53,active_retail,104,969.3030740000002
0xc2b6e88f02df23418ee267491ddf12664b6d8d5a,active_retail,18,501.0
0x8389a722ba7dd233f54de06312b6bcdadec61899,sophisticated,262,12802.266588999995
0x17f0e4f377b6b0140a274466ed5bf58a4e332e03,active_retail,29,493.876278
0x1190b18ddbf41ee89798077c42fce20f261f936a,active_retail,74,1692.317639
0xa16afd03bcd27fc4335769cbacb438812106c7ee,sophisticated,51,-3229.240891
0x7cdf6851a08bfa4c5c39b94f7dcd0e68808a0681,bot,1458,139.98424999999932
0x950c28107e0e7a7ea561510fbc34e72aae7445dc,active_retail,40,-14.43412100000046
0xf50732d433d1f2281206e0d5fcf37d5bfb4927fd,sophisticated,103,2241.9819020000004
0x72725ce9b72f99e3e9383ce13fa83753c97c37b8,sophisticated,243,0.6049430000000484
0x8ceee82e0bf8a7de87a8aee48a858076305d088c,active_retail,71,15.323179000000437
0x3cb1a5cc9d37777df12ca49f65e83f9bb7974d5e,sophisticated,150,9736.895523999998
0x0f096b6ea310e795d8ff2fb7557a0cc26a6dce17,sophisticated,76,44.84078600000011
0x7539ee87756ced0e29ef938c281670406c01be46,active_retail,66,10.919578000000456
0x83ccd8ca5b43432658453f334f0cbb1d460c1038,active_retail,89,-0.5347700000000746
0xbedab44ff26937a48cf0bc542cae4425e56bf856,active_retail,47,-11.700614000001224
0x94e25a2dcf415d74670d9f314a7ac2dd2fcdbbb3,active_retail,71,310.347158
0x4d2cbfa31432c5c97a16a7ae2ca9f8f4d47c1fec,active_retail,41,-199.07670999999993
0xc1663f8051096a878229ffe36cf73631657e57d5,sophisticated,92,1858.2609679999994
0x991039aeb85a73a5665d6dfa321bb34062e85897,active_retail,84,427.0118279999997
0x08ca1a0df06f022bf89136996ad62b0031e491ea,bot,206,-1667.7866610000005
0x49a70b038835fb1a2984fea82110fae0766b3c7b,active_retail,153,36.19227200000029
0x0935b6c970b6d7502c53ea6320bc9d4dd38f0e68,active_retail,85,1767.5490220000017
0x50766b353578d13be63043c3a650dd2a33123cda,active_retail,94,-185.84045100000685
0x17dc85e214850f0974ca95466f2409d5c63b3ae6,active_retail,100,93.67148800000041
0xdc182a240e6efa11979b1a6ef3b746a68a7e3cfe,sophisticated,101,-7962.917173000001
0x2247f6fecc0ad0b7390ff721e5c991185a7ef363,active_retail,102,-27.009033999999964
0x636cd3e5750597c165796701e30339d856d8a2cf,active_retail,62,26042.968844999992
0x42d2fb7b008890b66ec79e64bf656941d5ea12c6,active_retail,27,-0.7755799999999979
0x9244fb73c1ba0136ca669ee67ab73c5d206805bc,active_retail,63,0.159477000001516
0x712b7bde298ee0a4c1c3d12c44441586a340b273,active_retail,26,-131.3535
0x4e2afb29705d9d5703dc422929980a65f1504991,sophisticated,104,1759.2894360000005
0x13eae7aa7d931a9b888d0917fb299eba5349a61a,active_retail,55,687.925941
0x2ca5cdd87064aa98930648317faa6e94c13a6465,active_retail,149,161.33178999999927
0x1365eb53439ff276d569e70150b2fe712c192ba2,active_retail,65,4934.904998999999
0x74634908fa5a832097797cb4c864c9cc4dd38fdc,active_retail,89,-167.79051000000024
0xd7a54fb457d1135a955bb799e6fc6520447aa584,active_retail,87,3.6377579999999714
0xe3451764d2eb0b4f6ca44f08b94bb760f0f1c895,active_retail,54,-50.0435409999995
0x7d7852294dddd539f159a526908e643850e8d414,active_retail,134,2.4615689999995993
0x530a5916f34f9c3ca81e01502807af4055a8b9d6,bot,231,1028.249135
0xd6a25e94d96aef6c54fdd71c338eb8158c169650,bot,62,-7.5029510000001665
0x38594fd02c4359975294b1ae63a527962edbffb7,active_retail,63,54.21000000000001
0x75c36ed1c475aec1f7fe85a38974fb61ed91c7d0,active_retail,52,-57.183296999999406
0x48cc8b8f821ae0b83b04981cac943e18e8bb242e,active_retail,28,2657.686358
0x57540fd45a08aeec2d247498579f3b9bfa7fce04,active_retail,44,1925.022989
0x1061e84306b0fd790e899b8d6f68d67e8f6936a6,sophisticated,117,1428.1600069999995
0xa8aaf9ca7c5a7797c60b0e004ff2b0ba622a3686,active_retail,23,3529.16
0xf1cfcb26ed0a98003ab337f377b63c2204ad3e1f,active_retail,119,-0.9104339999993272
0xb90d96922f719bae380887869d1d463825455e07,active_retail,116,-1.1752829999994514
0x6f17d6b9fa2ec7273467fbee5c22bd3bccb8af1d,active_retail,156,3117.313163
0x7f73736bf8eba7e05cdd87d34edba13ea90dda84,active_retail,69,26.6911570000005
0x4e0e8d00b1953f91b1e2eec94eec2344f69f7386,active_retail,58,-27.152458999999855
0x2ec9715f872b873fbbd1619fe0549f0195429e05,active_retail,91,12.27139100000035
0x405251dc5bb28ea5973446fe3a026ef8713eeb90,sophisticated,94,6604.318588000001
0x0ebd52a253743f9c52d4470b50051711df15ea76,active_retail,93,-102.82953199999963
0x638f8c80de850bca8b466b269f20f422682566f2,sophisticated,129,3034.150004000001
0xaac2469db4c243a2931acc252967b171bd97e8ce,bot,660,7887.921949999999
0xdf1da8c5c4d027c5430792015cb2a167ab884112,bot,1243,180.13402300000962
0xc1bebd6c274dde56c81e132d37b3a7aedde8a53a,active_retail,58,12.326966999999263
0xf976444a5c0722060048c0c5ab97352cf8aecf4e,active_retail,78,-33.72617900000023
0xdec12e6b9edc329075d953b7e0b7b39d436a139b,bot,57,-2.217640000000756
0x9fe533a97681b705c3811859ffa38d74198d3020,active_retail,52,2022.459146
0xee0a59559bce8c68244056df70033f24d91eb752,sophisticated,38,11990.072350999999
0xab188a906876659b96cc46cb4facbccdc7bbe3bd,active_retail,34,0.0
0x9d131196476b2fb6ab94488e4f0f309ba4d6b7c1,active_retail,52,454.1163989999992
0xf9d289bab5260780664e7866d1a752c0adc17dcf,sophisticated,80,499.48886300000197
0xdd6770c29264208bd813c9ca49253740e64e1d37,bot,157,356.18602100000004
0xe52b8592ebfa3b08943d4a7e94df51eef6bda931,active_retail,34,9532.403626
0x0284d9611ab901753772c5e90183e5224089a2e8,active_retail,36,475.1794109999997
0x78ac191831d81b45fc2958b564e96774d077a40e,sophisticated,121,1636.4885
0xf3c8d9ba3219421f112ce52cebd4b0fd9d60b75e,active_retail,40,2700.249203000001
0x46141bac66b4d9aee20493be484be6e35bb76002,active_retail,77,1489.8911849999997
0x7105c2df1392ec7f5c7751e13567f548f1dd31a3,active_retail,39,1068.9141429999997
0xa4427e0d4971ef7f2bc15aefd5f1f13769d397e3,active_retail,215,3519.2884360000025
0x6d0c03cb9e3c4ce7424f68ef1c0fa350fc6205d4,active_retail,37,1328.119792
0x32ed0b9c626f5b4b62e072fc51d58a788a553400,sophisticated,89,7269.359858
0x2bd7f633302e4c2718a0afaa98150cdb3730a32e,active_retail,29,2268.50231
0x9abd787548d72e85ff08d5711b6598b5f5f7648a,active_retail,63,-10705.316527999998
0x11d4d9375d49b8ae48d97f6de50e01fbab4773dd,active_retail,119,-3.3578010000007477
0x1c028975ff039a1d9b13af145ad13024f10fc340,active_retail,37,-247.66462100000012
0xeaf621f25bbe70343d009d641ac895b074091834,bot,1660,1475.9406199999999
0x29227e6be98f6b177ed4e4841cf818bd7afe170f,active_retail,58,83.58594300000004
0xa7609d5a70e35266de466d8f68d5b437c948d412,sophisticated,79,4385.519374
0x29ecb0561017980c34af15b8f706c79093e59467,active_retail,47,1433.762889000001
0xdfb3c01e2c08f25004bc9f5b450c7119a2d894e3,sophisticated,269,5487.237111000001
0x4154a5824e28fc15d2c61cb6bbe8f4546360dd90,active_retail,24,1704.6311
0x8edb7e4404d4f44f8d96c3c36e43636d22425c68,active_retail,23,-1432.4399949999997
0xdffc1f8859c67f9cb38d45cc2d397d5896ae9863,sophisticated,168,2977.769872
0x1d29f0dd61174cfd30877c1cf5f9aedfcd35f3b1,sophisticated,97,2670.9153589999996
0xb5909f4ec428b407c7772abccbed15980af22d7c,active_retail,19,113.50199099999999
0x8a186798cba83b5bdac65f48e8083f832b5cd8cd,active_retail,26,0.057295000000067375
0x8faabfbce4a5165d414045c896473da2e959d7da,active_retail,57,16.813047000000218
0xcd1f17037856c77c839e86cf2e7d07d6433edd95,active_retail,271,-1.003073999999966
0x25c1407512c9e0d24d31bfca8da3fd4b8ef0baf0,active_retail,71,7.559546999998474
0xbe1d5a863f16c78ecccf239c7aa49ce1b1ed77ae,active_retail,18,3623.9636920000003
0x82bfdc9e994dbc649db922cc3a79244cc9840bad,active_retail,18,2643.828692
0x258b45a7de3a1da1f08becd531d859f98fa81032,sophisticated,157,906.5027270000003
0x85a3bbe66dd6c89f76bfb04f036d2d72e63f84b5,bot,53,15451.080864000003
0x6c9d5dba833fc5ed5a154fd157631ca41499e2c7,sophisticated,305,72480.09840200003
0xdad3b1efcc4f6bfd26d94cb47b0505693e0f7044,sophisticated,214,721.893741
0x6ee9db52015d1ef3f474ced00b6b4b721e5818e1,sophisticated,159,17080.470488000003
0xcca1e025cee0f76221f5338123afc9fcd083fac6,active_retail,143,-0.11371299998968176
0xd95fc733f51ad16ef08d47e54d15b343570dd73b,bot,208,-393.8291320000001
0x3a54b8d7a61eb037edeaa7d97dae5d34963ad291,active_retail,38,-109.53567099999992
0x1c10c20a4eb48523e91454d65dfa4760efbf1cc0,sophisticated,59,3261.1777899999993
0x793b00578c91a5fc8053a1c6852c40aad1593acc,active_retail,18,1421.403298
0x01f7be4adc5a89028676679d1032680628b130fe,active_retail,112,1382.1185440000006
0x1d6c7adb62da97d2238567ee50aec63e57d65a92,active_retail,119,3199.0486600000004
0x0b909063f530ea508c43ae2c30785158f390c0ab,sophisticated,137,-1168.4561520000002
0x0372a8765a977e12b279b72c303b3d9d7ba4cc77,active_retail,56,2.099351000000297
0x21ade68b9659e31649e6f8691f0460101c0d32b4,active_retail,36,-5.785206000000244
0x3b4a6e169ee4232a28eac2a2bc2d43e1cf64d0a4,sophisticated,271,6827.738282000002
0xd2e21ce44c7c5dec3cdfe4a26c98734e8cea25c3,active_retail,29,11717.922376000002
0x94cc5f7be68caf596a46e6f2b30e7e4217281cfa,active_retail,59,72.96367800000007
0xb9326e681a7979e407b661f97dc2501099daa394,active_retail,90,-150.36018999999578
0x9202ea54baf675cc8438a244b0cc616198916b41,bot,211,-0.03079799999750321
0x46e2544d05260265012b7810ca4f50fd8282302e,active_retail,49,-1.3745550000003277
0xed677602543d0627fb22a9902327359d3aa2e6f4,active_retail,273,329.94630399999943
0x1b7bb36e2051644ea01e1f5707f592e4b91ad527,active_retail,153,119.29333499999893
0xa474077b4d6a6e91d3fee7b3994077ae0580af67,sophisticated,102,-3886.8035600000057
0x7dd0fb1d24d06c82b945b6df13a97c63f59dfc0e,sophisticated,63,-414.78629900000107
0x6067a4b66479754bc50b42165bb6a18e12a45aa2,sophisticated,213,0.15239100000119166
0xb8d725fb88649124d774f57526a8914be1b6730b,active_retail,41,-5.212776000000225
0x76282a274497b7a5760b9042b0f9b5c5c5b4b822,bot,175,5175.699548999999
0x169ad42f2d72c8b46e40fc97bd591d06a4e7be89,bot,118,-4741.410999999999
0x4d3b0017bfa02c6c2e65f5c90ad30a1e7df2a511,sophisticated,92,5780.525853
0x77f23ff679d3f10bcf4f7d63c9a4488893ae1742,sophisticated,411,-14835.381377999998
0x7bb326856e943b9e93897f7513a93a9e3279f144,active_retail,115,73.21964799999999
0xab3279b5fc4a7edb736d3d6e220af83af1a8252e,active_retail,20,1000.9915970000001
0xc8d4053aab9991a8128146738694181b62327bf9,sophisticated,129,879.6589310000006
0x66d98003be3cc4c2f34621ac1803fadc16b3cc7d,active_retail,93,5.154704999999954
0x5c29f43a3e5195014437f4e884add1fb03ac1ba5,bot,1622,2250.1833910000005
0x51100601c7f4b8acdb3a85e4873ebf797f9adef4,active_retail,31,5858.511622000002
0xb5c1fb22e4007cc53a08c1463f9f269c4123a531,active_retail,56,-320.1485260000002
0xae1c6fdd4f5f1a47864e96fa824c36008a1d5126,sophisticated,205,924.9309619999992
0xa526e460b68847c00f8f1d7d56f7a1ed3e698d8d,sophisticated,227,-47587.584526000006
0x942abbab30f90ed005656d8ec8cb10155570ad45,sophisticated,701,-1293.7874320000014
0x28205a128f5ba1c17389217d4f4d34eeada7a4ca,active_retail,27,1498.9795909999998
0x3e6987294a89c8855686f6fc6fefe3cc0238b7ec,sophisticated,799,3970.180323999998
0xcf6ad1279af02079e7879dcc9af68e526ce60461,active_retail,218,263.87205399999925
0x0ee9a2dfed528cd64278a64ef5deb529481ba201,sophisticated,32,1104.07399
0x93f081b3512baf327677ed3f15daeba517b70521,active_retail,60,20.738089000000638
0x1b41a62b4d684f4dcc8e31788df325a87a4daba3,bot,2952,12413.981564999996
0xe4dc7cbd9440a778ab0bf52aefb4ad230d98aa99,active_retail,67,-67.5490359999967
0x7214d6d98c82c762a7007635fe06dc16c6f97c59,active_retail,72,396.29999899999996
0xc3133a69495cc32635fbffd8b740458c3895c0c9,active_retail,33,106.26799200000004
0xac8766cb7588c7ce3a59873c247ebaa7f37588c7,bot,1307,84.07985899999763
0x88bd8a40ff1bbfed5f4e4d4da6ba8e1c8fc73cd7,active_retail,227,5109.75685
0xd1d7ea56e398d30462316c99a6c23247362b71dc,sophisticated,146,52226.429154
0xb7088d13fc6860cd88836a536a70cf49e77bfe16,active_retail,150,16.248256999999967
0x8b6d4c7665d31734847281975cc1eff2314a6c66,sophisticated,376,3010.465555999999
0x1fa49173702dee5147fe086d575edfc36b5fe9d2,active_retail,176,6745.196850999997
0x1ca31f490c514696a36871dfca9bb529b886570f,active_retail,40,781.508441
0x4a5f9621d24ec61609928a24ce500592390197f5,active_retail,27,826.7196419999999
0x1d35eaf2c494ffaeede2151ba91c52ed99908f7c,active_retail,349,64.68244799999985
0x1657fd07b18b8af2c5d804fd943b80db61c9ed4a,active_retail,99,9895.057316
0x47c627f1cb12fb9218f8f86cf46eddd658607356,active_retail,199,-27804.128065999997
0x53b8ad84c6d90388bf2ecc5ba631d7560c290a61,active_retail,32,293.075709
0x649cedf1e6dd471a3b987fa9da75a52992fbd368,active_retail,18,741.5749940000002
0x7d614f34a44c73316f482614597b2f7728758c6e,active_retail,69,-99.24103799999978
0x3a0ee7ea32bacfa2791ecc41160ab160dea49e91,active_retail,223,25.144187999997484
0x1ad4b0dc8d334388a40a8bac69ce34040f244623,active_retail,39,8831.474232999999
0x00e7e5d3f0282af182196355ae57ca01c55b236f,bot,124,1979.633800999999
0xeaf404bc0e1be1f4c793b9e504cd15f372fcab67,sophisticated,70,10756.474615000003
0x2f8eb17bca10d98fbccde511acf20581259c5240,active_retail,32,0.48870200000004616
0x214f9205319d49931280b63bb32f15aa31b75849,active_retail,64,-86.21981300000002
0x0f006b1e01ddbe7c6bcba1370cf3e1485aeb2b5b,sophisticated,363,17148.561587
0x34a9b90acac15d3ff79179db516e70a09b821f39,active_retail,249,37.5432959999996
0x144fb59d899af15df5ba1a7b97333ece9546a1fd,sophisticated,176,-1065.143177
0xe617bdf82eb26fd7a725cdca31b822bc2e1ebc22,active_retail,167,-687.3728550000105
0x51094ce9c5e00ebe5cce09fcef7974299d9729c7,sophisticated,130,17.870150999999623
0x12731248b4cde644e54fd65a8b44958a78d0992a,active_retail,87,154.06491800000094
0x223213cd4af69f32b56cc1c42c5dcb9ed14416a3,active_retail,82,610.648828
0x0934701cd00cb2805c32e26df71c07e04d4ddc4c,sophisticated,142,1197.2192679999991
0x5500f018104277eaa464d5d0d06c815302383ca4,active_retail,85,-0.5691320000004275
0xd4467d2b9eb8b73a313773c4c784c0de690072c7,active_retail,60,302.69957600000134
0xb0c798e9114e6978874147887f9c92da2a92c6a6,active_retail,46,7496.242497000002
0x32095908eea3a2704d296fc1fdee68b668f2c73d,sophisticated,158,-66.21668000000159
0xfa0b5073d4f42d64ee544722711d6a27961c9f2e,bot,2039,3607.8661409999986
0x2b41b161e260c49780c56920b06d5c447dcbb346,sophisticated,159,2834.186107000001
0xbcbcac1e9693531e4d327f6c1d7e65f81ee19264,active_retail,41,-123.67470599999999
0x11759b8c2bc20ff0aa779cbb19c11ee5ee89d6d9,sophisticated,225,144.2858020000004
0xbd4406a1673d06dd368a9113988bb14796dd00e4,sophisticated,146,8251.110145999999
0x371543acb30bff9c0b454ccf48365a02e789f74b,active_retail,134,-14913.497991999997
0xd5ae11053682b86a56bef4620e213bae10ad0e0e,sophisticated,211,-10956.381783999996
0x62315eb68a8b13112f9198a9918df28d78020147,active_retail,75,399.74350000000004
0x1398c3cd32fc6ac692cfe95b1f9ac94ab881a875,sophisticated,185,18663.071909
0x7372631d02f78c4e4979657b988c52e30ee58c10,active_retail,274,-1072.4378719999977
0x5f548182e539f7833bd6eb2e98bf6a14834288bb,active_retail,50,-357.13728100000037
0xe06419d792a97ee4b35144ce5ba58e17cbd3cd51,sophisticated,489,-452.1492979999998
0x36cd2bd5a4c38b76d584aa0e14ea0bb3d91c95c2,active_retail,198,-20.153294000001132
0x3cc7972431cebe1d55437c5e7105c3953c62cc88,bot,532,-498.21362100000033
0x2d879903cab6fdfdf453d28eae0cf401091bd12b,active_retail,52,1177.0
0xc6e2a7b6754a012eef6b3345f93865f8d21327b3,active_retail,50,1762.1366799999998
0x79973150e1532590127da37916b15bfcbc3bdd22,active_retail,44,-7.977023000000809
0x3e5d463a9e9ee3e8ea90b487fe3fcdaf78233120,active_retail,19,-264.750614
0x8aef4c506c46b44f39367ef23a93866405c93b6d,active_retail,71,-1355.83122
0x23f3108e6d55b312b7aa6b5d09c66b8519e3e2c5,active_retail,62,-3.9335180000025503
0xf77d8fc0dcdea5665c024f03240dd8bffd813107,active_retail,62,-0.5742800000003339
0xf54e69c4cc923e9cab54307ebdff6611518effd4,bot,104,13612.479443999999
0x0b1806ec9572432d2d1eb826b57fefdc23f1e9d4,active_retail,67,-13.017388999999861
0x0a0382e8ac8ba6cbe88fdb8e62d7209ce256a773,sophisticated,84,-6283.566494
0xdfbb20d1143c14119227112ae412d8950d96df71,active_retail,81,17.100593000000117
0xc74e2917cfd8a951c928352fcc7c4affadb09a70,active_retail,149,-18.604315999999812
0x0a1d9c0e1640e127af02ddb731c89b2c7a1edca8,active_retail,84,582.501292
0xa2dc24c7fd57b268e923466bcfb36ae4ae3af2ae,sophisticated,58,4654.552631
0x8e00d0b4c6aa415e8eec699ca58611c2f4123199,active_retail,62,0.5464040000002459
0x917dbad89ca15c9686a1669a8b40f041bb1ccbd7,active_retail,92,110543.58129199999
0x429796ea25d489178bb4c4ff6724cfdf1b043cf3,active_retail,59,-42.00002900000004
0x99804d65f54f4a1cc8c07ffaf0560ade83d4631f,bot,4475,220.9747959999999
0x48af98c00b96a10f4421d8c5f8ff27b349b89ad1,sophisticated,188,18663.385838000002
0x00cc909e0af063fdbddd06d8d1e8774bb273420e,active_retail,102,0.3874010000000281
0xabf98f91c9275573729cb0c506a34bdaffb5e26b,active_retail,39,2406.3300060000006
0xd12128f7c63ab5c8331140605c22bb5460fb9698,active_retail,32,648.3356129999999
0x3675783f40c90614550a7d16cb22042deb693cf9,active_retail,41,763.177046
0xda03da7a7f276f893c87916a4177ab3bb58ebdc7,active_retail,43,2130.9635830000007
0xe8bd32ed13481a1c7958266527148a51b3a2ec2d,bot,6913,-6305.93280900006
0x52e81b4b45f6a46a0fb8e6ab2b070a6a58726296,active_retail,40,1.4743109999999262
0x19b4001e7e13ed2b7cd15e16b39fb6048a874999,active_retail,52,955.0873870000005
0xab6c960b6ba46d9225e8c25f312f45e339b1e972,active_retail,79,-3.0584679999994293
0x2172813693633afb10f45ccbdd2f38f6526371b3,bot,90,330.39668699999993
0x23be06982915291ec4ece796cdaa3b9f0677e24d,active_retail,31,43.984682000000106
0x1af5b3ce8e8284f8f88878a57268d9b38b3dc5bb,active_retail,16,2742.0000000000005
0xa939c9ba33b085ca883b72c9924bfa0e50ea2411,sophisticated,31,1321.027837
0x12a1960c437322555300f48c3127ae80c6137d3c,sophisticated,85,-4721.194493000001
0x2c27a629be999a51f16373e0ccde29e5d8b375ed,active_retail,18,4702.5
0x163eff4d251df4bfc95c49f4d90cd1bf224edc5b,bot,2558,147463.95660700032
0x902fe9cc8921bfe7e57d42c1c9fdaa82cd421c73,active_retail,62,-50.5648440000009
0xbcda6110e1dd30abd7fede40dfc0a98cc72cebc9,active_retail,93,910.1478010000002
0xcce029b8adeee14290bd2c5dccb4abbeee0a6633,sophisticated,44,-1972.6977239999992
0x598fcf954ff1cfc4ed2dba69f7b4bb415df1d7fa,active_retail,62,-0.8728119999977935
0xc2f64000c3299fe7e354a527e1f98cbd15f54375,active_retail,43,0.0011449999994965765
0xacb88a69f4c5afdd6e88a144e8d8d6b6fc3295b6,active_retail,25,2982.9662980000007
0x908c7dcf7809c02bf4fdd0c1da917e5217646ce1,active_retail,61,18.891590999999607
0xafd0a438c639e1f48e910cc8a6ec7a2147ae00c1,sophisticated,38,22437.454200999997
0xe6313653bb5f6aebfad32455399994ae747a4dc0,bot,4945,-322.2257730000049
0x4c1f20c650ba1cd077cb9c35871614470d4da257,active_retail,213,-199.22677200000842
0x1cc6bf99e8f67446dbb9ed4351b2422b49a03b95,sophisticated,82,-1548.8492179999994
0x311028fd42414b0a03a543810f8237e75f7a907c,active_retail,65,65.78089400000091
0x600dd2248477adff485cf7cdce3974601c608261,active_retail,238,446.7704139999999
0x6e719aa412a6b82d31fe080aba28f511a3b25e31,active_retail,64,-4.7536389999993505
0x0b781d4f251f39340fd25cc0f5c93abfab7050f2,active_retail,162,495.3444199999998
0x32bbcc4893ec95cbfafdcfe0ffa1b82057ac4bbf,active_retail,102,332.4705840000001
0x58cd2b740075b4a569972c6225ab7265da119e9a,active_retail,32,0.5346369999999752
0x661d1f1f2f37e4a8b2fa2f76f1b8216951582990,sophisticated,90,1397.037923
0xcc2fdd7df1deead7ec8bb5cbdcacf048b4c6402b,bot,4977,2707.411410000001
0x0c3bcc614d259353ed6c1d8056b943c8968b1fa8,active_retail,83,56.47544199999998
0x7d708027dc46632fedd94a2b8b283b03a94b7302,bot,716,749.7251440000003
0xcd70ed6d8233d7d17e607a18aa7ff27277521e8c,active_retail,167,4.895689000002211
0x0cce39abf5ad6ce611ed667e0e36e286acdd78d9,bot,85,3936.9745750000006
0xc9b67b0f9f4d597a8017b1d06def56d74dcda2f5,active_retail,50,3251.626622999999
0x3cad5c3e9a4321975ab00b0f6c7e97c46b744d2a,active_retail,134,0.36905399999999844
0xf880b82ec082ddf89b1d0b33554dad35926423b4,active_retail,63,1425.4400000000003
0x06d6f6b713759e1c86d3a4ad02cf7c6ea05ed704,sophisticated,392,-7951.490223000003
0xcedbe93528ef8a92c29dd0b88f248aa524814d59,active_retail,46,-6.631019999999921
0xa2862e830bfcc11170366c03ae5c17d7371483be,active_retail,75,0.6460109999992317
0x40f98505e03b6aa3f44c8f4213799724537c4c8a,active_retail,54,1640.209982
0xfc1f07a75a7c2a3fed362617d7659411f57c056d,active_retail,155,2838.6813049999996
0xbb331abceb9e24c3117009758a887f63d1e67683,active_retail,56,-54.811188999999814
0x157637dc34686dbdcd953278c673f7335b91d05d,sophisticated,96,5750.1405349999995
0x0678bcd10b1369763da7e1bbb69944c41c3fe48e,active_retail,148,517.2689849999981
0xcb32027c1de441f2148b13657c8d2bc36c90c216,bot,3500,74007.56011299996
0x7ca5228cdd3b73a084c2a94e60cb1bf8fdd07225,active_retail,38,-87.286317
0x733b2ffa4ebfd125ee71e8b673bd08273abd7260,bot,488,15358.419102
0x6e7e227507569caead21e5cd32420197a6297282,bot,108,10084.945580000001
0x9970febd2855968edaadbabd882a688af6a1e736,active_retail,95,-16.340726000000018
0xf892c3787e51dcbc0ebd18f886d86c6c83b89769,active_retail,141,1729.0412460000002
0xd493ad7162c4873032be8c9320c88e4d720cd551,bot,299,1322.0582530000001
0xbbcc93f020dcafc192abcca7628aea8436bd4a90,sophisticated,113,25.23887599999989
0x42bd4ae14a7ec74d9f2a5387c5e277f90d61c240,sophisticated,201,44399.664238000005
0xe3b651823d4b70ae25f25a82226b1157fde4f25f,active_retail,66,1154.375167000001
0xf6dcf92e7b32d27c747d2f5dbb9cab7f1dde033b,sophisticated,74,4831.021764
0x0382d79a7f1232dd3813fd67b7acef1205964884,sophisticated,68,4646.794841
0xd2449ab985b1606c52f6ee494657ed8ee35f1141,sophisticated,188,-5.175125999999523
0xc1488ab4b35e40be51b5a565039f741036173c7e,sophisticated,51,8991.019226999999
0x5f8d353c16783d24f0b15ec20e2f824859d11cda,active_retail,98,107.91036099999964
0x58a0e1c15832ef0090977397c9d5fddd74e64cb3,active_retail,105,143.14499600000025
0xc5b2dbb840c2a1f5910ba885213f5cdfaf37b7b1,bot,375,9859.529818
0x9bdb83ccde0bfc0cecd7a9c93f9fbcb76a8aa844,active_retail,334,11.188956000000847
0x75558ae901f1f0fbb33ed9e84fe5fa2be4864583,sophisticated,131,-48.38734500002784
0x09c7766de4619d7f8eb101c294396f2fdece0e88,active_retail,104,273.0142479999995
0xe01e565cdf3a9fdf94e6441649478659b53c892a,active_retail,108,18.108955000000176
0x09abe5a741c7ffeb454d82eb4efc2764252ce15e,active_retail,97,-33.57124299999981
0x2de2136830c9910e96061f78ea3f58114bbcfeab,sophisticated,163,13.367523999999776
0x84f254cca0eaf677cec95cdd0d3d31872d0ce323,active_retail,102,2163.8066450000006
0x74d77c2816d648811c5569cb8e252ad09e0bc38f,sophisticated,52,1349.6596370000002
0x1fc684f0250e4af0dd19c33be86a88f31f041fc1,sophisticated,221,5090.667007000001
0x84837780dba87415634a5b158b1cebd0de75d76b,active_retail,62,-2.1271780000001854
0x0495ca918fd98f0b829cb1c9cacb9d6d9f469c40,bot,606,56330.777881
0x2ec823b5c546a396f1b036e40c7afaa7bbb4acfc,active_retail,57,-0.8717589999993027
0x16d3af38f3d710270b16c5563c2718321ed3c0fb,active_retail,28,880.7967989999999
0x48b9d4b9f5d32f3e5fe0c4d7e3257e88685e979c,active_retail,101,-2.1757250000002273
0xc356adbe6f0b111a1cd597b14005a5acfca2f96e,active_retail,43,945.845617
0xd03cff9911cc3e3bcf463854fe9bea7b97a2218e,active_retail,59,5106.526364
0xf955f63302fcaf880d290c1f5d8163ed50fda5f7,active_retail,81,-12.69305199999988
0x64e5a30af3d5f2f72d0a82446c65db6c5779619c,active_retail,101,-12.392389999999928
0xe2cb228c42c7361aac12e9d158d6b509b584b31e,active_retail,47,9573.416181
0x2b4a27cfef5364a9d56b3d47cab76897c78f7bd0,bot,146,27.115572
0x6e5aef34b4bb12967eaacca2127401e6ab2db71b,active_retail,121,3154.3
0x7483699cf26a35b74baef11400907049815942de,active_retail,42,4721.2278989999995
0xd72d196bbb3c451d6aebd545b252005e1f32d23c,active_retail,125,-48.54127399999987
0xe4dde8a16ef547e062aeaebbb0aaa359f81c674f,active_retail,49,-35.45513600000001
0xc54acd4a53eadf559cf0c2199eaf21d97b4294f3,sophisticated,214,4162.633251
0xce79ce6bd2d7a5fed60a6cf42c4ffc7ce2b8c8bd,active_retail,132,30.402248999998847
0x414ea271669acc9d3ad97501bc5aa54223d5b5be,sophisticated,64,2736.7010360000004
0x2a2b0ac85392105ed97a08dd6f78143bfb64d779,active_retail,119,-144.11715000000007
0xa5ab0fe08ccffa97e2de8e5caf4d7bd7cd32ed02,sophisticated,109,-5222.943367999998
0xf238d9c7db8aa99a2e96660e5334d4d0de3de9f0,sophisticated,34,2011.555056
0x061e33ccc6c9ac9c235e988ff6ef82a2fc665ab8,bot,1935,-12101.719452000014
0x36ec2f64a23dd7b1a69d8730bf99efc9c24acbd1,sophisticated,91,1392.148401
0x7a6cf78bfcc031c6ceef67fab02c4ff35de6dcdf,sophisticated,134,2963.5154919999995
0x7d862268142a94cf71930ece9e47c3d4a4bab93a,sophisticated,159,10759.52
0x8e020dd0e073debf50450aa5808126b52e018e77,sophisticated,215,7561.645343999999
0xaa5dc7da51a45ce9155a9ab4fe72d422e284ccb7,active_retail,63,2430.9
0xcd65e0b1b035f38b0b482ffc39a8daa81afb5726,sophisticated,634,-9818.748569999996
0x2e946c1f0aa7725e34ad3bdd2504bdbc9fec9467,active_retail,99,874.1515399999998
0xf523b58f202c27244a806bda5dadc273df8b523a,active_retail,47,8.442830000000413
0x5d4b2f10a3dc2cf124cfd5bd4a4466e0ec163801,active_retail,31,329.65401799999995
0x985ea78843c609bf56684f9469601641c68f9b74,active_retail,88,1530.2157279999994
0x915c8888cfa7095d37baa293102bc3a1891d2f65,active_retail,151,2597.565041
0xa48f5c5838401c087da8c65419eb84cb93f57fa0,active_retail,93,-1307.1972100000012
0x757d1d89fce4d77dec04f4bcedd74f7bf181a7cc,bot,1045,4998.004060000007
0x0b7834e50a5dd947fef129d1b9138d3cc17ecf90,active_retail,42,706.0711960000003
0xe44c260c46cb944b7ed906af67fcb75332f26267,sophisticated,132,1184.8289000000002
0x125eff052d1a4cc9c539f564c92d20697ebf992c,sophisticated,785,10440.417029999997
0xde22e428b62769bf73bafabf2d0fd8cdbe92555e,active_retail,74,15215.130229999999
0x4d879381daa50bf3a863a7c87a0d12f9e14b495e,sophisticated,124,-4768.7219239999995
0x9434ec17e455b9e550b2f0ef6b56f8fad6e9d2cd,sophisticated,184,-760.4349999999995
0x4737537c74f94b8b38007a503c258792d41d46b4,active_retail,83,-6857.955
0x0fc02bfc2742f58ddab20a9b0ed0664e8386d4e1,bot,2763,447.7297729999985
0x1d41bec8d05e843cf7e106f24708632b9884a9e0,sophisticated,82,-7969.573686
0xa3fb43ac0edbfef1a0bd402b92d3d9105cb719c0,sophisticated,194,15616.13761899999
0xd7d58fab58c97b8113f26de581b5f3545151d4d3,sophisticated,271,1216.7335100000007
0x4150b2b2d4e13eeeb0e6f4b12a6dd763e099d0eb,sophisticated,197,-1831.987929
0xe0b4c2fbbbe906d41323011b0840fbfe3b551bc1,active_retail,56,63.88168500000032
0xf9151529abce6aa8357b99707ec06607cf238720,bot,1660,98813.62672199999
0xb63364bb60921c418e8a7508471d2fb36454dd2e,sophisticated,355,-66.55859200000054
0xd227e2c3fdd57aa8e261ca97a76e31a0289ace88,active_retail,41,1607.1995989999998
0x2c48b8c589b5bb0ad22b305f6de1952645ba5f69,active_retail,81,9.295253999999222
0x50ccdb10cf301c0e59712879d13d16c5e432f773,active_retail,44,15.261236000000292
0x70bbae8501e8f346168c06c32e9f7d42afc1b180,bot,8439,11764.856854999924
0x30b8ef384801d1d73d7ced65db62924837c8ccb7,active_retail,40,-6.103038000000652
0xc28f7810d0fb5ee7338dd8cda517ae2aa053bc27,active_retail,34,4.161899000000048
0x2159a1d7e593e30589204c7025b50c53e0a970db,active_retail,64,-68.7190070000006
0xa49b52441a7d27bb87b85a0f55ce05a4dcea1907,sophisticated,71,20749.206477
0x9edad2784fd3941b9de2734840ae27025079b9c8,active_retail,38,29.73966499999999
0xcef6d3ec09625a2c1e6b4197e9c5eb2bd16dcf53,active_retail,151,-385.433937
0xcf4049c4f25447df4ef791a585675b962ad187de,bot,159,-21197.492861999996
0xe4b2396323001f880d1429400f5a8259845e5dc9,active_retail,106,16871.499456999998
0x0440dcb154efeb3896dc9e6305d3df52d889892b,sophisticated,195,2273.041496
0x94a148b40aae95e8bf2bd2ed428eff4097372075,bot,160,1909.977723
0x829924e17b48812641c508f960c4231424e279aa,active_retail,170,41.75622199999816
0xbe48b0eb91251d75495097f68f9caf73e6ae5c58,active_retail,56,17.274211000000378
0x88feffc9beaba8797afe66d41f8bfdde22ad03c8,active_retail,85,10.964306999999707
0x12bf41f0a9db33922280578a996ff28a3afe314e,bot,510,-160.4366749999909
0x475ddd0d556ad35d3e95fe5e4134771c3e28f0df,sophisticated,294,1354.845699
0xb3e24f306dac71bf343259409058041afea22c81,sophisticated,21,14535.8287
0x00ff5f79641fbac2c8829f40f518b20f54df34a1,active_retail,22,2153.6325099999985
0xb43eed9e44a7b4973ee662624337c6693c8dee16,active_retail,44,-1912.165346
0xa3b8d4723cc2e848304945263ae0fe7e258b8359,sophisticated,667,147.19254800000147
0x2da40d4f3c7c80cdc9239eda8465b348cc27d4f3,bot,156,16837.084335999996
0xcd8732300e91c38fa29417418767b8c6210dac38,bot,720,9591.486383000005
0xa5675f8ce7ff2df3396326068ef1f81275dfd9d5,active_retail,32,0.2382339999998844
0x9e3a517b8eaaded6981267af181874127eca6dc9,active_retail,59,299.499701
0x021c7df18153e2636e368e85f0cedb34c245232f,bot,273,-2437.009347000002
0xcfaaff7e4ae1d7d37a59e033f5e3629ad5eec089,bot,66,1990.4462450000003
0x7036aa392a0adaf932811450a3607b46c6133228,active_retail,249,-928.3589990000023
0x755856a7cea142053930cbc70280a62b91b19a9f,bot,64,-1.29999999999999
0x744366414f9673fc817c085cbb0669a47725e010,sophisticated,97,6321.49043
0x19f170375cbe336e3ef210b70d39a4b0d17d1c8e,active_retail,58,1180.7238729999997
0xe5cfe94de21b6855a21a0c570c38df222639e4bc,active_retail,218,1213.45264
0x5c2f05f661bc4b3fce17e41b43a06026d0d6499c,bot,33,1299.4168340000003
0x7d1f3ff6ad63bb8bc328cc6c44ba7c5ee164acc3,active_retail,47,0.019999999999886314
0x9d0ed2d3edb1a23914c6bf54e693340b0dac9485,active_retail,64,969.290739
0x985d4a720b9b37ca107d6d2fb9eb76adc4714431,active_retail,108,156.3768
0x1c9be677ec813c7d0f97e65c435ba3f4459af9cd,sophisticated,244,-9088.886126999994
0x8ff450df3b012c39f9be3e02463c42676e26a589,active_retail,74,-64.48199700000004
0x7166bcca20d19fa10a7b8d5c9fb845b394ddc301,sophisticated,295,6094.772790999999
0x4e820a4b31acc9d0649fdef68f9239f0c997b85c,sophisticated,670,242035.829452
0xe1e5078e3785f317408591a1c17bcc685c28cdc0,sophisticated,44,12757.838011000002
0xbb02a31c3097952b36a1ebd154ab8de468aa44fb,active_retail,17,244.193998
0x06db9e1b309e2cf9a3c2e1eec451284c1f90e09a,active_retail,38,-1.2496520000002405
0xffc00028581a2f7e03452bf240527244c76f41e6,bot,102,-75.5398259999998
0x4b94149993de9d979f92b86db1d5e3042cbf3798,active_retail,134,-57.74017500000017
0x1d2ec998ff9eb6c828d99d3c0c671f6bc8dd3ff0,active_retail,116,-129.58384799999888
0x7d3152c3e89af5be9cb2d4ca832b9435016a8e1a,active_retail,33,-9.71676500000192
0x123de0ad4c48b38afe04769bad4b4739cb0baa74,sophisticated,24,238.3742549999999
0x068d7758960cd9e86298117aa876b7d35a9731b9,bot,8307,43.66433000000404
0x475bb0bbf9fb4012de12200ee5094a9f0e33cea5,active_retail,126,-0.3255699999999706
0x7c72ae1004b228faf32ea071de2e52f1d1947e20,active_retail,24,-996.793823
0x18aedc96c18387a4e3d6b5bbebf946164149026f,active_retail,20,-0.002506000000153108
0xfe0342a5a8b298b4013a93f6295a26642ba98124,active_retail,23,20923.236817
0xb15dd8c105ae7e047e56d0a2c0bce2ba8c3b2851,bot,2563,12532.227538999969
0x476322a6e3456dbc0ea82d1ee7e1b7c581a8401d,active_retail,57,-3.1119510000002646
0x7038575cb797e9cbafd319246851dcfee878b720,active_retail,100,13.431534000000259
0x1e74e1677490a855291664bdc43dce8dc565beb4,active_retail,44,637.5824240000001
0x240c5e0a63f21df4d86b401d3276011ee490b8b7,active_retail,31,0.8464840000001154
0xb3ce6e03ee2b1718dfe464ff8acc0d71088ebaa7,active_retail,59,8.008198999999752
0x1af474520f1904ac24e19b68b5c7174038700d0c,sophisticated,130,13764.740578
0x1a1d18b776c297539df61b4f394e3c65d7b051e0,active_retail,51,931.8001939999999
0xa69c826c5510b1b1fd8a73abb89873806ae422e4,active_retail,32,2092.706006
0xb1bfdc6b03a0fdfb1e61d166f6b6908597dfec67,bot,51,-9.773630000001504
0x3f13675750fd11d95a22fb6a4c1651d64db33100,active_retail,34,-2.509041999999681
0x65a57699b0492c42327506ea8efcfd87895c84b8,active_retail,76,-37.28247799999974
0x3a56cac353ff72b379b61c8d2ee161d03a614738,active_retail,135,-104.14700800000091
0x23d96a68eeb7b5d64a086a3ce2e4f242d6fa3a2e,sophisticated,371,-1213.3964280000032
0x99a1d284603aeb100db9b80b862af19a5b321310,active_retail,54,-700.3709880000007
0x363c709d75cef929a814b06ac08dd443cfb37311,active_retail,165,-4228.263877999997
0xd8cb88719dc15c284a56139077ad94dc73d0fa31,bot,170,46153.992569999995
0xcf8accbda6a3443a3bdd9aa87be00704d9742848,active_retail,349,0.2939569999993719
0x9c66d6951800760738f8e6c4ef00293d0aa1076e,active_retail,55,16.70659799999885
0xde53347a25196dfbdde9ee77e717766e4fe11507,bot,956,-408.3206859999998
0xa0f698788db0c64f4d44deec68393fa822204892,sophisticated,39,-153.359573
0x1b21b5cfb52c3412a57093b5ac11d2ee132b4d84,sophisticated,834,374.9118569999994
0x1cc77a56ab3b6bcd3d9ebc891c84345d5f7b6e23,sophisticated,378,785.1927989999997
0x7b7ecd20307236c237b4f35e8ec83a0507cef34e,bot,83,5910.522144999998
0x20e386ea74e6983615989efffe5be60631081817,active_retail,108,143.5
0xfe90d2ff164b8cd2636a26dfa1e3fb3e347bc4aa,active_retail,102,2.1096360000007053
0x4c60d8ece0e2ed85e463b363fbb9ce773e3d38bd,active_retail,25,6455.366795000001
0x7ff492dcceb3b85b328f6fc66976efdde54febd9,sophisticated,264,-20098.067771
0x4878bc9d61f151b8278625967a19bf7977b8d30a,active_retail,57,-2076.7238079999997
0xf9da3a3f6895cc4d6c702d9fe7a85dc174e0b18e,active_retail,33,173.0
0xa8e2fd9f695ae3294dc9b2dd015fa0bf16f59308,sophisticated,136,6928.310842000003
0x7bb83c402ff7d1f3e8144acde081cab146c0dab9,active_retail,26,-55.140288000000034
0x3cabffd6bcb61ee9eb73a439214a3597bde22189,active_retail,77,-592.562703
0x9b83e77543fa7532eaf0287e8e58e0ab7166e968,sophisticated,62,2.560501999999862
0x3fd49cbe407f1c622b4d849bca73043ab9196372,active_retail,55,57.368326
0x559bb4252d413d187c245f1d7773974c8d59503c,active_retail,88,410.460688
0xd381ae454789df97f384fd22072b7e980adbe10c,active_retail,35,465.29199499999993
0xca742a8156518a0ca4fee2a733212be33ebee37e,active_retail,48,2353.500625
0x72f03f5b574793baff3a65fa19f9625da082e616,active_retail,28,3758.8866940000003
0xa51ba0adde7a310876264ce993370446b8febf3c,active_retail,33,324.2309450000001
0x55ffbd0e694dcc85f03b8230b040be70db60f153,active_retail,63,-2019.450077
0xda076158303c46644f45af829f87bccfa70aef97,bot,91,-359.13019200000025
0xbdacda1156015830581af9b1421e49421eaf547a,bot,1488,-11.524263999999672
0x1afaab6cc7812fa583241d860209cd5b041a72d7,active_retail,506,146.20607700000073
0xcd80a612fcd18a34e4f3b76cdfc5551ec2c294d4,bot,4459,586.2164710000013
0xffa0137b7ec03ce0b81a7ddd8d25b170e632c4f4,bot,297,367.2713729999998
0x7a8e086d9bdc4b185979963dd2b38b546bfb998a,bot,3810,8757.845977
0xb4149d32a54f352ddf6b0dfb108f101f659a58bc,active_retail,34,3105.110218
0x33c5a09075acb8fe95c24396213b0e68368cd2ed,bot,1252,-1319.9548719999982
0x89abfb32279d8910f017f772c27b1018b8475539,active_retail,97,10.459703999999874
0x77e556f0aa0230c44635318a5f4f838cc5fb4748,active_retail,77,-4.583048999999846
0x5af6087374eb7c7a7f487fcd3f390c6497e3aa84,active_retail,94,-1729.8586420000001
0x2b160d8cc6f4aec61f1abd91116bd81b08e6e00b,bot,99,3702.7034309999995
0xf24b9be5ee2392924a495a1249ed956105f88f43,active_retail,69,4277.660182
0xc9474e52ccfbb5818f4f66a36e06ff0e966c5107,active_retail,35,-147.79593900000032
0x49aa8cb23e410bca0652bf698fa80166df5c7fc7,active_retail,163,3538.6676039999998
0x9a387718eec17f1350042c790359d47c6564c582,active_retail,39,8206.878
0x9a232f10a4216bcdef1f8bdf7cb68d60ba4e66ef,active_retail,29,65.196197
0x9b3dcd99eec7fe11602e6534e6302c0f318d7422,bot,5257,1069031.0537250007
0x19128f2cd40efaf53c18f276d680cebe84d578c9,sophisticated,75,-3140.133759999999
0xab603fb7e3132397c087eec588c86fa95c11d908,active_retail,58,-145.2960019999996
0x602d1ae6b482359c97b54fbee19dc057614e3534,bot,1423,-842.0793050000029
0x1a10f3dfad4232689fcaea0b8757906551752768,active_retail,38,955.974991
0x310f6937ed43dfb00722198ff787ca4a61fc4e42,bot,2038,156799.68907999998
0xee7445dc99ddbe48ccef18e5cd047631276e442d,active_retail,421,-294.61848000000265
0x51d44d4f2f6e8602e3f4bc7a24c602aacce4bedc,active_retail,176,50.35261199999577
0x36f26c2f78843a56619fd7ad5c3ae82d6eba44dd,active_retail,55,76.46499999999999
0x95fe69e56db239cc7778a801969351638b7f01b1,sophisticated,86,18383.635592
0xe29e10e0e9f9c858247d8e0f92e36fade649a5ab,sophisticated,99,95.40073599999943
0x1d29d85a093b2752d1e55b08ffcae23900b2e109,sophisticated,108,13464.054476999998
0xf107ef01b71543e973c8d596b8ed26e6f70cda9f,active_retail,40,-1.6744120000005296
0x46b1e5954d725102d2299a8040c9dc1a589cd9ed,bot,1096,-31.277341000000106
0x234cc49e43dff8b3207bbd3a8a2579f339cb9867,bot,64,30633.712685000002
0x28db80e9161ebcdcbef4227f2dbad3df7eb0cd59,sophisticated,98,10387.182144999999
0x0f9322b849b688b24d1513c1168b3d728a1b6611,sophisticated,80,-7361.515731999999
0xb9ecf8b77d83ae888153bd239b4774695645071b,active_retail,95,406.346623
0x672c932b4341d940ee39ca62ddf95e252b9d7afd,active_retail,44,-547.4760279999998
0xbe579599fd10ebf6781a793c5eb3eb808d7d7773,active_retail,27,41.50591199999995
0x031e542eb5d311e97f0a52fc2177b7276bd3b68d,active_retail,60,6456.2208630000005
0xf58b7bc00bb116dd6d90641cfe6ee82b77a7b274,active_retail,134,5872.870431000001
0x4e9f096146e8e145d2bf4ba69a41fb81e7e0ab58,active_retail,55,503.8176870000003
0xd41f9f2b5631564d1f91d488c0744241e969e321,sophisticated,94,2432.1906
0xe0bde0cadc7fc3d1652e76d03f1b5ee49f51da75,active_retail,41,-78.71162300000016
0x6b060b70918f2a71b26e4f294312776d29d7ace9,active_retail,33,399.62058799999977
0xf9af8926cb75012967a7517f8b18df7e8a51cc49,sophisticated,136,-1528.165381
0xf24db398ce67c33049d8775e6393d87cb9fa0e1b,active_retail,154,35.07787400000234
0xcada1f0035fe76d632cde72c2b35424e7a2ae535,active_retail,163,743.6199999999999
0x4ca873229d60329dfdb9470190e323b7371f3998,bot,252,-4547.831458999998
0xc2a01bdf0d9670f3f81d73a54800e586b63dd19a,active_retail,55,598.2268530000001
0x0c67ae3e3267cc06faca3ace10e52ee618131b65,bot,187,-590.3330000000008
0x7db209675792bbcf15a453b30877418a6f488ad9,active_retail,242,-122.04629100000295
0xc730dff0d5b04d247f7f79cba53568610d75e340,active_retail,46,-48.37983799999973
0xcd54fed8f01dc90810c66cf7a92c7ad93aba2941,sophisticated,209,433.947866
0xae36db2d9aa13bce2da12413a6211b375ac6dcf6,active_retail,93,111341.18416099998
0x574f9b3618e8275fdbb99672453cf4680e3c62cc,active_retail,51,-988.6538130000007
0x8744ca48fd0dc68d7db6ec7401af27f5cd41867b,sophisticated,183,7464.405725999965
0x5a0c0313e3c266118d356938982bae8e148bb6bd,sophisticated,53,-1382.2198790000002
0xe1053371c2926680a20099b517813bf8a0375b88,bot,209,-875.0813589999987
0xe2759fac66f62e69b62c5d19f1cc0e2f090af00c,active_retail,85,67.22617100000002
0x56fcc141d24f3c9c29c72165ee2594cc59df733e,bot,5148,91903.9600609999
0x748b3c26d90330aab3c04ffa8d930ba87d620153,bot,9309,1368.869099999996
0xe56fc6883b561d9ca3e71c83f4f406325029f9f6,active_retail,26,152.961184
0x27e55d4c26ee536d86ce81b54d7afcf3bed39e7b,active_retail,29,4039.2948750000005
0x45f1bfc72269bfa16a28cc4925854695a3ee7110,bot,451,52433.87085400004
0xcba640c6aacf624346de1fc4266b00614292e82e,active_retail,51,2.6095639999999776
0xd39fdcd3e0353b51102ece70764f89ea5774969b,active_retail,47,556.2267320000002
0x302146b9907f94275406561beb4c80b69cc93b3d,sophisticated,76,-642.4914750000003
0xfefcc6209df73cca9daf6aec8ca7a9d907cc8281,active_retail,84,3.45520199999988
0xbab827c773a1457ac7bf99dffb716d710964f7c5,active_retail,134,-9.59455899999989
0xfce4aa8af4863ec7843b724e8d29483e68036957,active_retail,15,25440.004084
0x563f3bd04925d2ebad5317ce397e56186e3f786e,bot,14558,30039.853710000007
0x0aef4076c7feb664692ab403d7d0a4a4d09e68cc,active_retail,68,5907.0
0x661f4c7b1512e00bd96d84e3da4d12e299961b24,sophisticated,66,-3100.607951
0x74f1ab1adafaff6d7267234b10aee7bcf65bdc99,active_retail,273,369.27159899999964
0x0b03ab1f56db7263eebc797a25d29bb51c288f72,active_retail,19,1321.8200630000001
0xda34435e066c9ef5c9846e27afcec2077fda5583,sophisticated,138,4816.275
0x9feb9788a6ac46cb1b886aea4951b51410b11e17,active_retail,41,27076.580007000004
0x3968c3d8090406b6d4c6e29308331a9dc3292b0f,bot,246,-1762.948498000001
0xa499be56c8112ac89ecbc773caa75452e18e7873,sophisticated,201,-352.13108500000027
0x97eee7b33e13dd6da42e160707a3baaf86203d47,active_retail,46,52.386206
0x19b747a178030582a42bbc25a18e77a9ee2c4f67,active_retail,35,26.416421
0x00ffb912f1bf01c0123869ddb92d4b6a6ad3f7ad,bot,1259,56955.483391999995
0xfa5eb3fc40f440b1b75f1abebf11a130aa37355e,active_retail,39,-0.02641599999998334
0xb12fe870e3d7bdc4db5bfac5a9c0b2eb0f9a0690,bot,377,3260.8659360000006
0xe0e2afbe311a7641142ba157ca805a0e92421585,sophisticated,54,-1628.6865860000005
0x3ea47d0ad0ab3b250b525e9ab67fb80cfff49a66,active_retail,148,44.73131699999998
0xf53900685ca73097b84f773d96da9f6a500e6c6a,sophisticated,136,10309.932031999999
0x0ecfe6c7f8240cea43bd177946335f3a80f21e6c,active_retail,215,17.96632500000029
0x69bb2acec3dc9efd70d05deef8ba7ddac94bfcb2,sophisticated,169,6908.702612000001
0x80287cff575adafefead058220661ccedae9a496,active_retail,59,13.10768200000036
0xde7d9b3a63a8f1daebf6e3ab1092d0fc491cb1c4,bot,155,23700.251756
0xe8c616e9e9e46d1534d663ea0d89fd9620118e12,active_retail,22,731.1899000000001
0x03b8402cce7b0ce61c0e6f3e23beba9b598e8a87,active_retail,48,-5.737380999999816
0x963017ae96481b4f3f5288be4b6d225629817d1a,active_retail,45,1012.848925
0xdad8d340b213744c6fbf27f772d151caaaa41fcf,active_retail,27,-6.343794000000003
0x880a64a063c4bf37b67ab5fe7c2c74f554d609d2,active_retail,51,28.745000000000154
0xba2aaada4a5f50204dcf5bf38fce41135213de2f,active_retail,180,473.4198919999999
0xa0cc9aa38aa08ef54027ff73781ade029481064f,active_retail,114,1.0980590000003165
0x301e33640fe00ffb7b71c61969190101338f4881,active_retail,109,121.30489999999999
0xb5e435b9d2e078f7a5a9e233c9b1df81a1c5796e,active_retail,83,-2225.159206
0xe89b7e4447765023d1c9615ec5710c5e219abf10,active_retail,24,11.530697999999973
0x49ee8ef27266b5822567b849938cb01658169b70,active_retail,53,1572.0133549999964
0x24b9d115c1662b0ed1a54659cdf9f4c03b61e602,active_retail,34,31355.275260000002
0x4a49013dd2e59351cff621c199081032160ad41c,active_retail,52,4.8811449999998775
0xd3383f8850f852a8170c97db885a56af5cf35687,active_retail,169,74353.81022900001
0x1c81995124c36ceb91154ac20c6c114dbc863fc8,active_retail,92,249.66024600000037
0x903d1f6b6d3b2364bba72f092e69a514f7bf1694,sophisticated,183,18221.04163499999
0x635004d192d982d6848649acb9f0c4427902f8f3,active_retail,121,8.4348240000009
0xa823bd889ee05e893f594ded1ec60e1613a6d437,bot,7266,0.2040000000017841
0xb8b44e3cc9e0962982e3c8bf444b6a7411f51f6e,bot,262,3914.9251639999998
0xf5e00995e5e0c33f2132812e6e532207c3cd610a,active_retail,68,-25.68320499999976
0xf25ddcf70d424d8b62acc66d11e6d34821e61134,sophisticated,243,3911.02264
0x77995c27f227bba356b208f7d52b272790b6eb5b,active_retail,27,1226.7719499999998
0x0f2bbbcccf51c82b43e9292390c5ba81ea438907,active_retail,437,7.18939299999946
0x58e4b235a7674be500f03e569ff04e6288b03cbd,sophisticated,32,-501.16499999999974
0x5abede5585735a66984ece99d6258afe320371cf,active_retail,42,-13.32258099999923
0x4825711699796796dc8f4e29f26e3e459c4ebf30,active_retail,32,-5205.300701
0xc15966b6a2789784b86358ddbbff5e283ebe6402,sophisticated,89,18698.150534999997
0x71836e3fb551e09ab57789b48d3128507069c6c1,active_retail,51,13444.712093000002
0x63c247f9e2722273120a2c4a4c0f01b658022c46,active_retail,222,30652.467277999996
0x2ef98ea5fddf60155d0a9023fe52522f6a216328,active_retail,39,-1.5905290000010623
0x2a08ba68106ce9d7bc1d074518c987640a75a306,sophisticated,329,222.33863299999985
0x129c18a7d8f7afc88908402b6fedb06ee5517362,active_retail,85,2802.881298
0x2367e9f725edebf2c1ffedc39d81dff7adf09a49,active_retail,63,-709.9999999999999
0xb99741d8506a7a97ca66c75fadfc5b8187540d40,active_retail,52,3484.0878140000013
0x1820ef3be61cf5cf6608f3dfff1e5b4369438fc0,active_retail,104,101.02215700000124
0x9d728dc84ca55ef574d17436d0e55d5ca37d8daa,active_retail,38,37.93742799999973
0xddad23982b73819d341b3794b4d8d8c01ecbc3da,sophisticated,91,-624.2957379999993
0x197735811ba6e85cfd5026a2ee20d0bc5b496f50,sophisticated,271,5000.237646
0xb8d0663bddf75b0a2595100c9f0bb92c90f8f028,active_retail,26,-2.1602000000000317
0x69ac33d71d0d09e638d178e6148c6ea4d28b7b99,sophisticated,510,-16515.30341
0xf6753223d5daa76c414f3c0e3d8d5892f8233cf3,active_retail,80,-183.236058
0x936edce62597351e87389a66038bbba134a9ca1f,active_retail,17,1154.517231
0x9228d51977696328c087c14b4c1e6f44a7126703,active_retail,138,3120.357934
0xf9d0a0d636a5a1f35e355cbdb38c54b6392e4164,active_retail,162,58.44518700000166
0xbcc520888a921c75365d4f43165e2eb0fd97c2ee,sophisticated,121,19131.348329000008
0x15f0eba54fa8d5af956bdb6592f9d396d47e0e85,active_retail,18,4756.0
0x53e66d5e92c75ea6ab99f178585adb5c320f704c,active_retail,91,331.291783
0x7ef591266cb540cd5dfc7d18a9d1bf827e799c0b,active_retail,23,4998.0
0xcd5fb76cccb36eb8d18d28eac13d050292fe8a9b,bot,25,609.5291219999999
0x93afa6e41c8a1ed4f4e35fa01006fd360b81d8f7,active_retail,17,6564.5
0xa5d1f6f9ba677d48723c929a146edcb9ab34d6a5,sophisticated,268,-159.17730700000038
0xedb6842ecdcdcadb01d328c4586943cb600c8221,active_retail,156,3037.4253179999996
0x0be44322d68ca78467836150b8288f99561ab40d,bot,228,-918.6862610000002
0xe346425ca68b87a6d244f3b04dc6b679a920d80b,active_retail,87,-22893.492417
0x1dcce31ecf45bd83854ac995e73fd9aab2d4dfe2,active_retail,98,186.2267510000009
0x386640410c3c80b76c670bd12137d887db067cdd,active_retail,102,-10.123022000000347
0xfadeb11490bddfb08fdf5ba4f494b52d3399d250,active_retail,43,5.212365999999894
0xd98a32b03b964eb614b288a25108064d509215ef,active_retail,133,-5.652694999999549
0x380dedc2518d403c2f1cb016c37225ac324a398a,active_retail,78,412.43164900000005
0xf496ba15c54794af40dd393a91c006c69b1e1094,sophisticated,48,1670.6309699999988
0xa657296ccdccf95bf7116635281faeea4bddbbb6,active_retail,54,15.347323999998487
0xb119b0e495a58c4e918ccaf444f63698752a5373,active_retail,39,1454.1117209999998
0xee8f65dece093382cf4f6c0d254414440ef818e1,sophisticated,144,26827.170003999996
0x4eef50d39d5ff703763b75966a7d31d8c4b302a1,active_retail,546,-582.9425340000001
0xd6170c900c52f7c0185759c77de8b105ffef6725,active_retail,28,-170.551609
0x46879593edd12f4d0af3c31b32ad42174e17a0b7,bot,2245,-3449.325075000004
0xcf88915ea77682e33cc45adb7bf52ec9da592b15,active_retail,30,0.10249300000020667
0xf06a938b1b6cc2c1d4cd138cd69d6629e5300a9a,active_retail,19,187.443442
0x76eb367111408f548b532e9547c2035f8203c857,active_retail,24,16057.540855
0xfaac24bb8a9c4fbaebd24d3bab71be33c597eea5,active_retail,16,27487.06
0xa940d143880f8f64f43bb8359790c29f616520e8,active_retail,47,223.19344999999998
0x62b2c4fa235f2f76c92c815422b239d22c1be87a,active_retail,79,3234.5053220000004
0x59c91dbb71dc9be80832cb9b1430f4a974e704eb,active_retail,64,6477.870674000001
0x2e40aec660972e9e3ac6a7654633813d9fed724c,active_retail,159,25.852229000000285
0x6d60072bfe6f18866bd3de0d0228b09f4afb798b,active_retail,115,-22.30002499999991
0xae3f9d335b19dcfb0a2731b98d6abf4d0835de9f,sophisticated,92,-64.55068999999982
0xf0539f60c737e58ebdebd1b56ba9474f912e3939,bot,88,11721.670692999996
0xc2e60a9438cbae0e7407494dd68da73853616486,active_retail,59,-207.91251700000015
0xf67c7be283d4e93c209a3242ff6d72bcc4e82e50,active_retail,93,2967.3000000000006
0xf875eea145d2962466ec8a909ed59ed7aa339a8e,active_retail,35,1.2041069999999197
0x7016eca19a229120142105134a670413414fd72e,active_retail,100,6223.862789
0x0d94dfd7871d60cb8fcee42338c7fd9c16dad9ae,bot,327,17550.140692
0xd37a11754ebd39650d042b8d6d4c90c23d3ed21c,sophisticated,193,973.3813079999998
0x97c5d1b31155269a25751c96acb6270be0212ebc,active_retail,41,-2932.868757
0x39965bfbc9b3fbea25c546db740e45a7bc93efb7,active_retail,21,2486.2570970000006
0x403bdcf90be4a1dec78c909d819c69a649253043,sophisticated,294,-685.2604590000001
0x4f329a8e932d6c8f97838c4b6835990f95260953,active_retail,90,-162.8952069999999
0xdb7e9d39497af68e9904b63a23979234b92f3bd8,active_retail,29,-0.0011190000004717149
0x1263ddd2dd9bfb46f2d5b4a7965f403afa4bfd23,bot,6396,-0.05000000000121929
0xb5a51d42334a506c0557c5da3592ac4e68a777e5,bot,6316,-1.1276500000001306
0x74ebca35fe08f5fe7a52217e16e57ea0b7cf5568,active_retail,64,-160.68636399999997
0xce0a250fc4695a7d2ce76d0d2a4e9e53e46f0ecb,sophisticated,50,-7712.7805610000005
0x89cfc6db8eb19891290f653a8fa8efb1521965ca,sophisticated,85,1499.659118
0x947c1ae43c165e8d3d12f4e13c1142424cdc993e,active_retail,66,2984.717737
0xf45718937e8cd958a3a92594d71dc75cb6183e06,active_retail,21,-5.698906000000079
0x4228994df67c72ceec51a8257a15ed1715a3ad86,active_retail,52,975.1373270000003
0x38b6e6cf43803aca6797f4df57aea42762e56a00,active_retail,30,-1339.7775089999998
0x4fb6d33e94f9d456f3ecb75cdd0b33110f520030,active_retail,49,583.298219
0x7e324321f039b7b2d6a3f0c7e18c818f7e7f9526,bot,1650,-4527.3896639999975
0xb99d081fcaac7628d26620b493b5932c92aeec9d,active_retail,58,11847.182457999997
0x28714f62c2f28d6aec508b24437c7ab5f340b352,active_retail,91,1724.5027599999985
0x9da18fd576aae10e588c126c0059e7948ab540d7,active_retail,32,70.11782999999997
0xf90cef1634a8a8d7ad41c407fc5a87e4dd2bf49c,active_retail,593,-161.45599000000027
0x296a0c35fb92849922890b40e2e51e7f9738125f,sophisticated,161,7212.210408000002
0xd50200fa226fd89a97fbb171a459de8de4aa4d4c,bot,1522,6087.537844999995
0x29d337076f24d135b7b2b08796edfff4e32cb2ed,bot,515,60751.91199599999
0xe847f66917627519765d17fbd6987d844f1f8811,sophisticated,62,-6850.147731000001
0xf2ed689718d27af3af1ada281dd1dbe478cdf7b4,active_retail,93,2.8852469999999357
0xba497809a788685e33854457df0959c09cbbba0b,active_retail,157,37.43796599999854
0x5e7cb75b1fad8a8b89d91bbd4b637525d1807b69,bot,1590,15993.520266000001
0x934c7de261ad15b6d81d1e10478e4f0f2b1749a3,active_retail,79,-650.0046119999997
0xdc6237586e2de1743db972f1d585d228e9831134,sophisticated,118,-3078.648635999997
0x9c49994388e00d410f24cd72e59b30ffbeb47036,active_retail,115,430.48416599999996
0x2a3805ccb1c42d8c9c54be23da3d37bfaa279892,active_retail,30,29.58645300000012
0xa6f849e0a6a3d6fb74ff73a84e119bff6a7f1621,active_retail,116,0.15935800000123068
0x562f68621c3ad36f2ede79a732617dd1a216fb89,active_retail,60,21.223671999999993
0x80a7b2fd3b063e20e98125c8adbfeea27f22de93,bot,123,-387.726718
0xe96f9c5365c0a02c3067bd4d3ba686bf3e3aac4e,active_retail,21,1.1368683772161603e-13
0xb2a48372404e6a0bfb6c2f23d715d3acc5a8cf8a,bot,571,44360.767164000004
0x72280a5819cdd5694098492b4783a9e2e23ec058,active_retail,146,2361.3509750000003
0x5b93fabc611ebe86383cb7ea32b1680664d968c1,active_retail,36,-85.50510299999974
0xc7308999d8b26db75c42c1651dc1ca900528735d,active_retail,62,445.0466790000002
0x50c9d90bebc2be2427327844a98e2df03320e28c,bot,6371,-0.6591800000006174
0x033e27323e0ebb881ade645ce1a4992e3c0d4cdf,sophisticated,286,-125433.996226
0xe5f10df4357f91ec328c6ceb3ef84107263971b8,active_retail,716,-98576.76606399998
0x3aa0fe3772d57afc5f00d3a4384f27bcfa6cc326,active_retail,19,663.5816330000001
0x172d3cfd0136535e6280d4b01cc1bd370947e545,bot,360,-24.535344999996596
0x7b812c7f3090a186247849ce6e1d8885ddbe880c,active_retail,58,319.70649000000003
0x3729d4efa6dd9ed21a0d5cd7de1af735ccd8d2e3,bot,461,1407.7464070000008
0x904f0dea2705ee84588d78809906325f6674c686,active_retail,143,5733.383436999999
0xe8deabe03c11f16ed5b2467720e9cee97e6920c1,bot,1451,-327.0892979999989
0xca928c00d656ca0d88bba282cab4eb9d9383b989,bot,1073,26.404779000001255
0xc22fc3389d33210de88149f7161931db5f2aa74e,active_retail,38,27.331727999999995
0x0ae0469438392ae97274577f5ec46b359f3eead6,active_retail,39,25.642842000000027
0x2c4861a07e118f6c170d74f38ae04fbfd7e7fb79,sophisticated,51,-5357.931624000001
0x47a113b77af95115686df49658befc25b57b22ab,bot,3431,541.506445
0x069acebfd891bf9b6ef0d200011141bb676e025b,active_retail,33,1502.1199339999998
0xd0f817a9e64828c33fa7f94f803f6698461f1546,sophisticated,73,3913.449996000001
0x93594b47d02002e60bc2396e9f50e1ed66436d3e,active_retail,47,-12.581144000000535
0x09977decd6c1b6f114f18d29d855b8451ef2c238,sophisticated,521,-41254.202015
0xa3fa7aa8ea8ef444a7b76348da11208660b83fc8,active_retail,50,624.9336209999998
0xd647d5c88f1e47c251a462672bc8307db57d2656,sophisticated,75,-6489.688607
0xfd1b84e3bd6f9634fc047e4be8973e27623f0a17,sophisticated,117,1967.4220110000006
0xd27a2bf304ec0df8b8855d70341d65d30a1dc4dc,active_retail,72,465.73479999999995
0x78aeaf08c5a7d20ab9e625179cc35d7fcaf50280,sophisticated,121,1462.62
0xb0a827f94a225c8a1281624eee41fbf1e1ab5ea0,bot,140,53773.03814899999
0x91c76e29c404f5862b4bd220b90a3b1910017ba2,sophisticated,151,-115.68951300000063
0x9764d3acea5d87b6784a8eb394a60b59c010db67,active_retail,120,-6.363909999999961
0xe5a2ddfd25bf8ed1f861d817d46eb1dca28e4f43,sophisticated,164,-12485.017885999998
0x557f1dc847599513bb1881650bee56c000d01629,active_retail,89,-0.11064200000094004
0xfe31299c3594703b6ac347a47da6e7b26eb75ce8,bot,675,935.7458880000008
0x5f228ec12e8fea0da9924f1ef52790375fc5472b,sophisticated,69,4727.20539
0x27e33a4416382c5f42318c39a83763f240fa422d,sophisticated,53,-2045.6743889999998
0x2e42e642a8678ff3ccdf157b6d631a4d005d0f88,active_retail,51,1938.6999999999998
0x283e59b53770017d43d6ab6b004393ff642ba9e8,active_retail,58,26.045388999999417
0x86dc8ce3100547c8508f8846bb6b7c949a280da4,active_retail,37,1190.4540290000002
0xe86ce6ad4f63ce126cd4aeb214325aadcf6e2d4a,active_retail,40,8328.808618
0x370c062bf05102f864b488fcba196343b8579017,active_retail,22,212.73881200000002
0xb02f4020be1cc70364f74afc08609c8cb6833a2c,active_retail,48,3462.197985999999
0x5582cfbc40a31bc0ddda831d8e3d254636166af1,sophisticated,140,2357.492463999998
0xa31c8d2c774646804afc3ff8a0f9c243a3b43569,active_retail,80,21599.596922999997
0xedb10ac497b3cc82814135926fe450341db8819e,bot,1737,-58131.68219500003
0x64aad514be25603e9d30f5304b42270e70de1dc7,sophisticated,984,-8765.17038800002
0xdfb772b96895c3c6ae3df309705932e7dc27f6fe,active_retail,29,-0.0016409999997222258
0x7254c2f7f41253943e410133b8797c79709b017c,sophisticated,53,14360.259354
0x01cf6579cc1066dfe70e7dc7681b7ff1a33b6b48,active_retail,103,-3.7276100000001557
0xef079879cd4393fcabaa19c04f77cf8b8e804f55,active_retail,78,-851.3842219999999
0xc835701bc94caf90bf249676e093e367c5c05014,bot,2362,3767.0364200000017
0x4fcaac404c11e53e98d93198ac7ff218e5200985,active_retail,54,16.200000000000003
0xbb17ff773e39940c221a882a93a4c9f8a0925775,active_retail,71,859.2438850000001
0x8c11d80ec7906ec341eb0a0f3b489301b77c33a8,active_retail,100,-91.09109300000046
0xefa0c074e91eeea8b487a0c49dcd2785e1b7c5c3,active_retail,118,557.6444030000002
0xfa933eaa13062b2886016203a5ea3efbad971013,active_retail,85,289.07875800000005
0x0eb7ef3e5c2baa9b85faa84555d90a5cc4b63930,active_retail,17,30217.2
0x358a8eaf97f899a3370b2c3f04e279e9cbd8f880,active_retail,120,-2289.226937999998
0xcecd267208c0882c391542f898808faaab51051e,active_retail,64,2.5434270000002925
0x1ba5a9bd8ab812b1647bb0469d4b3b63a7c695c2,bot,677,-6.20188399999779
0x1d067cf14c1dd1318db86593d02d7e47e5559d4b,active_retail,93,137.00589599999992
0x82b5bea45f5402f0767f066199a19022a1462b7c,active_retail,102,22.861205999999946
0x5dddb59e50fbfc4900f03470d7ed165ca984cf3d,active_retail,127,-22.264474999999226
0xf96ea762f16610984370bde7d0908d4ce3682bb4,bot,666,-0.10478999999986627
0x963ee8dbb40ce004d91b14cbbf888050341504bb,active_retail,29,532.4794979999999
0x4ead41b8e322a7675eebdaa9f64f9b752257a630,active_retail,82,-35.66686400000002
0x3fc1c7d64a6b104c0c3bc6bf859511b62b54adec,active_retail,62,-6.734003000000882
0x52a9024f18202ff8c4af313c939028ab3c1f356d,sophisticated,98,3207.3644000000004
0x7eb13981f4c176b10db36379e0a89db66bdbb1a4,active_retail,64,-274.4014229999995
0x2091deb98b2152efd1fd451c625d5f3b95b6656c,active_retail,62,-378.40501600000033
0xa245621f92699eab683d7ec0be53d98f01299fa8,active_retail,55,-381.12967800000024
0x37e5211a12ea7763cfa0a7f3f657414cb4ec5a33,active_retail,131,-1.189957999999684
0x0a91cf56039490382ed10b20c1d8cf65a01a5a44,sophisticated,91,-6156.687302999999
0x1e535858fafd41abcac5970c4b99001f28cce365,active_retail,38,-1458.3998290000002
0x6710698657f69c4b0e0403408decfbdb7b3eab34,active_retail,19,1081.98079
0xa217675e5b3a4606cccd103214913bce22a4d9e9,active_retail,33,0.6213769999998076
0x9467c1edb178da7c84d3822542c546f8ca2d0016,active_retail,67,-990.5632380000011
0x3cd63e65f3df4aaf8ebe9de56fe5f8f633b218e4,bot,28,841.6336000000003
0x6d216e71a5d7e5222f80ffc8d218772bd7fd2b59,active_retail,69,-64.75300500000014
0x7ae6a2d39f67533a52323f4dfdccda0d7b445018,bot,4196,238.74138100000027
0x1c4fcdc68cd508e10f5adfae2e56ea420501a307,active_retail,73,5271.981479000001
0xb09dafcd18815000990c473619d3ec8e6cf95189,sophisticated,77,2496.164758
0x105d4de208af1c38ea2b16d5c88dff388609786a,sophisticated,89,1010.4679979999989
0xd8266a878a13d7a9805b82bb2540675de4d3bfcc,active_retail,105,50.388122999999815
0xc9a279f4a2404d6739791394b290b34be259ef91,active_retail,103,9.190286999999891
0x3d8e1deadc0294f6aadf116ed067770bfc7b7fe3,bot,381,415.50561199999976
0xf8821a3740dbfda4ce4c6da7403a985694b85035,active_retail,44,10476.877994000002
0x78344de69ca0d01155ef47f3afcbdc9bcbf65cb4,active_retail,224,30920.386587999994
0x2647e9d3218b43704d7edbb7d8b25ce911895cc5,active_retail,66,3595.363575999999
0x5232457d5aa122ca5c1d2725e72baa3699ab8300,active_retail,180,27.492039999998816
0xb9d5877921ef379d27bf3d12ec532574c39c99eb,active_retail,35,-1.3939420000002412
0x457c38e11829595cfbfb70c91dac8c1d07329c99,active_retail,123,-0.79694900000095
0xb12b5f5d4c6b602e7f86de70c604dc355278b701,sophisticated,82,9211.587753
0xf91b08c116e11b736b3f2401a62d37d7ab582728,active_retail,97,291.01868199999996
0x529703db13e106340543dd4020738af6679a4e66,active_retail,45,-1.905359999999957
0x70ecbad3ee6a79bc2bf4e0238a2c30acc07ee85f,active_retail,32,34.714396000000114
0xca8708d89b8ea3619e541d77b30bcca0ee5f0d48,active_retail,53,11.787101000000064
0xb7be55dc07c2fe5cd0051c90cbb6b8354a632d10,active_retail,43,12033.0
0xd96cbcda6fe22e4024512d1b75208ec12b4413ed,active_retail,32,28.419132000000083
0xc516d800552b2efd8c6a8b03a87d1ee3bb6a7c9f,active_retail,29,47.5
0xb9390b80dfa5ad7d91aefb3e990698e7a8b9568b,active_retail,17,986.0
0xff1ca47d7aef2fc89e5ff15b54e4f4592cfdab40,active_retail,30,0.003084999999998672
0x772b24e0f05178f7a1da1aee8d5702ac6967b16d,bot,140,3174.087716
0xa46133d2c18b6b65c99ef247a4b33eaca4c8aa2d,sophisticated,57,4981.303564
0x7db7a0f436593c4b65a1b4b4e649aa3772d3e2c5,active_retail,35,-2.0931999999999977
0x82ebcf37d85a011a09e854bf8d663982fe6084a7,active_retail,52,297.1078740000001
0x3aa2fa0b896e3b1d6ebb43225191ce42bfbe07d3,active_retail,147,1248.078893
0x20a3b338aadfb37f971814b34a63fddfc3631172,active_retail,50,-80.71673199999972
0x7aa23cb823c31f889db3ed8679912a17565c6b01,bot,795,1087.9254159999998
0xbf62fd6486e6c29036a729300e4ccd062f7ac95d,active_retail,141,-19.961749999997437
0x5bf4b43cc6250f32dcd9b3ed17b5614652e1d20b,active_retail,85,-16.57430499999917
0xf4015c7b3c0cdc79c9e331e93d4e7c40387ee120,active_retail,128,19875.167144999996
0x872dd5028b73282d7f59c97bbd8579ebf8bbd08c,bot,543,18520.793910000004
0xb5111c580bf127908cb547923d6b93fea36701da,bot,2187,-2867.2870370000383
0x10f042925bb3ea794d6b98f3887ea5a39ddd51bd,bot,78,3024.0797300000004
0xc25dcf3939ee82f7e17ad0d2ddbb87718a3c9411,sophisticated,99,3322.5166149999995
0x611070124d1fe26c005b2c151ff88ddbdcadf40c,active_retail,547,-160.84848400000027
0x9a388dcc255021d8f37b6c05269c6206ed0d6a2c,sophisticated,101,-1067.347848
0x028b38318acbe87d4f56f8f535bbd66bb528afae,active_retail,44,0.756385000000072
0xeeb54a56501790c85ca520c7a88b8b21506188de,active_retail,35,1466.3701870000004
0xed8d4ef523817bf54e7774fda6a35ee105c01228,bot,3890,34181.671602999995
0x38eef4c4bee7c4483a52e8abc5c527b3aac1f142,sophisticated,33,4698.786033999999
0x2964785dd2ad44b47ac718febdbc95510360a336,sophisticated,218,408.1129100000005
0x28b8a369c8c0bfb5197d894103ac4ceafa09d297,active_retail,84,30.141335999999065
0xba19f4a9cb8d8dd3419150fc5f2dbe5fedd1e65f,active_retail,70,0.6311960000011823
0x30125f01c0e9a0b1b5a283474b8eac5da9562a18,active_retail,99,5514.234574000003
0xacc6794f35c87569047c8ba895827d1c7fc4a236,active_retail,67,-59.583990000000206
0x1a329d17c4286ba8440f96193d51a9b33d28a4ce,active_retail,73,-289.32402400000046
0x5da6731a9465c5c396e0eb43627392129efd5e62,active_retail,40,-11.215868000000228
0x195c7fe171fbd359b62a78922824b1c89a664d59,active_retail,43,299.8736929999999
0xf4b814f009125756606b789a611bdb07395b5d66,active_retail,114,1152.5720330000001
0xf3c97a0249eb732bc3bd7c91310445c31e2db6db,active_retail,219,-166.08407599999498
0x5a88572adebc06c95472a33f6a713af70614ead0,active_retail,88,2.495662999999581
0x692f45d9a1ba997a78b769bfb574bd2c6764d325,sophisticated,119,616.3064569999999
0x60103c35032ac23a0803ed4b53ceb3d061481182,sophisticated,272,-7614.302531000003
0x688d53b24cdf3375f6238174be23bce0756e4855,active_retail,128,-19.583180999999872
0xb6245744e72b3db51e2bf0dcbce6ff42d26dbd60,active_retail,22,449.266825
0x257d131237eabd4d7bc947fa41677f8be3952a87,sophisticated,273,51295.193155
0x29ecce0df724783d7a91bba7b0aaa2e185548a72,active_retail,57,-307.8857540000002
0xaa54ddd008fe3db5f7072f52f116e6b6407c08db,active_retail,433,24247.932526
0xdd108b155bfd3cca7fee250a235d01eb1e437d22,active_retail,69,-1564.894662
0xb0e3ff91fa580e5e0655f0ab7bb011e6c1bbab43,sophisticated,175,8644.284370999998
0xc8758b72d6311af30a6917c6eb580d62a80323c5,active_retail,31,644.1028370000004
0xd49223e64bbbf6b09b0307c34e20094a4fe956bf,active_retail,85,10.502674000000297
0x42d620e1a54d516f65205bff45dd13bd3574b61f,active_retail,26,2380.3298360000003
0x65d1dde275f6af5a0a52932fd0203269a0ff0b0a,bot,2032,86.4209999999976
0xc359b21aca1573a49691dd9eca1ea564130a9a41,active_retail,33,1234.387874
0xc58351a51d9a4db0ad7c39eb9d794ce3793dbd46,bot,29,4191.484784
0xf7f8f45a3d7d61b8e5979db5779ad11f1e82620c,active_retail,80,-6.40036000000001
0xf34a43f56679842c03957b0f5552b160917cbeb1,active_retail,30,366.28149199999996
0xe94155340ce2e571185657b6435b3bffedda5fc2,active_retail,60,-2.355615999999827
0x2021ddcb4a248a8887e12bc34700a2d58771a1e7,active_retail,122,1214.697232000001
0xf26f7854e836b5c6c6f3abf71541a0d1271997b0,sophisticated,72,1238.6742940000001
0x4ebf3c4b11bc924fb1804a1783cb85ec62f13296,active_retail,63,-5.882358999999906
0x0ea6ea157a862d108a1f1e6b4a6a88b282aa4c03,active_retail,90,344.930959
0x4ff9aa2eafa28d12f3efae16712cd44a57a1d1fb,active_retail,33,309.7260010000002
0x9e4e98c781f749384281b606e8840a3c383dfaef,active_retail,62,585.8450000000001
0x4170bee3ea91f575c6a05b87da028f9ceba4c39f,active_retail,14,5079.5
0x4ed2e64c5baf94635351d180fb583858589bbd28,active_retail,17,6897.5
0xbf51607bf97a7f6802c3669ac72ba34b144c238b,active_retail,14,3021.5
0x4f79fd65ab9f3f64bd4e89afe4c66a41d0258b0a,active_retail,29,15.303518000000016
0xa2fe4b200b77f1de8d20ea2c7b3c9d01bc7f4171,sophisticated,88,-1797.4361709999998
0xad0673c7a6013583954e9ef9c7c2fa2daac64561,active_retail,55,192.28929599999998
0x5007532ffc0aa399cc4681f26829f3c7a09bedda,bot,86,638.6363249999999
0x210de5b0f1357588b387011d75d741819c53c876,active_retail,17,2100.0
0xb708599608065f649af80935390f4efe465bbc81,active_retail,29,193.156401
0x5017f685ac07bbd2a86ead63bbef1fc8eba47b68,active_retail,20,124.31799999999998
0x01ed9e59da4d0827da67bfd12141f7b5dc313c03,active_retail,51,1.3464784842653899e-12
0xe738f4c16b9b5fbdd58cf170cc45ef7b98f5509d,bot,212,-91.57674899999999
0x76fabebab25c337546dfbc1d52e5e26e93411d80,active_retail,176,494.76717499999995
0x16d56c02164ae5d8061958dda65ec852a9825e0c,bot,1475,11745.459673
0xcb8292f1d6d72e98355dc652ae456556965e31ae,active_retail,59,-26.578997000000044
0x59a985631f5692a957592d6b52c78e9192ec1757,active_retail,108,-219.53922300000065
0x79c9aa24737f7d4283728619a2726ed66ff9b2f1,bot,356,1499.1377609999981
0xa8c0ab50b931759e02e8008de5870a284e65f5e1,sophisticated,112,-24371.628268999997
0x61f3357a50c31bc44350ac72c8329e0c351eb57c,active_retail,60,-701.3791620000011
0x348daa814399743f21f39f71f87fb29a2e6eb38f,active_retail,70,65.63000000000005
0xfd4fde8d321738e382adb386de06f7ceacd91ca7,active_retail,17,-27.000000000000014
0xb31652c072af14d9227432782903542d032e1daf,active_retail,56,-4697.5
0x6dbe7b8b71e891a67b7b076d0f574408a3d6ac1a,sophisticated,64,-154.30213500000067
0x6f7b3f26a3682c05089cb905d1289cdaf61351f5,sophisticated,118,1114.017466
0x8958d0f21cd10c92352e1b6892ae83c33b35939d,active_retail,128,-3.2568419999994376
0xf27175cf7ad65f65024fe790112632d5c8716da3,sophisticated,107,-4.609033999999269
0x594de9787a1c851cb013bb008d25099996931452,bot,76,2.5146620000004987
0x492442eab586f242b53bda933fd5de859c8a3782,bot,20449,-7974705.400088006
0xf1b7e5b9350ae6e6f92db53c3a42d8dd5d9fd8da,bot,56,1.8177639999999098
0x026734660bf1140a59e4c0a13ec755502677b4de,active_retail,27,-174.53400399999975
0x707ba2f83f9e429093cd9eff9e64755d1df8899f,active_retail,107,-174.42783500000007
0x5b69f556ea2e5ad37d14212d45e00ece08f6e094,sophisticated,73,-2423.5705909999997
0x906508b3e99b38be00cd2764ae866b70d3b20cc5,sophisticated,76,13906.555741999995
0xf04660791b955b9ea84923fe6aabebd20b262614,active_retail,48,899.6245569999999
0x951dd7b060a2dd287ffd488ee27072d3684d8385,sophisticated,166,-1181.1008469999986
0x43d2d785a23149d90d7fa5ed95b2794c15c81ae6,active_retail,143,-2007.8283609999992
0x0f37a0b76cd3a06ec92a8aab0562b30c70864998,active_retail,77,1503.6206299999994
0x413f091cf6539dc562012fa8ac5681b2681297e2,active_retail,81,-4104.234133999999
0x2ed7a286fc4d375db490bb2f443d6be02d6450c3,active_retail,27,1.6813999999999822
0x05b04dff32f75ffac8e60dcc46f8f67da6b14362,active_retail,36,2183.3799999999997
0x97519346167f942e6b160ed330d4553ec54647ed,active_retail,41,850.6101100000001
0x3efdcec8809ea2688f900c521329b28609e43dbc,active_retail,95,-74.20718999999951
0xaee76546f2e500d5a425e030d1ad99e1abe22de5,active_retail,26,2527.0
0x5542a8dab841935afed486d736060b3be45b627f,active_retail,33,50.117698999999995
0x94e6511e60de11d96731fc8d4059275c6c0b3cff,active_retail,20,6361.5
0x43a22cc5def640614ddec5a3a3cc9fbe77597bc9,sophisticated,54,20975.498906999997
0x5eb37dfafd3fae666f8179a0a0f1e85dc615e676,active_retail,24,6647.0269849999995
0x6f938211596d7367c1b12e06e45eb4d6bb16355b,bot,364,-5194.716158999996
0xd1b090bac67a185ff3501cf76d85e90e7e490c1b,sophisticated,52,-4.34115200000044
0x5f5540024dd967e847dc2421328c63cbbc1b6848,bot,4157,-13401.404084999998
0xb61068900cd26cada8c7dd1dc1d56dbd474efa36,sophisticated,81,27973.552368999997
0x3afd62c51bbf2119b59abf74594b5911c8396319,active_retail,42,-598.4765889999999
0x70d367ddfcda993334d6ff6b4da59adde3a1bec2,active_retail,79,-11.165891000000084
0xc0a3ad881a9664e07d47897832bc72191bfcce5e,sophisticated,89,7113.503041
0x2015b137dd23fb49d1112ca48c295604accaed94,active_retail,37,560.69145
0xfd469159a1db41955184ec34ae2b7f02456aff61,active_retail,32,-168.5874160000004
0x59bb949b91d7d7b03cfc35396f845c2630360606,sophisticated,140,1.213626000000204
0xfc4b70e57e7d35fad9d787bed3d750d21c0c840d,active_retail,27,-5.4035469999980705
0xbe76dc9d08c2c89b1a74fb99aaf7a632eaa9806c,bot,228,1009.884357
0x24e91ed56044df79aedd00cb25e98ac7441a7646,active_retail,111,126.44149999999998
0x3b826fc834ba0c9343f7f48e00944f556db5097a,active_retail,91,287.86
0xb4ce7db75853dbd32920ee7cbb9d759eaa5e9a0f,active_retail,49,4200.217817000001
0xdf8d7983da791c015b2de1361d5cea06ad264883,active_retail,28,-496.8458809999993
0xe2d3dd20cea3e0ee50fee854d3baed9c29806181,bot,79,-1.8189894035458565e-12
0xe6aa60c9950317bcd4bec136dc7033fd8f7a33ca,sophisticated,166,-13482.844
0xa5a841303e7525e15dc822bbd8a8f1424ce17877,active_retail,106,-189.80370100000002
0xe54794eb13117f7505da271b83c4e66e4b676984,active_retail,150,-31.846885000002203
0x794c86a2a6be0c4c9bc905bfe868f3f4b3f04969,active_retail,35,168.33396099999987
0xc15c29c3a107749447f2555947dc06e76f1168d3,active_retail,22,1044.211994
0x9e519fe8b6ca286e377da8f46a8a6d481716a759,sophisticated,55,16514.631393
0x379ed47393b595bf9e0d6a013cc73537e93f6893,active_retail,50,53874.045574
0xa1311e8dcf35bd3f0f3ad0949582862b3ce4dde2,sophisticated,283,13325.255471
0x794ec89b706003c141332873e81bfb3eac765db9,active_retail,123,6089.169323
0x565bedc122552e6824098088c9158ec8179bfa9b,sophisticated,270,2176.5062279999997
0x0ffb185c37c986523e9955455a34c1051ec55fef,bot,81,43508.485827
0x69230ac6c8eac3e70716ff2f402fd4911e42918b,active_retail,117,4.998424999997951
0x51b4c162a731be17a8cd5f84c14b02dd0828c06a,active_retail,793,-8.037610000000043
0x4665ed9e04ac13d589178bf82c2462d769de373a,active_retail,63,-1406.7927199999997
0xd2c29f23424bc74d3a8d98e103572c0c5f42671d,sophisticated,55,578.948942
0xf8c480737668babe6ce102537fcf2f9d8963eaad,sophisticated,903,-801.699146999998
0xb025a731966c4188fb9b652a0f7653541c2c886f,sophisticated,460,-605.8257930000035
0x1f1f130f5d5be9ab06a8788b2ab01443c06515d2,active_retail,79,191.63599699999958
0x51c6341b91c49b3da83866d977fa1d41a4ff46b3,sophisticated,50,8961.28422
0x5e69b1e2068cec6beaa564d3dd81a7e4b3fa3bb3,sophisticated,61,1661.9645479999997
0x715b4faf44c60156b26045e091fb4f7d379107ee,active_retail,118,731.0820990000001
0x534665198ec9b29dbe1bcb1a7b6fdb913ad6b107,active_retail,64,4.598845000000109
0x57076c0afb45f9d401c8209b54f2393296b4eeb3,active_retail,53,-1.0076510000002372
0xd5e46428819d790feededf4e8c7cb805c345ea20,active_retail,180,1992.6899999999998
0xacc79abcf41cc80f384a7dc3c6dffe02bbe6d43d,active_retail,110,140.935
0x06eb8bd089ced35095b454631961bf2190cb1a5f,bot,1833,-11307.779638000016
0xd0da66feaf91ca395d307e69ead2b8ee26e8d49c,sophisticated,38,1441.7946630000001
0x34f8002cab6c2a8321ea5e82078733ccba63da83,active_retail,73,-15.67072100000053
0xc44e8153631a03f6d7ac3d662ba33ba5089cc64a,active_retail,173,40.702233000004526
0x6e1a7bd753e97eaa367f45f4229d82f176475633,sophisticated,44,24296.439660000004
0xda23715561516f773f79b2b7a25dfb0891d78b18,active_retail,246,-376.5706510000005
0x4bf5ce81d3d40908932a2619e086db8780fb8131,active_retail,107,580.38099
0xa8ffd66da9b60789f37296072ca96b09189d281d,active_retail,32,2.1509279999997943
0x83dbb694c67dc8f19cdc7ef8a8c43d40618a474e,sophisticated,96,1423.7198
0x1ab704e856c439f134f54c97d900f2f915aa570c,active_retail,36,27.714261999999948
0x2b25e397635d3872f59fcb5b5c57278abc3e1f60,active_retail,41,375.0
0x9efe18030a9a3b85151001d52959685e051bbf23,active_retail,110,495.63383699999986
0x53f3827cfc4afcc904c784b6813f4b3eff56a8aa,active_retail,32,-0.01764900000194769
0xb3e343379f5c200a577004404811ae8b4ca14880,active_retail,168,-56.54470699999831
0x25046dcda2f694860b33c0d7037326415b309f83,sophisticated,245,5444.952666
0x01039220504240c26b3eaa3b6f21f4d72a1ffc89,sophisticated,398,4750.288500999999
0xb0c27db60ef1d296dc80b8c42ea76c63e953c4f6,sophisticated,144,1090.7226969999997
0x5a39e5c7c40de63294d596b06124eec78ea29e71,sophisticated,79,2335.78506
0x8f3710cd68e7bb9a2e3962c391e0f3c25b057eed,active_retail,26,78.1071479999999
0x73d45527eb4a3b78d89a844d55d5c7e914dba6a9,bot,177,1837.7660070000047
0xa350d022f02a9e5be159fa397b20eef2f0a11f90,sophisticated,88,116.40980099999797
0x82f798b34cc5ddc7f37a738001f398276bc47496,sophisticated,196,-2014.0416640000003
0x363b66be48e037e429d91a96da2c7bcbc362eb1a,active_retail,126,3176.847091999998
0x660bccc39c747ca03d27614b086eee1d65c2971a,active_retail,23,570.886999
0xabb2ea14943cc86a5c1f593c2406f14183ca45d9,active_retail,18,-0.022808000000054562
0xf7a1fb7354114ad12e8fb799296f45ca2af963ef,active_retail,87,-45.18144200000006
0x25b6d17246d5e1c0d6e91ed3fe2af038d4b85bc6,active_retail,726,54.29142899999996
0xafe81c462d223320063aa839f049537912a3edf1,active_retail,29,1777.4532279999999
0x0f68a1e9056770112ad8c0c97d2cdd742c22a4b2,active_retail,67,-2461.7699999999995
0x7b4d4e9872cefab7beaeb30363fcde47bc7364f2,active_retail,27,1244.5459989999995
0x152df8cc07f413bd5942047ac0edad02ada4ac05,active_retail,30,801.8264859999999
0x9b6693a13cda302d8b514663146eda371ba71281,active_retail,113,5545.179255999993
0xf95dde4c745be73d8e6f4479f0f958cb86e9a9cb,active_retail,74,13205.99
0xbfc54a2caab1193ab53290d620d8de8526015aaf,active_retail,41,43.646507
0x50a2861c65299e2c4ad99cb78f4a86550bcdaa14,active_retail,66,-2005.5502190000002
0x2d48eb220a8aec206158fd96c9f79ca2d9ccc0ab,sophisticated,126,2452.8836
0x8ad9874221d365435d0f1309d266dc5f2c918c96,active_retail,98,-716.7360310000014
0xbf693dcdd58d631febfbdf0e10082e34f6fddead,active_retail,108,-7.990454000001141
0x4b8bb64956ddab79e4a85e7822f25d1a858f6fc7,active_retail,35,24.289080000000098
0x9c081102b80c402f7795ea00b46a7f831012445d,sophisticated,84,-393.48297699999944
0xe111610b649dc5207f90407d00df1dda76ac685a,active_retail,26,1053.419193
0x89555474a1ae991939d3d23f144175c44924b51d,active_retail,45,-6019.286955
0xcd47ba684f122da27ac6f4c4064ea055a581eff0,active_retail,75,564.6476610000001
0x908041160187d5364a16fc73bad27f40fa09d00a,sophisticated,57,-5766.040087999998
0xf5feab8a4e9150a61d5befde820225fc5488b95f,sophisticated,15,3069.975092
0xa59dd47a5a8fe1424008e7bb87e67ab70ea4281c,active_retail,29,410.341238
0x75ecab217a9db425a8c92f5215abe906ba525fb7,active_retail,30,588.4699519999995
0xa77615e226ad82f4632fae12ec3be0bbe4a7db70,active_retail,36,20.520008999999707
0x5fb1ba6ba9b2fe56804f3092d865c8e71694cc29,active_retail,69,218.97882400000026
0x518703788950fa90106138ce2e76f9d79d9e3096,active_retail,31,405.96155099999993
0x409ddb413de364072fded24e2fe2eb01c3cd7d86,active_retail,20,394.83588899999995
0xf7e898f20b70b696bc1575304504bf16fa85159e,bot,3193,-9878.281316000015
0x416e552f3a682b8e2d7409aa33e3746a88788ceb,active_retail,193,-262.4416999999985
0x68d569425c13dfa035c7ed14b4fc70619ca63287,active_retail,62,8.786168999998647
0x022ae54f99191f40ff83b898e2b91bcf64e12b5a,active_retail,50,240.79962699999996
0x0cde5c0cc8bbdb887d8db0e179d55304eaec920c,active_retail,19,1228.3034969999999
0xc248066be37aec77029446c41dc7444d0934c014,sophisticated,84,14247.688263000002
0xcab29deb8c8f45f0a2e238fbf2446cff8692d3c6,active_retail,63,-5.055290999999576
0xbd63d4c614d365b8351067d9c069809b8c78fb7e,active_retail,116,7890.371984999998
0xd466664635403a6076be4e7f5d3d03bc14f00706,active_retail,100,-1065.076849
0xa95483d136976eb2f38e1ff52ef4ef17e97ed290,active_retail,178,4757.998917999999
0x74dff7d204f36c9b226e0dfb377d94098a96ad44,active_retail,18,22.11011000000019
0x922f0ae76e4d848714f4ad02b45c82833a893baa,active_retail,101,-15979.460435999994
0xe570d3d8d4ef74f5f7c560e1f1c76c0e589ef5de,active_retail,55,1.6110399999997753
0x1dd63f9a20170043cd28c9242d200c74e36dc0c2,sophisticated,153,13157.899129000001
0x0ddf9f9ca79e1d434682259c71de25572a80b1b9,active_retail,59,5061.031060999999
0x0ba6eaf4cd2e48514baad3108e9bfd047222af21,sophisticated,167,-720.1699249999989
0x79ac5210ddb41476ba20e9be7928534593c24377,active_retail,147,12045.236228
0x6a2dfe569178f8e8d49b6e1801e4a733b4fee123,active_retail,96,486.62866100000025
0x49e8f59aa0da8330c8df95b7506031a236b825ea,bot,80,4871.041157
0x248bd4f67cc4d527bccb7747a451b4a711c6c29e,active_retail,13,2024.5349940000003
0x3a0f0d08b3d1ff23abc1778cb08b9acf9bf0ef3e,active_retail,43,-1860.7459350000004
0x8fa5dbf8448fb0f2f9f8fc8e5c4e703f6d8fc417,active_retail,20,-761.3924010000028
0xb0de66ddbed89d05b139fe0a9768325fbc394346,active_retail,53,-2949.0205469999974
0x531990b16e026f977031475892650cf1dfb5f256,sophisticated,644,21835.007792000004
0xbcfcec55a289429a4f3006d59bb5395a264b563e,active_retail,78,3854.2050199999994
0xdffe0c3942fd19e849828c5642881fa40e569b64,sophisticated,129,801.5823060000004
0xbca8b97bdb5dbe33151074f04d0948238a6acf14,bot,344,7349.073485999998
0xb51ca262cc5bba37d25abf9852693e635ab4aa78,active_retail,62,16.19252999999961
0xbf97c74360279bded1f68eb822d841c4456b4abb,active_retail,81,28.814302999999818
0x4bc2ee8fe5748425f9dc70af618a41f48269b270,active_retail,55,527.763659
0x9f478d47f40c6e11b0a03259b4d65153c4070535,active_retail,51,23.77044600000124
0x9bd546c56e66c92fc6d2369432835042d3686428,sophisticated,304,1662.806505
0x6424ae530b62d5363320cab8910965a046d39e53,active_retail,59,-344.53956099999994
0x3c5cb86fb1b46f6782c69a920537426036fe1b52,active_retail,39,5991.677891
0xf69a7d96e048697435b24e73344b5d8596881dbe,sophisticated,155,2214.094176
0x7b721a95606102dba77c87c92eff5baf36fa56ca,active_retail,31,-10.829176000001098
0x615137e8f150159d4f122705f8ceca366fe74717,active_retail,80,-1.2950020000007498
0xe1378e0fab32a78763987cf8b1602c14c4210c01,sophisticated,514,2259.8771699999984
0x619a2daebbddf2e664796e91e72f5b331983f741,bot,230,-3164.807521000001
0x9854a03cf9188f3898216268c72f33d65fddd9d4,bot,538,777.8529629999998
0x461e761a900905c817cc9221876eec9a7ef47783,active_retail,71,246.41810999999998
0xc4c7315947e4c6e783cf9db8364bf2b93cba69c9,sophisticated,151,1484.8817069999998
0x451cdd04e918ad291d88f8b31c71e715703d2856,sophisticated,127,674.7280119999992
0xaa05de09cee00b27ca514aadc0c601559008fed7,bot,320,-1107.692349
0x9383d721c82d766e1ad80f1b0fd5f737d6d971b8,bot,250,40.962383000000074
0x151a2f6f3586c5daac3574b911d43375e923de9f,sophisticated,55,2029.167985
0x6beada2f5d8bba056afac34acbf281ae592b3ffb,sophisticated,69,11098.321768000003
0x9f03be8ede9bf92d1d57b1d168042fd4b03af1ba,active_retail,84,2473.3605449999995
0x38aeced189e126ffa21dac51f80b31ff3346aa9b,bot,1175,610.2227469999998
0x28a6136fb2b2d8791a05804f79604076e8df5485,active_retail,65,-0.5321689999995256
0xaf2e25a64f1879021993147a0fa3b6c9731913e0,bot,1899,934.3479220000011
0x2897c3f47017f54c4df591eafb7598be93010a12,active_retail,34,-1898.4290100000005
0xbefde6f614790edd2488fc2fa9744ea88e0ead71,active_retail,51,316.113979
0x6f833dc0645ce52776bb9aaa31f03394974a3af9,sophisticated,28,939.4775020000003
0xaf08477969d5c15fc0f011a4848f5ba6f4bf00b2,sophisticated,45,5421.673398999999
0x262735ca6ae77ae3ef16ddba7f0f4e12c4523708,active_retail,35,2788.6004989999997
0xe6b880266de62f074a3e35afdd0aaa21a7eed511,active_retail,32,35.614803
0x1a26a6c734dcad428bf1e0792b427854b5330ce0,active_retail,41,-2285.6672
0x452820409dc79ed60a582268b1d6ee6adbd0ae7c,active_retail,15,-863.0
0xc36f35ed0d681c4b6c8a2b8165a6bcd076a6f353,active_retail,56,2183.815234000002
0xa2267451c7ffabd3c2c13e326170d9d47b0e2bf9,sophisticated,62,13678.039394
0x2b7115d16c1acd9807d1a62da6c395c0ab8a922f,active_retail,90,516.120725
0x0e8c023bb9d8681ca004376be8eb4045521ef3ec,bot,122,2501.56519
0xdf6f85ff51133209764fe15147d41f8cb808f6ee,bot,62,2733.938602
0x31348747602ede0eb691a34dc1db992605ed1b18,sophisticated,521,195.04107099999874
0x38598b0a0ffb1c24cb331da42fbddca6285f7530,active_retail,26,1.3156879999999536
0x15bd98964db9610852a5fbc0cbb3b92be5d03e07,bot,1142,-43093.461584000055
0xe535f2451cb0d0556abff121c595f4c37d72fcec,sophisticated,114,-804.9711160000006
0x1b7bb9f3e8bc12c77d7c7b795390d6d2271a5608,sophisticated,101,1829.5753040000004
0xad247df11fae7337a6898cb00127e5ead15d9a8b,bot,605,-502.69038199999954
0x162ce81a8902a9dd169a1704f8382324b31c61d6,active_retail,145,20.032776999999925
0x3320ddd0cccad106d688783f5e961a56af8d2cf2,sophisticated,209,-8862.652092
0x142df3709fc0817d55240671e91e9c83079edd52,active_retail,339,1189.7269720000006
0x13b47683fcf178dbf00987c8b17901147a1bf4d9,sophisticated,246,455.4890490000007
0x96dfbd8f8dbc4fb83a7c21d569d7a69f05b3abd6,bot,665,-1174.7208829999995
0x9e1ef26be892b220693a1efb8eb1305df5d5bca3,sophisticated,20,2344.941988
0x87e362ebde0774c34f51bf4879337f4a0e401616,active_retail,24,628.8399919999999
0x91583ceb1ebec79951a068e1d7d02c1ea590fa7b,bot,6981,-223096.5290150001
0x64f241725a1a089736d7621bd4a8557a92f16756,active_retail,47,-4.894999999998618
0xb3831b51a40df4c591197261fa48cc7f8f58f7b9,active_retail,59,2464.670001
0xea1a969d3222fdee5424912240c26038cca5d50d,active_retail,60,1967.6303270000008
0xa6be37c6d5190120d2c97ecec5c078714d5a1d9c,active_retail,26,4913.2300000000005
0xd6eadd0e86932ebd598040b4e398a30a6fd181e7,sophisticated,347,-4435.049567
0xf899fd178fb03eb3909801ee7ed2b356740148d2,active_retail,25,372.990393
0xa0341fb024ed810834d7c7642b0b921a67bfae05,sophisticated,167,370.4165989999999
0xf588577d716e25b27ab29b8845cf3e9acb6417a3,active_retail,63,1872.4708250000003
0xa223604123847c303daa2140e3722574a9f140f5,active_retail,93,0.18839599999996182
0xa5e6c2d016d36dbc9592c96562a88027182bf25c,active_retail,54,39.71663699999999
0xb4c1004200298024e8831b5f3fb68e5a32d68053,active_retail,157,-15698.46375500001
0xe2c2fd28c2902d21fb03f123cb6cde21dc9c2098,active_retail,19,229.39429799999996
0xbf44afeaa178a352f9594d14eb4f86b50a057f09,active_retail,61,2337.4111540000004
0x3f1a613632a4e79c5a9ebaaaad365005a2208785,active_retail,23,-89.17893999999956
0x74ee99d55b5b4b9d275b03d9626bdbb50b0e050f,active_retail,67,-12.678631000000252
0xaf900a4a69808af024b4340626ffc72e722afa89,sophisticated,54,939.050477999999
0xb06d112e27b2c28ea694a1525af211e883037c03,sophisticated,39,31894.0
0x57460882c67cf9656c88fc151daa429b4475b04d,bot,297,19.142143000000033
0x39cb89b40876d4c91f40065920d7660f7a06bb14,active_retail,75,926.5308989999997
0xe3e37bb1b17a0d2a986fa70ab3b1d8d3a11721d5,sophisticated,209,998.812578
0x8a67ca84508b0b8e27acfe539ddb7a8f5933cbcf,active_retail,13,4437.970897
0xf35bd552c800f6c663d2e4c4c529443b32d9dc3f,sophisticated,75,-530.4942469999982
0x4cbc4fde63da195a9b8ba85a1c3c89bed1cee9ce,active_retail,36,13479.746953
0x69a62d07dc49a7d22380a0da9f670c552c867a2c,bot,104,-314.24029700000006
0xb0c9e2355f4e2f6bfc86e9712ede129e07ac53de,sophisticated,76,17913.216507
0x4392d615d105ecbc8f8c060be47afa597e03ce3d,active_retail,43,27.650000000000006
0xaec7ab2de0c936796716b3daf022e8314fec2652,active_retail,21,204.0000000000001
0x7e35269affd4f2a91019ef97fa9deee9db30ed83,sophisticated,124,-857.9499999999994
0x7ce6821abc060cc79aa93e3ec9d8a338e2adaace,active_retail,222,-2040.6296390000043
0x6ccdc2e66ec40e8085ea4a1e6dd57a4662f3ddeb,active_retail,66,-143.2249620000016
0x7857bcc9796f86706aa6cfe1d2cbc16008329d0d,active_retail,83,1409.895899
0x4068ad1930cc736911082af5cae016aa9a1ff579,active_retail,126,-54.15358199999996
0x4bad31862a1ee37bb83099d8df33a39f4997dfba,active_retail,92,-58.74789200000001
0xbf674b00f90ce1c75d653a1931d1f3214fa3f83d,sophisticated,680,5.092408000000432
0x48701dc317c73813620e9fcb44d9ebefd5b84a72,active_retail,79,-13.31792100000017
0x5753a6dec3e617e69f99389792edd9995888bb57,active_retail,187,-10371.793370999998
0x176365443307b9ef4b6b0e2bfe24b84120c63a0f,bot,1210,1609.7993569999999
0x2805369de90fb6a6ddf5cae90ae1ec38121f3e4d,sophisticated,73,-395.17650799999683
0xdf839809babf9128b804931b20df5299762bef8e,active_retail,12,1039.984794
0x647a39ccca5d4c82781d5f4bbcdd8a2361ac7c59,active_retail,68,2204.8500000000004
0xcb2d5679b36447e69cfc30221846cac3fda1dde5,sophisticated,476,-3446.918315
0xad4b137f5296a10f0fb7f40c551d788c57ac2daf,active_retail,37,-805.088441
0xe6f0bcad743aca1d8eab31b3e72019f222267f00,active_retail,21,4233.5922820000005
0xd176c8112d3083d4257e5ec9fd45ae7b69453e61,sophisticated,104,27.849367999999423
0x929b680f1d8647fb87428c369888086377512100,sophisticated,95,11451.671643000001
0xed458c68530c979eb677fa1f32b6cae463444df8,active_retail,58,2417.200002
0xa26f7d745e1297ce4025e0c08e50680adcd54b98,bot,784,113.6753620000001
0x75d4c19708ad084c1cf6a10cfdf528c76fd94027,bot,766,10037.259397
0xbb9c751f0d1570f07a2f15c0fd3468cfc3e0ab6e,active_retail,251,3.373975999999402
0x35b6caf1b31871281bebd28a4c44eb0a0c8839be,sophisticated,587,-5.809691000001294
0x22b0c3f65b54850006aac5aa5775fd5fb4b8ccf7,active_retail,76,4321.531979
0xbf2faad957da46f450a5fe815c49e7d9487b82b9,active_retail,105,-29.822423
0x4e4669fe865724f3690d699ffb621a562a17cdeb,active_retail,22,476.227157
0x64242b8930ffa0e9896d8e098b1047693c1716e0,active_retail,117,216.02499999999998
0x13f2642e5a2385ee144ef9c46fda5cb7fa6e9bf9,active_retail,39,592.673393
0xd9774417c993631829486af9846ebb25787ca2cb,active_retail,37,653.6019890000001
0x5407c36c1c2c553116e6771dcee471ebc7cd033b,active_retail,125,-233.83502999999996
0x6777c03076a270c98357aa45731ce674e999a516,active_retail,58,119620.34127199999
0xb97ef2f8f1cfd52b09eb65bdbd9f89b4aa48c486,active_retail,37,-7.965160000001596
0xf5ec876f7bd23fbf3d0789d129ce328f09f3bd6c,active_retail,42,288.412177
0x907f1407f18cd5521e2866f85096e5fc6b0f0ac1,active_retail,28,1232.4954749999997
0x544a10e3ea40aa00a0aaf3e5038c9066141e5541,sophisticated,148,9156.551037000001
0xd503d85e2cd452f596b191143b2e97cb70ea4542,sophisticated,193,19268.789354000008
0x7ea6390ba0011c9ffc9b4154a7d32fc305ec03be,sophisticated,17,12066.444198000001
0x2b78a068b8202cea89e29cc8ebd4987ffab9559f,active_retail,44,-232.01559299999997
0xee27bec7e3b00d51129b6a65846406743228bcf7,active_retail,105,-1.447545000000713
0x0b79d20d11a34c701e21fdada4694e171a794f89,active_retail,39,109.40267000000011
0x9f498bbc18d8a42341ee70498a643ee44acaaf16,bot,773,3.9278400000000113
0x506c6740a79eb630226a750b099ae1bc900abb98,active_retail,118,12.594056999999925
0xc4f55e4fd5fb420098c8658b15c4e654e4008f27,bot,50,234.6487
0x7468bfe58ed569257f1fed5472741a08f7183359,active_retail,87,1392.6194399999997
0x0541221ab9bde72fce172a564e25677d246519c6,active_retail,31,1.0080460000000258
0x082a40b99a207a0d7eea18e5bbcc569f4855a540,sophisticated,18,11151.0
0x6bc665034c7281d241bfecb0b790cf46ae8a5fb6,active_retail,14,2851.5
0xbdc07d4ce77e66638d747a418ebd0e909b0d5b13,bot,786,-16277.28500000001
0x891b70e19c0f32e98508bd90eea4b5e4d66b7479,active_retail,36,296.4667090000001
0x699d04d0c0cefc5c31f75ebec076a665c2bc45d3,active_retail,97,114.54866799999995
0x441349a98c2355e062336af8f714bc84bbff9856,sophisticated,95,1000.2883509999997
0x949989077075278f9744ffbe43200e131ed1477a,active_retail,13,26.317999999999987
0xfa3087b7cac772f7c5479cb1b2bd0c84a5b2ba91,sophisticated,11,10324.0
0xe4f2ee892dfbfd54a77d9c9c8b797cda76900063,active_retail,12,145.0
0xf37c73e096dbc36a6c8c0bdf7cda4bf98f76e5ae,active_retail,67,-213.17847399999974
0x5a32b53cc119fe7e530fcecb2786e315a8f0c6bf,active_retail,35,27270.347977
0xd473db300e314d68081f6b275941d0129db47c3f,active_retail,53,-2.1553519999988566
0x1d53eda971567e6a58e3c7f928c4042cf5ee42bf,active_retail,100,-101.87574000000009
0xd0db767393871f6abbab106f22036e111cbfff6d,active_retail,30,111.22139200000015
0x347a7f2250c6314cf2ff71e3d2e21e45cc5c92ea,active_retail,70,-265.34155800000053
0x1262a7aff43a53695c15e54d83666b939b8d9a95,sophisticated,70,622.3411350000001
0x9bc7d825787d0c280eb264e0e842774bf6202280,active_retail,77,-6.573657000000253
0x51feab3bda3e25b5ea76b9aaad4a84392f8e7fec,active_retail,220,-44.081015999999984
0xc2bbb98a5910e07cf430f360c6361e2769313b54,active_retail,36,4422.2968
0x1757568b469c268c3de051ebf11981d116adf12a,sophisticated,190,53.54607099999998
0xdfb6741354a8a734df97330722e6698a68c25fe3,sophisticated,229,-127.90557799999966
0x5c9eaa3575461ae1ead71b4b365b077c0af0bdb6,bot,171,-67.01973599999941
0xcb1eb25d8c58a23c2a745e663eb38d4ed7a75864,active_retail,249,1.1216239999996447
0xdecf6170e9e424f453dfc76fd6d7a7d1638adbb3,active_retail,18,1022.808198
0xe314db6db060cda0655949f9a5bed87778ade217,active_retail,68,516.2032089999999
0x08cabe7b7d2da5e89371d90e41cf4fe13469691e,sophisticated,59,10029.133523
0xe121e9f03b008c3bc8c7dd4f91e28a26ca51979e,active_retail,57,-6678.5
0x238ccf87525ef20a900b0c99010063a1f973e820,active_retail,29,36.66100599999935
0x961aebe2b926d2546161fa312e09564153cf9cb2,bot,57,0.2640420000000816
0xa42940d612c9b2e02d3cd35a4c3f17062782368a,sophisticated,272,1946.2725610000002
0x784308003ce51951a3cdeecceedf037c6fda9eb5,bot,7096,-1.7731300000001653
0x6441aa579f5894158be9e2cf6515df4b85e333b7,active_retail,26,4204.982395
0x384442be5e00b4639d0b9c6cd63334437a7fe714,active_retail,102,-249.9424120000004
0xf6e904564f350161218ffb958d1cdd970b6e6cde,active_retail,65,-863.8300120000001
0xb81cc464d23570e06101e2a423d8e9a0d6051ec4,bot,810,-0.7584409999998911
0xb5dba287eb52ca071991e49c79a0a844a9b5d774,bot,1585,-14.471849999999712
0xb06d2f1e4b2be42a53fb535a35107aee3e0c3575,sophisticated,158,4206.3682149999995
0x78833b89fd7c44d5fb07dba2637d990febd99cc7,active_retail,95,3.1721670000008033
0xa8d72aaac9ecb0eb94f3decf54bd0ecb8e05e598,active_retail,26,1.0514939999999346
0xd51cd8ddc28571b4445bbe80e6a20b1e7f588eda,sophisticated,116,-8.709220999999786
0xa5a230d336aa17affb814b06ca047da5e9b0294e,active_retail,37,290.41464700000006
0xa28e61b0ade1860cf15c9c132972b97c50d0b65d,active_retail,67,-0.7480660000002446
0x309b2e90f8046d013fea8b373acd9ad0eaba4ba7,active_retail,209,604.303589
0x65f295d9b82a908e52829b20a248c647daf1103e,sophisticated,109,-886.5306739999999
0x26b5fd078718f5c9a7cf5d606c770b6c6252f67f,sophisticated,84,17.982305000000906
0x29cb4b094a63edeec04d558b972e7a1671de153c,active_retail,110,5635.890889000002
0x2c6fe612dc43cc67676d2efc1e5eed50cbc1deee,bot,1245,-288.13138500000036
0x902f17210289f409dda17280f319975a7e5e2e67,active_retail,32,26.584444
0xefa8ddcebcfa6dee171cc4e18318f114d9f759bd,sophisticated,36,6352.8042049999995
0x9f08dee932bf26d8b4acb63255c4f57c6c2b0e8d,sophisticated,38,2306.842829999999
0x89da710fbd9b8b0e8e3baeadc235916bf5c85186,active_retail,36,38.796459000000056
0x78c0424efd17800840b7d24cb8c08ed754ae945e,sophisticated,127,-5028.826631
0x355605b9b0dd90a34d44aee40ffa7c250b8858cb,sophisticated,45,-318.43617099999983
0xdea78852317902954e9406058d12012b0816e01d,active_retail,70,-552.357838000001
0x88d15b99d682848e1b2a6618cab081e60be54f91,bot,9656,1108.2642099999812
0xd28eeea16c45091e5f3d2cb5b2f9b37f1eef6566,active_retail,130,9.03393399999954
0x65ecaf14c77145a91704992fcc0d2fa4ab71e0aa,active_retail,105,-4.860519999998866
0xe54d4e40fbe23511c219549345d2be77d4063065,active_retail,221,22.36795099999972
0xa36a1debf528a8ac30d70118341ca159457f64e3,active_retail,200,33.563176999978566
0x574125fd65fc6a5605e37285fbd4ba02c3b7fb99,bot,183,11002.87253600001
0x946b42a53733d1a1efa7c284e666aba7344a088d,active_retail,239,73.67566600000092
0x8270a509304801f437dd49d2baf59ca571202980,sophisticated,516,2510.5731749999995
0x4820b753e07df15a1c97464f17cb8835565f9720,active_retail,276,29.615279999997565
0x91f9ab2bac245bbb30713ddae28a37a7b0797bec,active_retail,67,-7.70307899999986
0x008282f1093b370faee382070befce1c97073ba1,active_retail,36,3.626252000000141
0x7274cd9039b9ea1c2d0d81f733df9895ca96569d,active_retail,102,106.48248399999997
0x28209beb61f80ec99bacbde343e3c885a02f3d76,active_retail,129,308.01591399999995
0xf5c0c03588eb9e6396932ac27e68f3d2d5d4d1b5,sophisticated,53,4647.679588000001
0x179157809fdcc39a8fa9d4f6e4fbe7de3fd665f0,active_retail,77,1456.322368
0x0ebaaca7b5f42c2f68263a4f5a42192c3f0cb5a8,active_retail,193,468.85174
0x3a6070e1af45e6f98df3b309f79dca072b68fc24,active_retail,46,180.0
0x297af2ef9eb1fa44e8463751fb65245e2adfada3,active_retail,35,1480.0
0x5aed57b993c2e455b4f20d03ce2fc9cc3c4430cb,sophisticated,127,8500.174866
0xa0d584bff094b812f0a5d8436935ef426c6190e1,bot,2907,1104.182672
0xde923c50c0cbd6eeb5bd5557cf9d6b8d68e4b648,bot,289,-41.98372000000008
0x30136fc570a02cb5e6f2bcd2086df7ef3cd8e276,sophisticated,226,3864.6783700000005
0x8cb6ed257ec84a505c94a6494fe69b163a71099f,sophisticated,765,14759.001910000003
0x9969804f1128dcd89b0bc7b8cd2369db4088c885,sophisticated,123,-22361.637123999997
0x0add9795b515cb4dbb4d026a9565cc144776ebf2,active_retail,59,205.29219299999997
0x6d967ec79d9c48ec3a06603a472de0b47eef7323,bot,178,0.06381000000055792
0x433c69c78e578597cbf89ee52e6110e1b75daa4c,bot,1359,-17.900157999999927
0x3f494f6fe309d6a900d22400207b910114cca680,sophisticated,86,866.0311290000005
0x6f21c7507f241fb09217e29a04f9c89601881281,active_retail,58,911.7899769999999
0xf0a2cbc760e8f8904016ebb3b0319c1a817e230f,sophisticated,197,-16.529701000000358
0x82c4e70b2d822aa67107e5161e51f47c3f120350,active_retail,137,-6.852454000003487
0xe9d8e24ec180552cd95915e92ce62bbdbc77c55c,sophisticated,305,762.4849999999994
0x9b03173ffc84d28d249264366a1ce2e0ab4bca61,active_retail,39,0.6625649999969028
0x5b029b2660e5d8f1ec5d375ad9ab14ffb3869476,active_retail,115,-11.205229000001964
0xd2437f73d9d38726ecbcc438ca5f9d4cd7388ecd,active_retail,35,38433.46217
0x749397880cca422215471d581c01b67fecbc4ded,bot,1417,196.87352100000018
0x28083634e9a07325bc3a024df52cc2a54948df52,sophisticated,61,376.285597
0xdc1204761389eb2214ece64cae9ed0aaf0bc536d,active_retail,62,-8115.610699000004
0x2f61da6bb62925a7d414f72c5574fba8c98167eb,sophisticated,116,-1009.3092169999993
0xa3c416243304b5e3e4d7a61930a3d36e9841863a,bot,70,0.0013000000003557943
0xf11c28303261537ccade542792e73d60b1a5a836,active_retail,132,1462.1530860000028
0x30a7b38428227dac403164053cc12b5daeb36779,active_retail,61,239.37770400000002
0x79460f90381f3a66b81249083bfcc26d9493bf6f,active_retail,141,895.9719910000003
0x5a51d73b18262149c39e4185cf952fc74f5364fd,sophisticated,84,361.627618
0x869217d03ddcb1a2ec8d0e4df7da3ca9d16fc2d0,active_retail,63,-10.240487000000144
0x2999498679d69e8d37cb614fefe705dd5fce547a,active_retail,158,-23.909482000000004
0xb313acb0269b14ea51e62bd06908ddf70af6f17b,active_retail,104,2830.1929440000004
0xd226c7d4de015e5102b732485eac1d9bbc8b7fe9,bot,62,17908.58444
0xaa721ad16e71e45525cac50aad139fba680e272b,active_retail,32,15.050441999999999
0xa0f46db26a5a6941fdc82bdd76c17c4df50bc0f3,active_retail,39,24.469581999999946
0x20d7e3a6da5ca460d88cb8b2852a814f3bc31b30,active_retail,36,1.4999999999999991
0x9d1db90acf8fabad49e4dee234ea55a07fcbe2c2,active_retail,43,67.712949
0x087a504fba5b23c41559bfee1f4df4b5393911de,sophisticated,234,5041.331113999999
0x2bd2574062fb6d8556ddb1050955f43dd9d4c21b,bot,1539,559783.4680860001
0x71b0691888269073a27d5fc048118bfd3b90c740,active_retail,189,467.58899
0xfcbb257b3050322c120a261e7b68b023765f5389,active_retail,89,16.000954999999937
0x7eb3b9b4947b9621a6734c83d7c244e44c70d1dc,active_retail,33,185.335971
0xb82cfd5273c3bb6f2d6eadf3f2e749cbaa53a4f1,active_retail,53,131.0624549999988
0xd087d35c8a992cd051d9187096e7e27ee0959e67,active_retail,146,19.85476599999302
0x78e89d80f9b6d91021c75060ce812ca3a8bebaef,active_retail,111,-146.77857099999983
0x8abe49dad429c5a4a0bde15513196baf49377b74,sophisticated,149,-61.22963000000183
0x187b89001732de0bd0fa594ec985cd835b1c26bf,bot,2627,51804.447309000105
0x1e154a4597d71edd39b5e49b846ea5cdcd9456e1,active_retail,44,3126.1880949999995
0x7d31eb0edd0968dc0a85a89fa6a3793685660a23,active_retail,39,4536.951991999998
0x25a24be8ead9b83203d951fff3f10662322d4033,bot,650,-10500.578537999989
0xa15eb6ec3118f8268315b1e524bc459af50aa8a8,active_retail,111,5.5208679999990675
0x55984a804881cecc1517f824033870f7e500acb2,active_retail,46,119.08958700000039
0xa67cb49d2073fef1ed5f06c4200a2caff0b80d2c,bot,6545,7357.432567999987
0x3030d7effc5999d99d85203f2196c9e5450b16bb,sophisticated,157,-298.52747
0x5838651b95eddf97e1144c221de5a3652a2e888e,bot,3898,-8422.214858000005
0xdea357d99f18675616f26b2fb49d589968e6e4ba,active_retail,332,3397.424737000001
0x0a87cd015a4264f7e953a982e7cf9463f7924bba,active_retail,63,1555.3027629999997
0x30f6769e03cfe8fcbbf5bf1829b30cc1bc9697ff,active_retail,12,469.993998
0xa6c296b3f3a8427a9d78cbef379ba6f58ad31c4d,active_retail,42,-1029.3040489999996
0x7934849ffa96006b1e5c013cc61261c15d9a822f,active_retail,41,443.306749
0x34954ce099249fce0d80c065981dfa976e23dca1,sophisticated,112,-2907.870665
0x5396b3d1cb0f0556479a2155246b902052e3a135,sophisticated,127,6042.964297
0x773e1d05eff15b72e7b66918c3f10980c5daf226,active_retail,92,3835.8854610000003
0xa87cce6da6d461e2333edbe37ade06c55b5e60e1,active_retail,274,-160.25280099997576
0x277948f6c939469a3f15501b5800e7fc8d4a4635,sophisticated,81,-63.95432300000073
0xd985ef2db16944bd7dd8a7f8d67852107e5437aa,bot,319,6479.73155
0x784979e93e2bea557573dee342d88ddb07af2117,active_retail,65,58.94389000000005
0x263303c5aad8a1614209fa886015ed3d4f2f8816,sophisticated,360,-5497.863685999999
0x2eb8133855982a46e46bdd7e92dacc06e8c15e90,active_retail,40,3.528375999999753
0x02dfecb4f59e6440b7a64774a465d1197c43b85a,sophisticated,155,488.2878760000017
0xdf02c90b166a5e3edaf4b07a02e14c60a7a484ed,active_retail,72,-2.117243000000286
0xc7c69652fce50f1d09c53d3d8d51375f1b911434,active_retail,195,13333.950261999998
0x6bed673d5ee05f0a6086e129cdf226eb0604427e,active_retail,52,4784.026682999999
0x33f313ab9eb1dc4789664d59b1bd581577184a13,sophisticated,52,-112.29861199999971
0x57b983aeb3a83ab2c58756bcdc21031461442a94,active_retail,50,-270.74109199999975
0x0896199192e23165d43eef08813a722c619a85e3,active_retail,180,-33.01616100000382
0xe58d221d1943ff148256746684639d7c200d5e1a,sophisticated,117,13921.515589000002
0x10a56814fe0b232cbf3e5b016bf58c0fd43ef962,active_retail,101,-99.94162300000016
0x6dca662910b937443952a33dd17c6de781f9110e,active_retail,123,-4.634375000001271
0x52a7469d144a12a8fb080a844a6700b350c0173c,bot,503,1206.6038070000002
0xb226c3f98d4a6c271c0f6268a63405132d527697,active_retail,57,5653.1794500000005
0xddec77614b6bc7d4235e4eea314772fad760c078,active_retail,13,815.2303939999999
0x660e3715faa080566044428b2b2080ce8a1976cc,sophisticated,367,-525.3676189999996
0x8798302dc2e2a9fe5b1bcb527e13c667999c62b8,active_retail,74,-134.305027
0x931e35ebd5edece0eb7b1634cfca4ff265632a50,bot,99,141.559709
0x37a480ca2ca94bfbe7e7f445a99620f0a6bd72a9,sophisticated,78,3223.988995
0x5d881c19d722b33bdc0a6ae86b1aacd51d654dd4,active_retail,65,655.9680219999999
0x70f8f2eccad6c6107ff91d122e38350d5d6cd0d5,bot,6781,-56168.381193000074
0xd5478f11cb92d6105f2d52f4035cd464ea6463ef,active_retail,63,118.3551130000009
0x3697357184db6735fdd47dd11b86c3377c9fc718,active_retail,86,3336.4236329999994
0xed7808de645d723e0972b9cfc2bf2cb79c40968a,active_retail,31,6809.668897
0xee57eb1c1dcb09383c7110eb551a24f25119dc71,sophisticated,167,1713.093847
0xf1727a2ac28030e84154ce65629a3ac0365134f4,active_retail,58,53.63999999999999
0x5019d6ae4bfde11032a534b71b31ccbdd769fc1b,active_retail,44,38.47004000000002
0x62fab94cfbdb38db7e3b5be09471018dd853f479,active_retail,67,2082.111978
0x012501bb9b7fa64ecce9d440297e692567ed6d3a,active_retail,56,144.4999999999999
0x96c789588d7b6598c37fc415049f4d8b00043133,active_retail,106,51869.013375
0xc7ec1a07763af6d846c779fb46d92cad45431fa9,active_retail,113,9675.312186999998
0x52b27d0e59a4e8ab6ed2934aee9acd00d2ff05f2,active_retail,462,6290.6939790000015
0x08cd4eb350e98883c79c3a118fc0e3bff4e4ef8b,sophisticated,56,1577.537706999999
0xa9efb0b9e901215acefa2f942249f3614004ed5c,active_retail,30,-3.2116480000000927
0x9096e1ed3b2e7cd8942537e92953fe1b78dede72,active_retail,17,-274.2456609999997
0x80e2a78541d5ed24da89162fd7c0f7e21671961e,active_retail,52,279.27458700000005
0x1b97e4884a098ae9c1cd040b2394d963a79ee4d2,active_retail,143,-18.51447200000075
0xde6b8ba5dd992315d2dda2f1803231e7c7182a07,sophisticated,136,6.197909999999173
0xd020a1fd1c6e5983afc07d4bc4a62a5fd220090a,active_retail,101,-11.095138999999111
0x6a822856cf33b614664118fa30a68e14036364bc,active_retail,64,-5699.759203
0xd8cf4582913f17b453942573fbf4daa4171e21ff,bot,64,0.0010440000003200112
0x3172258744f83f39ce5a0cbed57b2b96048147b9,active_retail,198,0.10305099999216383
0xa48b9cf7b9306d937ccf9be145712a11252d92c1,active_retail,210,-4093.424292000004
0x98065e70c7c975fbccbd58dab606551ba5826a1e,sophisticated,112,139.40262600000003
0xd940c439bca10f65768b65a6f86850bdb2e5b02a,active_retail,80,163.9004260000002
0x583c1556cb10d60acd8ac7a3b9d05c49271685ce,active_retail,51,391.53851999999983
0x662d6aab8de491fa51b927347373bdf6c78e356c,active_retail,26,130.73242099999993
0x62c28d5702e28292657db0649a18bc65c2ccefe5,active_retail,40,613.137288
0x546df2526854f3782847786f3587ab5983b730f6,active_retail,103,431.95519599999994
0x0b6468cbb58f0415f7ab20ab6e08b21a0b4dbdec,active_retail,14,-62.400600999999995
0x8f2f1c41db1eec38c525345aee104deaff5b87e7,active_retail,62,627.7785610000001
0x09791553af1e046654a25e5f5e92c20d8d02c1ef,sophisticated,140,972.4840449999996
0xc242da10465e1165c853cf279856cb2a337e8f05,sophisticated,608,-2620.9523030000078
0x045dd83e61bed73fc1a210a8ad27edc9594e9ce6,sophisticated,218,604.0486280000001
0x73cb30d0373f164d7489cd538b09ff4527b5a632,active_retail,54,-1679.6291150000002
0x9ba99e53df24d12751e55bfaf1932f60431c92b7,active_retail,210,-237.8394450000012
0x8403c7adeecce98231c6716c1eea2a6f3db2aa54,active_retail,25,0.5227400000001473
0xe7e1e8b54a1c9ff7cc84e0eed9d9be08cae1e551,active_retail,62,-17.502051000000105
0xfcd2dee74a417a112b96227b0deb357ded521c6d,active_retail,92,-40.19140600000203
0x819b3f2cd322173d0f28e56e068139939caace45,sophisticated,36,2183.016455
0x042ed57f61bdfd9ac1b35c980d1215c22db1b2a6,active_retail,68,-249.58655000000056
0x9c9951acfe379d78b83e292dc97c7c80680a34b4,active_retail,65,-2.72421199999917
0x55dee0df91b794092a53cc2b2bf08a1b92b29beb,sophisticated,224,3251.0777599999988
0x2226a5224bedda0da140b9da0e3a3c0beb2c6622,active_retail,26,6.327617999999802
0xab444034e9de75dd641caaa6cc3f62600034b6f2,active_retail,90,7.166091999999754
0x413c51b7dc86015bce73dfed3f08b1b6a6cf9a07,active_retail,52,268.711184
0x316495bd2398a0db236103567b8c49b75bd13e6c,active_retail,116,0.9859759999991198
0xd95c7e079587e967c39a1b055909bc52f6e455fc,active_retail,59,15.006622000000164
0x80ace5b921d547663b3846cd150d68f3bca36ac9,sophisticated,338,3741.738887999999
0x6b8f555adf35f3d3218db271fd3fbcd446abbdec,sophisticated,105,-2494.5617340000035
0x1dffe3dc827d9b9aefdd14954f797022cd06b486,sophisticated,252,5566.775136000001
0x4f50018ec001c2ce378ef11e7e6e45a50833a963,sophisticated,124,2345.2738480000007
0x0ae4876eca4c8a350045f3e0e61384eadafd4df3,active_retail,39,1006.0686849999998
0x48a2a98ccb80f58e84965bad05c8f5fde980d069,active_retail,84,4238.271360000001
0xd21888d894dbbec4b7b642fcbd66daf3ef61bd8d,active_retail,81,-14.326739000000657
0xecad1e1b89d7c03007e057aa6588a5b13cdf0906,active_retail,152,14718.433785000001
0x2db316e126be6a9186ce6242391b7badcdbeaa7f,bot,592,232.19015299999992
0x1f08723217db8c027d651bf2840ac364e00a7e70,active_retail,287,11.840012999999797
0x3024943d2d69407dd181d9b4c199f44ac08bc4ac,active_retail,41,-5508.220941
0xc9104267c671d27acce3d6b015d647d61ad57de4,active_retail,47,148.78113300000092
0xdbedc5ab35d896d3226c6ea5e1708dfc631f10f7,bot,1034,93193.32686300002
0xc7fbd006f27cb9bfc1edd7d90d3b26dda139e5fd,bot,53,-1537.7847000000002
0xb2c89734881eb62b9219eb2972ea0b7f093512b5,active_retail,91,-409.5307310000013
0x23ca59290404e2d4b993c62029d218dc5501705e,active_retail,57,36.47968200000002
0x4735dc0235ce7b13dd3458e7298eb72068bf30ce,active_retail,56,-144.6703130000003
0xa0d76bc3c9582454e7e1a11bbb56f59e6eea9613,active_retail,41,-9.094947017729282e-13
0x887fa95a8a0a2d54d345f7b01a25abb389344f97,sophisticated,153,8211.799656000001
0xb6ef4974a23b9ad5003940c06315405bfaab39a7,bot,107,3339.5369870000004
0xeebdd780b237b4b0fa0dee82c822c5e1560b402c,sophisticated,333,439.8475110000013
0x899020601c4449d0fb8b447dd496f70f871bbc80,active_retail,88,4452.343984
0xf2ceb1c993f99d146ac1326bdf0a31ea21ec1ff6,bot,1275,2308.5630089999995
0x9e79a25262f39864b66c1c6a4b454f7ed1f233b1,active_retail,26,1065.282718
0x0fe580d00e862d810c2edb68928819b15972d99a,active_retail,53,-29.72092
0x67b37dc19f11cfad6f8b1dd4f3d9d4ee5e392212,sophisticated,56,2232.120854000001
0x3af0a7612c52dd7189d15261e91a3f84f9631838,active_retail,34,44.0
0xd5f6db48e4d86351ecf317d686ed6b1c69d9db3f,sophisticated,31,40326.104999999996
0x74fb44c8790c56e02a0102a1e2e16534ea0c9890,active_retail,16,2342.5
0x2d8377a454281338eed4b5d68d071a64cbad7b25,active_retail,18,3596.5
0xc95b297c80c87cdd6e18517ea607b60906d60d34,active_retail,128,-8.897764000005687
0x9e43fb8c461900b493d7c696aae71041f81c5238,active_retail,77,712.9755029999999
0x56479a72e37f8d607aa0a4868afb42624e814a12,active_retail,91,-19.642927999999998
0x107ebc24d64b60a580fe54227894f4a35b6352b2,active_retail,62,2452.889149
0x4c54d7b909aa5357a41782cb2b967d9bc36c48c5,active_retail,19,-9.43689570931383e-15
0xe8cd3d78936a5f6048c6dd62ed14e805141f87ff,active_retail,32,636.6788969999998
0x2ec681d5cbf2ba6d1e8f0e87b2e6026b0bc438c8,bot,2200,5764.827750000002
0x7c0550e738405410fe08c813b386b6d765f71833,active_retail,31,45.67123599999903
0x76dfd56a7468b890b47060d87d1bf3c413606fd8,active_retail,101,98.71630900000008
0x1347d7d8d6fd93f828452858db7de4ce8c87bc3d,bot,639,-1635.994805000001
0xa9be8438b1eb2b78829bafd254e8e035e44473da,active_retail,48,-90.49921099999989
0x2abc44ba9804a9ed680fb4370a0281572575b515,sophisticated,222,572.5683030000002
0x847c9edf63828dfe09601ba63854e5a2dd269d31,bot,354,153.703447
0x6cec52cf04bc206037b53efb1818a135e9e3549b,active_retail,69,-0.5201839999995173
0x3c787c5031fe14706cc16552886fb79fcace1af0,active_retail,423,1013.3705879999997
0xadc8dc12fa71aa9871c1c213e12d66cfcbb5918e,active_retail,134,-10.463008999999992
0x8cee4251512cf0ad9ecffdd92a9d94c29eda6954,active_retail,49,-0.8799999999991996
0xde6b39287edb0b45f965e46e2dd3d00d13af54d5,sophisticated,75,16328.210374
0x20fcec5c8103edc02e3d06f13e1ee12ecbef9809,bot,603,-839.2329639999992
0xec6a36ce7c99f3e8f62090fc699386538eed8387,sophisticated,131,1235.4577769999999
0x89020d3957c1fff90930e646ea7ba9e960788e15,active_retail,166,705.0000000000001
0xb12897c1a963e73a3e1682398c03fce18d57cf58,bot,154,4313.3694160000005
0xb376d56ee5c245fe2380f96b1c3b6a5c55dbeab3,active_retail,78,292.83929900000004
0xecf0b76aad3f61a28d10ef4c7ccb903d1c00fabe,active_retail,21,4075.0855290000004
0x5456085bde47a434c1c43ace1aa652aa3aba5bb9,active_retail,19,-3.2412299999999874
0x0cd4c7e7a73645a90ce29c332367af459252063c,bot,804,1169.2964780000002
0xbb7f820159facdd2418f8060d9416e9666adf7c4,sophisticated,49,469.033279
0xbd7158736d09381655a9b6b01e2971525f3edf81,active_retail,218,-101.89781700000086
0x07d09ef1cec4307a1f3c0fee56fe0a36b0d47077,bot,8894,10674.726167000008
0xe025ed322344be78fbaf5130c55f414cd0b9102f,bot,988,3504.395986999998
0x347bd668d1d70c40b4b467645d73baab2b6f29da,active_retail,26,7.442211999999927
0xbc8aaa84c3f0d5438e6bc4c541644614ce32903d,active_retail,156,-1938.6318580000006
0xf7e349584ac8f40e517c1a0268fd2fd83d7b4cee,active_retail,15,1.1920939999999973
0x35f485d7f889aa128eae5b00de5acace1377a1b3,active_retail,51,188.3103379999999
0x5f07d6a0c34a0293819973c7588b938db7107024,active_retail,29,-8.259985000000597
0xa212288cb05078fa43f7f4b1090ecc53ec39f8b4,active_retail,30,-131.1764340000009
0x9b90183b58d678f50fc9bc902b37536a388d5b63,active_retail,30,1.1476590000000328
0xe70e0c40e07b842f982dd7ccc97051439cc80d34,active_retail,12,1296.500093
0xf955d41db8af489f75d8361e0ae13cc48a335e06,sophisticated,40,10422.379100999999
0xc06669020d8a462411b878e50b6414de9f378e09,active_retail,32,792.4463990000002
0xd7f14d02733f077ca4b27a9096133f84489dc67f,active_retail,46,1455.3987590000004
0xbe29d869514a0d60796790d67d1ea4ae13961c8f,sophisticated,334,-2167.7707590000027
0xfc9478da35259671f18ce4d1cf867db4af637d98,sophisticated,152,-1113.225349
0xfed3771f8930542e9b4c51dc841ad2bb75eaa35a,active_retail,24,-8.880382000000168
0x3ae25901c1621e25a59879ff955e3b59edbe98b0,sophisticated,71,2976.9111089999997
0x164046ce2cde30cf21ba68689638865f2a9d8633,active_retail,52,-114.90649800000007
0x442029e25d758ea5894a36bcf50f9fb22e5080d2,active_retail,34,4.641182999999987
0xf839e739c64c58b55bc97191dc070e009ab233c5,sophisticated,455,-1368.512545
0x394935db91b8a03dd681bf67be9c94bbc16c753d,active_retail,61,2258.761876
0xd2e2f6af48bbd5ab006d4be367483f71819ef7ac,active_retail,99,-0.7743970000000497
0x58df25930b4c89f30d57ba8be354e6f812958a7d,bot,1981,-9099.967718
0x77beebc0da26e86b2d78a7ddd45ef82fc2774e80,active_retail,30,0.0025689999997666746
0xa828a40607fa15a4e5113e91b1705fa1086b9fa6,active_retail,131,9.419676000001425
0x0f913a8271637399231f98dd90bdd69f279c9951,sophisticated,150,-20.788129000000197
0x9524d5da6e39c1b54cedfddd8abbb86c47875276,active_retail,64,-3031.2651400000004
0xe0a9dffa554194a41c15d96cf8a0ad09ab6fed73,active_retail,244,90.74538400000301
0xce54a0d1247465d7b636085fa30512ff795c650a,active_retail,37,6.983796999999413
0x223fb74477b706e25e6e9e962e08fee910755e6a,active_retail,52,882.3725930000003
0xc8aff72a4b1869eba399c96c8a2b56e2cae999fb,active_retail,32,12328.693228999999
0x4152cdf9f019ead6b8b78967def1c28115b60c93,sophisticated,26,1324.110499
0x02988673b4f546f0639f8e06f5fc5a4a3f26595a,bot,439,677.8691259999998
0xbbed86d43bf5edfc9f177a5c33495d20037e83c9,active_retail,97,151.6879910000001
0x8ce715b98d6c2dddc64e56ba77c67d3ba22c614e,active_retail,114,-10598.719235
0x63d5f2770852199e830caa5847d6286f01ddcc5e,sophisticated,201,-22575.324523
0x708440cfb2cf97cdc3067025c59db4464ad0eee3,active_retail,44,318.217985
0x043e840440ebd110dcd237101c2a42a029f383e7,bot,204,305.28717300000017
0x50444ebe11dd2470d6526eda292db9a3d14fdb0c,active_retail,32,1273.484557
0xf4d3b6be7fa22f26b0f96b99b65969a68181ee30,sophisticated,270,-9879.704353000003
0xaf33f97d7af2e67c1ed2ed7063c710534c187d5a,active_retail,153,-60.77800500000005
0xcf4ae0468c9b418e2711ac6c5d088971fc20c1f4,sophisticated,190,107.30914199999987
0x50b9dc0defe33deae5ab65906eea6275a7e40d3e,active_retail,43,-955.5502139999996
0xaa91a36423feade37ceafcde90b519ff83f08971,active_retail,78,-21.41003999999998
0xeac7bc166be741ecdeebf765ec4eb152939704dc,active_retail,65,-8.17755300000054
0x5d280af5e69c02be334b858388998ae813d6aecf,active_retail,83,3722.3137930000007
0x3c64bb28c7be786d12c2f672ba8a52f745d11ae0,sophisticated,66,3158.5950400000006
0xd5755bbf24d46f1914c7653ca806852a4ea532b8,active_retail,35,5026.75947
0xfe1f3a853415ae145398ca878518690989a5093f,sophisticated,97,-96.87123300000059
0x74f9464206749f5723fa855a930a8343f6689078,active_retail,87,-7.647495000000244
0x49aa00ec18775c744ca95df4b51aed74ec22bec2,active_retail,57,480.57154099999997
0xa8e885959f46d8652a8e0c70291cacbcfb93755a,sophisticated,40,-3213.2913259999996
0xa120c4f95eeb23eabf679189da1d3b5e123fff9d,sophisticated,372,-2688.781306999997
0x20aee1b232ad49e2b8b853d7bb8f07fdb8e57f31,active_retail,74,-3783.312097
0xd088a50c5e2cfb28db87ce676b0123c3e850744a,active_retail,53,94.36006200000128
0x72d39f6811bf6f64c43d5fea76e75f5027c5a043,sophisticated,93,9109.580302000002
0x845ce24ff7b35f09cf0e4f99a3ac323fcebb7e1f,sophisticated,74,14007.03459
0xd76e9c466901543ac363bef32b58b4718b679f85,active_retail,16,1953.991594
0x045e0df05bf238c1043a84f4c4ab1b311fabba44,active_retail,135,-767.8616040000002
0x5bd4607515569ece4e790c1a7f275c4b871f241e,bot,6589,-2.278579999999522
0x6ca0a1bb49e8f8bdfcaf5f80af4632c6443e32a7,sophisticated,262,4471.471834
0x4d10a7ce19473a2c2a265fa5e4a35919266084f0,sophisticated,245,21198.586801999998
0xeef30f08930c046bd6f055b6859d6dade244fb40,active_retail,17,4949.696396
0xb6c76868398046acb9e3f569c413e87c61d8b39c,active_retail,96,1110.810893
0xd3c92528528dcc52ed20c2e5f6fca848999b0c32,sophisticated,39,-22.285049000000004
0x8d69eb0eb61a37ba68f97582c5ce66e149aea482,active_retail,51,113.42852000000002
0xde2dab77e435f036c84ddae6966dab913511c4ea,sophisticated,101,-8147.537480000002
0xb23a1f35bfe3acf4759bc699f273809cb62ffd20,sophisticated,135,-51.141330999998615
0xfe8a1204f73b836e4d415332b22e6b2a60c59177,active_retail,71,1589.3497029999999
0x423612529f71d5ef5508f648fc7639f52c71d22b,sophisticated,167,1429.9999999999995
0xd15fe7427292d56d0b801c59406ac6866369aa7b,active_retail,57,1509.927287
0x6de93b21cc56eaba5532ac144d73137248aa82f9,active_retail,34,31.648282999999964
0x4c83845f7c5c8e7edeb0bc7e8393e19a06e7ca26,active_retail,34,-448.7518939999999
0xb7b707252332ec0ae6dd023d34fce29517097450,active_retail,38,1694.1000000000004
0xf8f24387233acdbed0c3256b70ada6ff136cb74a,bot,1001,21961.418660999996
0xc4bec911ea71b911f9d070400b9447ea80462424,active_retail,102,188.0880890000002
0xbace8fa5330689a4e1ae12899667df97151abc13,active_retail,455,626.806802
0xefd8e851c4a50e9eeb0903c0fcb5530a61e7c689,active_retail,90,135.44396300000113
0xaf84056fb97448713bd25304bf097be06deba051,active_retail,440,66.30249899998888
0xa7bbcfcdf6e211311da3ddfae435126c80fb31f4,bot,3564,-8018.988484000001
0x9608afa826dbf2d88767a98fda0c1f038dccc3a9,bot,203,-2485.659758000002
0x1b06aecec9759bcb66e68d9b14b044a0863939f3,bot,810,-16.130030000000243
0x5bf660a55d8d34a134365ac0707082ae3d2fa321,active_retail,40,-9.69486500000005
0xadf1be91e96957b6f97017ec9fca4b8180e2c76e,active_retail,83,17593.721391
0x5e6589daf2013490502df297edca3268e2b59691,active_retail,97,143.71170199999995
0x8c2d937dcdf36eefdd7a5a4a2d930ca39a7f6b32,sophisticated,94,3899.485097999999
0x87439f6497bfe1da5d3e6b9efc66c7d99bbdf541,active_retail,11,6076.992
0xef50150c5f2485805966c86e231746f8edcca9bf,active_retail,114,213.13922799999997
0x96b7e7d9f3377b24a8c0eb06daf29ec61a720abf,active_retail,35,3643.570601
0xa171bf3895e9b64d6cc11e0aeedd2fc5d017c0ca,active_retail,11,3687.5
0x0097f86780e888d79d273f5bc4039f7bb811555a,active_retail,10,55.0
0xa090d5723ef9c4b5793d679308058389c9327cca,active_retail,13,6096.5
0xa5f43711feaed8f20f77439cc2b503c57549c5e3,active_retail,120,332.45499499999994
0x876c5fe9ccadcb7f345923cf799cc3c63c0b8591,active_retail,13,4007.5
0xec3d3acb6256a1c00976661b87e70feaef882249,bot,93,36052.5
0x87e1851da693920d71045e371234a323539cf1d1,active_retail,13,1265.5
0xe67fd0f19f6647385510da073d3886ab9e066aea,active_retail,15,4641.5
0xdb6843ee289c23449be25948ebd2204ca29a0c20,active_retail,19,5896.4
0x2be17fa6271d9a070d5f01c2de9d65f8d87b5401,active_retail,13,5528.5
0xbe83fcae3b4367fba4364f94c5b06b8a37468108,active_retail,32,30.350379999999994
0x4bfb67a139ffcb50ed921d899607b1cedb647b61,active_retail,142,1025.5239450000001
0xa531fd90b4f80f1a145593d5c3b67ef4c4bb3a1c,active_retail,13,3780.5
0x3e155d6564bad4324fe1f32454a3e469e7c89b12,active_retail,14,5062.5
0xc8a0552bdd7ab8bb48bb07d1aa32f930909f3866,active_retail,13,4412.5
0xb4b79d886b4ebca81100a57423780e18e30e3a9c,active_retail,11,1096.284454
0x5d44ae13a4bf1091624774a56df135c432762b93,active_retail,12,3269.5
0xbf61f9ee4597faad7d8e67d629eb6b21afe46121,active_retail,15,786.0
0x34ea291413a5df9f04efdf9a6c618cbb76aa44c7,active_retail,21,2063.67016
0xa153ab444126b2c7266f47c69b3b7cfb4fd5135f,active_retail,25,1596.330933
0xfa2f9fe2e7e1d3fb6abb16fa12e70d2ccdd5cb57,active_retail,10,49.99060000000001
0x7cdf39e46f7eae6b6132c37c66845b8ba8b419cc,sophisticated,73,-8533.012601
0x775936a0e20b2a00d112e3512c3c2b3deeec6020,sophisticated,473,54275.297742
0xabc6f797cee34a09e9bbf9ff2f6b3f627ea9cb90,sophisticated,40,2797.6861089999998
0xb3a92e7d2c1370cd852e8cfd28edbd0d3c2a45b1,active_retail,46,21.79201699999976
0xc2869c81f92f2ac382a0eafe9d6255bb374f0c5c,active_retail,23,-30.55795999999998
0x21e6cf8c9b6dc3f3b3e8606a1d18a8d828b69086,sophisticated,82,9230.678873
0x8a0f77f13097420b354b2b5ea4e8a155e29553a2,active_retail,26,40.249919999999996
0x7687007ac1c6df495df2e10e923f328a7c3d4c94,active_retail,35,199.25749400000004
0x729988b0baf8089bc9022ba1e233a30b88b8ed58,sophisticated,48,2402.775738999999
0x74514eab7530cce25779305aa306aeb07688a181,active_retail,43,77.33157999999999
0xf2c0a05043062bd4063de80907e32cd82c5c8250,active_retail,44,77.01945699999999
0x46c615ac0a86ed7df9ea2780b123ba16d82ff47d,sophisticated,49,-2261.4544750000005
0xdcb8ff83b1fd3aec47d921056f8ed8057edf7238,active_retail,54,9295.35542
0x20a0cf3fcc960adae740c33c281067e381598ff4,active_retail,40,24.093790000000887
0x1a5dfa159ef7047171cf973bd052a500e0dc820d,active_retail,32,18.071450999999797
0xd7091e4b17f66f8fbaff0de30d4de5f820e35f46,sophisticated,148,6936.443313999999
0x85f53f2a9d99536cb7a7a71b1e14f4b52035edca,bot,799,-11.38394999999987
0x1ae14f265872def60303a89aaee85df9415dab38,sophisticated,54,-5163.395748999999
0x5cb622716990cada627caf3f19b68576d792719e,active_retail,31,38.229999999999905
0x0f6038b57f72c1c78a895daa43602f9e8bc9ea33,active_retail,54,-1.2433409999999867
0x3981ff1e8fb75950d8d2303add9b7b56bb8cbc0f,active_retail,106,3361.85631
0x34b55f2fa33bd13be88ae5eb75093b9b899c5139,active_retail,53,-24.913327999999996
0xa034aac47dc19bb85d8b2e4edad6393bf05cc499,active_retail,72,500.84308300000066
0xc485e72451d300f3d61ed765818f27650718aeca,active_retail,87,7880.9465629999995
0xbbdb1cb7c037e2f203cde77b6a289aeeab08e7dd,active_retail,73,439.0352
0x4c2780fdb6b23ff3bfc03aefcc61186b06ab9f49,sophisticated,74,934.6691680000006
0xa6b4a10e1fa5c48ee1c552f09c48fde55ffdb018,active_retail,23,44.07072899999821
0x9ce05cf6b98203ba6def1231d02b712f48c96ee6,active_retail,40,31.11019099999976
0x463ef6aeee191fb6aa5e8f4545e7e01884218700,sophisticated,99,5387.932759
0x5c96df52bf288433e5bd0578872b60dcec8bb3ff,sophisticated,259,4983.300300000002
0x26906b2d420c24824ba6f7a87277e134cbf46b67,sophisticated,80,1643.7206899999996
0x7141c4aa21b9b49a86cd63080dd111bb76250b32,active_retail,45,0.4271930000001589
0x1822dd06a7acbb04fd79546a2290c9a572a8804c,sophisticated,237,12753.107133000005
0xb5b19e6748543ac3c43522965116db05d9e0c011,bot,684,-1140.370644000001
0xee9331e04435856d0ccf4b88e5853b3106943b1d,active_retail,57,36.031606000000124
0x7dcfd88d5ab1d032e6605dc52454f689509ad468,sophisticated,201,3635.9239929999994
0x48aa6027bffb4d13e7cfb38e915514cec30af615,active_retail,85,-10.598454999999692
0x4cc44ee4b0025d7d7a3f052ddacb15aadf23bb77,bot,1642,-140.6165809999982
0x4c7f415ce5406debfa16a305d9c9defe0afee094,active_retail,31,-0.05437300000005507
0x7942a81356cc75545c9b52c288a8f6fcba65d30b,active_retail,50,92.57504100000001
0x4ee2e481b0ea1bfc746d894edfec87494d690b0f,sophisticated,516,759.5699089999996
0x3910ebee79e96689220c7507fd420dd80deda66d,active_retail,67,-15871.672287999998
0xb29785ba13deb6d67af24bf6f4ae3e37468b7de1,sophisticated,259,3509.7085989999996
0xcf019b6cc7275558e0a470b3b2e224aab0274d41,active_retail,74,19.407939000000056
0xff5e450d2462365a58ec4771212aaa99ea31a98c,sophisticated,19,144.739175
0xf71b44224f1d3b54ba1c16c04aa1db2027657af1,active_retail,69,5890.215697000001
0xe1013bdcb75f82779c1f81834f0935ee94f67171,active_retail,348,-27.032914000001597
0xf2eec6b6d40728b9486f14cf6fb6740b98bd0c00,sophisticated,164,-625.5913529999988
0x0b39d4581f97e96d4c7211b388f5fc31a3ce0d96,active_retail,23,2491.6928
0x12af5e44d114f40033b97f2fdc17cfed82b445ae,active_retail,45,22464.5
0x5aef7b665d65ccf3d7ce4e377f0596c38b5baba6,active_retail,34,37.68000000000001
0x59d5a4c845da23273c71c5cbf9fcc39a374f9edb,active_retail,33,21.7919
0x866cde04cf61bae530b0e1bc4cae135887fb475a,active_retail,45,76.609661
0xdd6793fce6255d3e7daf959e965e1e36014d83c9,active_retail,52,40.19311299999985
0xfd7917cdc55739b9d4ed3b229bc3ee2388a46bf5,active_retail,43,-171.74216299999932
0x85046a65be6cdac31fef91b924699673d074ac64,sophisticated,191,-1321.4567710000001
0x804fe9ca379fe23c92d4b6d9fd77db8ade0b4bf6,sophisticated,374,540.5352409999998
0x1713c0c3687ed1db48a7ee57eeda9543958d952d,bot,50,3493.250628999999
0xf21bf0be5957b8ec76c57da8f33b22875286b1ff,sophisticated,109,4426.549553999998
0x9190766872c759cf42c915b44fe3a68c9d32294d,bot,1804,-41.65405799999992
0x242ae3f62e91b14145128eeedf2dabc1c8818e85,active_retail,24,3264.7099999999996
0xdf6b7da19571c2930606a433622f2161eff7723d,active_retail,136,122.77226799999994
0xc5bd72336fe9ab4ecc769e40b2dd8e96c95f17db,active_retail,83,222.2550209999999
0xbada3fbc6396919e9fa75ce69365753cb6b83fcb,active_retail,42,-1415.1365580000027
0xf0f0a81491c5d82f2e9f88d92fe6617f9ffdf89e,active_retail,44,-2590.9999749999997
0x38546c0d7c64fd1665d7894f676c96b52acbd9c2,active_retail,18,-0.014503999999988082
0x85ced5e4549c69c2629e3ab6445715509cdad5f9,sophisticated,160,-4404.542859000001
0xe59498ca78b109eab0f4264ea498de310c8841b9,active_retail,74,-5.131738000000155
0xf5256daa8688d36e191864de342887a6f77d008e,active_retail,35,3352.2072909999993
0x06073e89653bb30843d02ff88c02a9ff1b386bb8,active_retail,107,3654.2642079999996
0x3f66bc9ec8ed0a3c05a9d846a2ace8e1a461b2a0,active_retail,209,651.915086
0x14c12bf6b92090490c6704d1a9a8d867bb5639d0,sophisticated,158,5000.931121999999
0x7bd52f0d470ba6beeed96230f170b08fb07e1df3,sophisticated,41,18832.093194
0x17bda363ec56312d4dd54f1d0fe0f07a71913053,active_retail,111,79.62530000000001
0x0829da7b01d1d35053ffc783c6e7a2d4851fcaba,active_retail,32,46.88936
0x1f141c706d6fc14f08ac42aa2b4262bb82180864,sophisticated,116,2000.229808000001
0x842b08e7835b0d4128e3c3c318276133fbd5d922,sophisticated,76,24291.0
0x5c77ef009b6f7ea2167851e0710f9ad045d5adda,sophisticated,39,3098.995
0xe3b135a13487bae8942313b6f9ecbc362397bc01,active_retail,414,3483.199917
0x513b16ba9c2029353bdfa248fb5d003422c1de9a,active_retail,116,-44.67723700000104
0xa8dd66e44f8ace1eb4c23ac28c2335ea756f93a7,active_retail,39,233.21374600000004
0xa13df329c1df1e109475589c592c449da342c7be,bot,4211,12898.660453999995
0x40d9ac81a425f14d2c490c41ac8969c0cbcfd472,bot,157,7182.693145999997
0x73cda3de03ced1b06cf37bb53d8e565939a1ab1f,bot,138,-65.38750100000004
0xac7ce3af53711c14f7a81c0b44683095aeeeb4c5,active_retail,25,-132.5926
0x0359d76157554adddf98e108eedee943ed951a6d,active_retail,62,-44.348133999999945
0xe706112adb2a7e15bf369f40ffb773519f09f7e7,active_retail,29,43.69
0x78bd3803743b5edf3bcc1790ab2f95d4dde13ecd,active_retail,86,2021.5748
0x156948a0417d4aa38d5349652a034b3cf73a62a4,active_retail,38,33.32830300000002
0x1e39b02f4ddb13e92b18655377b920e6e384e33f,active_retail,55,134.89287000000002
0x6039abcfffabd859a2d3d439c7f39ab3dda05dc6,active_retail,37,1683.1800000000003
0xac0915aacdae684726bad40af592bd5efd4c4d16,active_retail,423,447.7179630000001
0x36ecd373926a0703169e86acc14580466eb8e8f7,active_retail,40,4990.196073999999
0x7a5ce9bfcceb2b72e48ac876d55a588377cb3d7c,active_retail,121,-90.25585899999987
0xbea75dbaf4465f51f590001e627c2537f9199cac,active_retail,41,382.686541
0xea589928c1883f396e3f3a24b2f0eb11ecbc3dfa,active_retail,156,-58.22851400000036
0x220745eec34daca5bb9da8dea5834f48dbd0a8a9,active_retail,118,-3.003469000001197
0x2e9c8fe3a40249ad37a83558c4571d1f1c15e4c2,bot,53,3.795350000000326
0x2ba546536baf493d0f7598274d5e6d9982adf684,sophisticated,34,10616.011657
0x13c59025f9aae73d1ea7527ef7972234cae53ab6,bot,538,-950.7371539999997
0xb43f719799f632f6445e00ee22a8a83e434eec95,sophisticated,50,712.2470460000004
0xadc3e1986042bc9ed5c076c6963109ccd285f7be,active_retail,120,-198.18545800000277
0x3410d4cf60a7e29977dd7cb31d6e6c913b68b700,active_retail,44,5632.078308000003
0xd1275cfc94841f0b095877a2156a630c0e0eacc7,active_retail,86,424.2811559999999
0x77f17e07d942ef52c92a0eb0f7e9c14bd15a607c,sophisticated,53,16139.587073
0xad046b94fc671a5e88eda4388111fac998551c22,active_retail,61,17.489552000000586
0x65ed3bc0099ebc3e859d433e2d747c7114ce303c,sophisticated,62,4823.544931999999
0x7c0cffc45607939b3c499c0d78d7a89ff53a2231,active_retail,133,-94.31874100000073
0xc4812861a6bbebfbcdab7ea9cbb339b57fa1b65b,active_retail,11,139.388098
0xf0ef599336b19127a95e00fad4e20cf66860f98c,active_retail,56,1409.6174530000003
0xe9db72f6d7fcf0cb8d2bdc8412d57fd3a50595dc,active_retail,36,2587.928491
0xccd3149ca099884a96ff743187bf3ab0e476edb5,active_retail,72,-0.5112250000005542
0x75c5c830c3219140d5f7a0afe453335efb72a7a5,active_retail,37,-0.5036129999996319
0x0dced287a3ead3bbe4c9835e3bb02c1ab8aa6caa,bot,1057,-9747.626043
0x2ccb5dcf0263fcc78bf2f9d21e2e9afe181e4deb,active_retail,67,2414.0830499999997
0x5b918f1fcafa164eacdb75ee7b20e9df7991b56e,active_retail,19,2.0777200000001415
0x70f9d934e8416cffe897173b8825dfb9673fe036,sophisticated,37,5733.3907580000005
0x799040462009376eaf6ef8005fa6cc3d0d75a1d2,active_retail,27,9.072427999999945
0x130563eaf8d07e94d0940309d7d3f061ccc5075a,bot,996,-320.77295500000025
0x413c8a8529ab674973c153b656db6b2150f51823,active_retail,41,-1087.968605
0x2a8cd1d7a9ec7638d066b533088d1c9c47c7fd3d,bot,2656,-31848.15498499999
0x7baa68717a68496877f4c01710d0338596c774e3,active_retail,41,-260.975863
0x2db71c146ade6d7627b6383d6c610218676756cd,sophisticated,49,11858.596426999999
0xe7ebeec42c1d40fa273aac81a7972314ed9a1f0a,sophisticated,100,-60.23594999999722
0x7eb78972adc2b660f3459b0764574845e9424782,active_retail,120,-15.870681000000543
0xab918acee19abc28f42a4166cffa6ee25377f666,active_retail,63,-1513.3967610000004
0x4ac321c313b89b697be0c234c7f03e342d6a5572,sophisticated,114,-669.6642929999995
0x6c2cbadb59cb7934e464bd2396e4aaaf72a40beb,active_retail,18,243.581245
0x3444af28640f96476b0bb013cbe918d96b0e8be6,active_retail,142,-341.6421800000002
0x6d38048c4395da7b6aee7905d0f5eb7cd9cc16ad,active_retail,64,1252.3067989999997
0x3445eb6f32f731422ea0f16315926429d7ca7488,sophisticated,310,-9305.273165999999
0x09967941148680096ea4912e528bdb506dc377ff,active_retail,64,3921.4302980000007
0x61ee455e5da4a8ca06588a728a5548ce758c932c,sophisticated,47,5729.9529569999995
0xee43a1dbee849fa99d8ce812dd67289673c8ae9d,sophisticated,245,5132.023471999999
0xb2640c229e3d4517a96d0bb12f0c3040bdee36c6,active_retail,70,7.972099000001501
0x8d319e7af32d263c40e778f56967e62af91728f6,active_retail,27,17.853727000000774
0x02b62d9d57bf82791701c367adfacec7d8198078,active_retail,51,-123.84932200000003
0x0a5ad6d32d563b8efaeda1f08bde0fb4ae2b6d1a,active_retail,36,6.615262999999686
0xcd13cd5f9190f065087ebcbd62b65b147cd57087,active_retail,26,-2.5989149999998973
0x3beade664166c393cd4f31b137aa59fcb4ce1c4b,active_retail,49,1762.3028
0x4d54138a9b99ac7fb606a0b50d2d42359c8b4d13,bot,1654,-4201.075950000001
0x51f2c531010e01cc4150b8e94e541609b789eeda,active_retail,68,-1982.0209999999977
0xb21acf9300ead3057734110c5282e56496ec8c1c,active_retail,68,2669.4914750000007
0x5c971078277fba467243a9bbd6de451c5b46bc71,active_retail,106,-40.923287999999275
0xbe45ee17a7570b3ae22a48a2ddf7332391e6fb6d,active_retail,16,602.6194970000001
0xe82e7bda5dc20ad9742b56b0d15a393a9444f89c,sophisticated,207,4781.837126
0xec7173a99b28839616d3cdd9a535700ffd215e3f,active_retail,66,-4.318705999999565
0xf3f9e4cd28878fbac1e9a22747e313ca33be6dbc,active_retail,73,-120.443341
0x1fa424eb169a2e8ea2d9738aaa7adfba11d4ecd0,active_retail,63,-7.75456800000022
0xf56007049930881572e6a796ec43821b51447ee6,active_retail,63,0.36421199999972487
0xb0c5cba26ed6ac0ba1bc3f81419d41b806d242fc,active_retail,83,30.975994000000103
0x2fd789a282941b23fc8c28f9d67531c243f50238,active_retail,120,14.160305000000562
0x848c734aa971f93a448467af4e45cdd34752da32,active_retail,205,477.0848499999999
0xf10e41fd5958096c7e48b93a78eef29bc53bbdf5,active_retail,43,1093.562179
0x71f5f83c8dc3ba304481f1aeb7d96d3c32e60b82,active_retail,160,-133.18820500000015
0xa9c57a20cb8433a269976bb35eb872bd11380bd9,active_retail,42,11605.133537999998
0x2528a464896cca3ce4b9dae176327f69f8a1f2ad,active_retail,39,-0.00856199999952878
0xd3a9fbcbb1b98c37bb7ea4a66c82f7c8635c1a44,active_retail,43,538.223899
0xfa3f9f39804fcb7fe02d1dc6df15e500bcc65770,active_retail,61,-59.29144900000022
0xeb19c2a1b57784c90a4c1b9aa65cff5587f5534f,bot,462,87624.50126900003
0xc2de93c744f3406ff4a67623913d3c6df4116781,bot,2086,1294.2797939999655
0x612d45c9088b48833f3e74240e6b2adb8e590cf5,active_retail,145,-46.613882000002874
0x778d30776c2054bf7a1b94de570a2e17e40ccbe2,sophisticated,201,-1460.4663679999999
0x715d31613fbdfdde2a45c065a7dd2f6eab1a4d36,active_retail,36,-64.61660000000018
0x67b445c45c5422e739c661465295f4b3eaa886c9,bot,113,529.726171
0xe2140c9806df920bc4326fe4a19d820acfaee516,active_retail,70,2565.5801380000003
0xac9a293b4eea3dd84ebe780398afcb9a08bf902c,sophisticated,66,6456.344620999999
0xe41a12217bd56f9740dbbf97a4a186590253bece,sophisticated,158,8.513171999998256
0x0ed510f6b8decd17fef31a432a067779a82f2a16,active_retail,47,-0.00017100000059144804
0x8dedd9a1baa3f2ebbdd25d5ed29c0c5aac5833d8,active_retail,20,4298.366957
0x1fc74c2a9d89740f22e608e344a2545a695cc7fb,active_retail,11,211.23170900000002
0x71d2bcf91abf653b1b637d0a22061a7154883301,active_retail,50,483.6600000000001
0xdd1fb04ca8ab2b6dac1a0911f308d040e5a4f7d8,active_retail,56,-974.183813000001
0xbecca2cf118da48c84faf823291269d2d908f37e,bot,3023,-1454.9857380000008
0x9295480fbdd4d80412229b78dfd310e43178436f,sophisticated,106,5327.0341260000005
0xeb1a64d7b829918047681acc4827e305922ecbe2,sophisticated,194,-5262.286077
0xb5b9f7e029dc9e1b77e11c9edd4d656a858fad6e,active_retail,127,6.599783000000173
0x501d9d4891476e05838135d2722601f989b7db80,active_retail,37,-3.2626360000005277
0xebbf1b83e6c5e1440ad9bd96468f91ed1a791336,active_retail,34,5181.789010999999
0x9a97155a5d8e270784e23edb16b67cf2bf74bc33,bot,5171,-7.660710999996525
0x426dc2e2f670f375f3e338ec60ac4c419c1406f7,active_retail,184,6832.074526
0x5139d024f82d640eba8648319c84cc7a12d2d312,sophisticated,42,6952.386588000001
0x68ed841b8cba575217e0c1cde1eb989ecb6c2e6b,bot,777,60696.09036899835
0xa6e6165ee5b51654fe61419b881a6dc7fadab65f,active_retail,20,-0.0019999999999527063
0x570d6ed928337b55b5e4c195f757bd6a64b2a068,bot,765,-12.207300000000158
0xc0b1c1e4f65cd8c69269da7567b773b9fed1921d,active_retail,55,-0.931576999999379
0xaffdc2e3c6b0e78a2f50a0e1f533ca19132f923f,active_retail,100,631.6483990000002
0x99c3a1ae81d4eac63e24caecc309a2c2ae93c056,active_retail,23,-2.499757999999929
0x2cfa78b0a8f5d61587dafc443a91d0d6e6c9e167,active_retail,146,-606.6374639999996
0xbca9d54b7b69d4e9a89c47feb3d9f2160774ca57,active_retail,18,-0.014809000000241213
0x97f1bbd666b0c9af46c8b7556fa66ffb49d0abc0,active_retail,137,15.757618999998543
0xd081209d3c4dd89bf3134a0450ab6e47adf79d5c,active_retail,56,-53.41534599999998
0x21e5628f1248dab399a93adbd06b085bd7f337ae,bot,1019,5932.557784
0x202dee1aebe5054f56c6c5b1d7b3e1f78b802dcd,sophisticated,127,486.91000000000037
0xe1b67daa86f1199290ed029e4c52b2d5b16b21ea,active_retail,117,9285.630956000006
0x267c1606c713ebb31c82dd3da48c77232239dc90,active_retail,184,1583.5068429999974
0xc9f02e3e2fff996157f7d63fac1c9a346bb40d6e,active_retail,89,42.27401499999998
0x903570c27fba0e763dea51957b8272a2bda07f68,sophisticated,34,2361.5915789999995
0xb434a3cb35c62b16867100a34b983679bb142db4,active_retail,182,17.071095999999695
0xc2a00580fa269c8b7ebf049ded9857d4623fa9f0,sophisticated,114,9466.978309000002
0x1e994ae3c6ac7fa39bd493e4e282b22017d82a9f,active_retail,49,2852.9032580000003
0x63c896d7a9f44650359b4beea4e03515783f76bc,active_retail,34,978.3612220000009
0x7b79deec09259d20577410570338a2aed3ace648,active_retail,48,-0.43000000000029104
0x0d4263d4e483de341bb22c484397431188a5498a,active_retail,30,100.4416
0x7ba90a221708bb94ebdf00393eb1bd4eaaa5c167,active_retail,89,-104.93579499999998
0xd8984e3d89761c93190b33b3347f294663743688,sophisticated,62,-2399.8584949999995
0xd8820d1cdaededb35dda8b97e30de3faaeaa266e,sophisticated,61,-2696.3013739999988
0x1f8e462a620934c5750e61c688a055d7b390676d,sophisticated,93,-3789.356355
0x0d47a6f4af71759cb9f457d5b94a374ada502211,sophisticated,53,2000.0831079999996
0x852d03f550d2be9d65e08243b39650d9fadb96fd,active_retail,152,-25.730800000000045
0x179371c9788b9dfa7852b54542e93180afb4b77b,active_retail,42,-0.4801590000001569
0x843e8c3ec5e9166108fe726235b1ebeae479f6e2,active_retail,34,-588.53197
0x1f5e9f35fb2b87071ee1f6bd7956a264c134c375,active_retail,52,6342.121949999999
0xa7c8c4445c30093707035dc2a8ed57e93a06b362,active_retail,37,1425.8572879999997
0x83a06fcf2c10c04612f74a9b649880bc2057f7ba,active_retail,194,476.64998999999995
0x6cd7dcc7f7d85dafe5fad5629a68235a480f2c20,active_retail,52,38.61214799999999
0x50f0387b991e3199e13c72b360e6ac96b9ae15ad,sophisticated,81,9439.636348
0xbdd313a1a47f16097e5aef35410effa6a6d2b458,active_retail,22,2258.457206
0x83a2e3b3945dd06bab85a375e3cad6ee063039cd,active_retail,75,-209.73386200000004
0x935962e329f4deb3336140c7a429685f67577ed0,bot,24,32.65632000000001
0xae1db52f13055be1c7b47e3b469df2ee0a1245cc,sophisticated,128,4725.750598
0x62331adefa47ddc618a94f22e3baac7b052643bd,active_retail,24,48.472972999999996
0x8dcc6989522478ff32d2c4ecd564668b8a94a40a,active_retail,12,2979.3500000000004
0x2a6e42da1447c9478a5d3f32fae32e49931fd3c9,bot,816,-5.824570000000058
0x47b5b4ac7ef67356c96ef309720bdc50e1d6371f,active_retail,136,-38.68568900000002
0x6f83c2da103c61ae14adb30e4965badc42c30db4,active_retail,25,2141.71212
0x8b03167f775953c421b4cced9eb9e06eb19b2e08,active_retail,29,-84.60050000000001
0x51112dd4405729de92c1cabfb40ee25425282199,active_retail,58,426.7332379999995
0x548fd002dd3ec994ad7f47f6cc7600ccbc711683,active_retail,323,386.849123
0x14fe3c89cabe70fba394f1d77704285449682a19,active_retail,190,988.7562270000017
0x60b8d271e814d490341407d3b5f65e6b02e5fee1,active_retail,206,519.5557099999999
0x54e68ccdfacfc45a5d7df400e987191b0536411c,bot,1950,5137.28121
0xe3cc7497bfca1fd7893dd9010b1e158e9597993d,active_retail,111,-9.480275000000187
0x9d2d083c736060ae6271e1e3861e9e968758395e,active_retail,161,956.9954690000018
0x23b289e5aeed8f34f47dc9f96158268c2e2ace61,bot,93,1238.015107
0x093444b16a86d91225d099d95753c623b082dfc7,active_retail,29,246.422393
0x4ca54912c953b1c7c783484a7532c403b9cc9eb3,bot,51,23564.239472
0x185bf024b0294586c00d24cc73a1ca9491df0f27,active_retail,99,-73.5480560000003
0x030805cd3fff1d4f052dca3bbda051d204fc45ba,active_retail,94,-1.8184090000000168
0x7ee6f28a94a0ab26a4a8b7e163447927236a404a,active_retail,22,1285.2440970000002
0x787ffd40f6c70bec997adb62bea7d11163056da5,bot,471,1164.1762370000008
0x4da69709013ae671a53cea88a4aa596d74a9f920,sophisticated,174,-161.18899699999966
0xb9ac8c932bff788f303e6bec21d812cce80838da,active_retail,70,-2.1758999999997286
0x02ec8ffea8d31bfc03e88bf7a35742e79f5fa1d9,active_retail,86,218.69931299999993
0xffaf4b4264b70112dc04a45ed5d0508d851f823f,active_retail,83,-9.466100999999867
0x3bca3fe264fe6f5183d71762a4bfd234e256dcaa,active_retail,225,19.247404999999947
0x960c7d29fdde0ae75106547f50dd6e0bb1f13420,active_retail,115,-0.2283530000006424
0x14c4d5e740e8e55d5dd91fbbd5e91ace1af5ebdc,sophisticated,45,17.664021000000865
0x0742776bb00ee7a01054c867c9bf21255c1ef743,active_retail,68,-86.66239500000083
0xae607d8ff33b190a0364cb134f4f4fd81d3c5970,active_retail,139,-2052.710812
0x2e3db4c37fbff25023ca1b1e0553fe8e9484810b,sophisticated,100,1032.7497330000006
0xc4577b782c15e4aeb23c6206def8d10c6a2556a7,sophisticated,114,12272.426797
0x2bb5046aa824e5f01a64be9367b38e74e3306990,bot,135,-428.8331840000002
0x31eb4050307b98025ef65397bc10bbd1ee720853,active_retail,67,-251.48056599999973
0x12a06b1dd30314787b7b0b3c937a28ea48247eb1,active_retail,65,233.08849599999868
0x9d7f1856dacace8603729eab7d4738942a3d0d33,active_retail,19,206.07928900000002
0xfd54f5621021a096d845268812cdece30d955ea0,active_retail,78,143.79738800000064
0xd4bcb63f38559046768f9559c349cf11a8555bcf,active_retail,70,499.4548979999992
0x96e088ba0337e7c997d064db34964ef57e86e651,active_retail,37,691.781824
0xd9a71fdf38572df4e9930495264e9618fd11a8a0,active_retail,32,1.9698299999986375
0xbc52ecac9c4b05640be5b5fda28744143144bdee,active_retail,30,943.9795840000002
0x173f7567008bbb784174633a630b26ed68b7e848,active_retail,75,3.0133220000002003
0xb277d0b678d6fc304131ded4c6eabdede5370aaa,sophisticated,107,-6068.747763999996
0xb74218ead5a2c42dcc34c5878b6fc6e6d6fe4ae3,bot,57,-5.318734000000404
0x7fbf50af7be054da3872f5162916f73e1bf23155,sophisticated,466,-4911.5739600000015
0x448c447e4c82a55c32f06be476fc1de2cb6a4c41,active_retail,89,-156.43085000000042
0x6550c02337bf562d9611fd881cace840a5cf3bc5,bot,45165,25517.31999900005
0x7403818335c802a90e41f8a1008f9195c697a5e7,sophisticated,159,-1068.2743509999998
0x15907c0b1bf4ebb2f8f9bcde8ea50beace34b1d2,active_retail,36,0.004066000000083243
0x2388561cf91117ba16c8a1755585c7a9c279359d,active_retail,49,-282.3047279999995
0x12ee822616c727365fecdc9f5a337b3c0467e43b,active_retail,32,-652.0900309999993
0x2753e77a80d8c576abffebe750a4f22abb6d6d6d,active_retail,27,1031.141838
0x8cbaef2ccf01cd26db0ae182c2ededb40962349c,active_retail,95,2.6709539999999543
0xa574e9aa9704b0bf70c757d51936120c285eefe0,active_retail,109,525.7949649999999
0x94deac3defceed58fc3055864240bbd6e8abc36b,active_retail,104,62.91277199999975
0x6c1f03c1241ab3016b196fce4aadfdc2593237ca,active_retail,215,597.79792
0x1ad81764a4bf463ff717ea9c7bcbfba212587fef,sophisticated,477,69297.95116599998
0x64fab08d3fee3fbe8a4054135357b2769cbaf0e3,active_retail,55,-25.0
0xb58e6facae9b43c650c22d9821daa04b28f1d570,sophisticated,145,-103447.82043300002
0xfda1ccd802d0066d16f9b0afd2ced42776a763a9,active_retail,274,16472.463357000004
0xc35b532a9d01c665244ab6a6166ceb4a7eeb66b6,bot,1980,3396.6201800000017
0x646ee5e684c05e2829dffcf9c285b86a08c1294d,sophisticated,610,1993.9782919999998
0xb423048866ceaa9f75d0835e1b717fe7ddd4e3e4,active_retail,67,-368.6822220000007
0x24da370645536ee77a97053b9a20d654a177a130,active_retail,36,57.22002499999959
0x5fbcd2e862fa326829d87582eaac1f344081ce06,active_retail,18,1754.0320000000002
0x8aa88cd37a911ca5f2b97ded9ff71ffea0d22431,active_retail,15,1736.189833
0x5157ac2d5b5ea82abc0727b36d52791c57c5e842,sophisticated,32,2694.653816000001
0xf4ee359c42c8acaf0878c3b4902b84840b44c2c8,sophisticated,37,1885.849087
0x3cd80da9854ab5924d87d3a4f52b68d4a3bd5475,active_retail,81,101.73901400000011
0x19f8f18d18c6c090778c3133d4e4bfd8eb0d98f9,bot,4225,-5612.849144000018
0xdb654d109ed0ffeb837abb0544608fe26e9080a3,active_retail,112,-145.5707679999978
0x3d346a92a535225a6021d932b6dec44d285271de,active_retail,81,-254.19526100000257
0xfbe7d02acec2e3591e46ec36c9bf2283cbe972c7,active_retail,53,-3.6418110000004162
0x41d1f7c17d533164575d5498f2fe50c09319802b,active_retail,44,3216.9315769999994
0x6a64985f17d37608a7a0c46208429bc18b81c00a,sophisticated,87,5076.692423999999
0xbb5e6c3f9d5af0c3b631c62a0857c8f6e980d8ca,active_retail,21,18.69498499999986
0xbc57f6e5b548738c69b5d487c636675441bef5f4,bot,506,2458.2222640000036
0x8efa26aaf3ec04fe38d411ffa757da52618bf8c4,sophisticated,874,15730.574179999998
0x1f2479c8cd38018a0d64586cf17672dc6d1505ef,sophisticated,57,19217.95823799999
0x4df32a6d6ad14da0a168c2f54c1d7f76f8d10eeb,active_retail,26,7524.969499999992
0x5538cc0a8f89481946478a93f60db6485d4acea5,bot,2733,2050.7995399999995
0xfb8eda843fb9874e3a45fe26586cef9ed69c9c75,active_retail,23,709.8873959999999
0x93a24c8e59dd982509eaf6181da6fc57f7ad51d1,active_retail,48,455.04517699999997
0x4e1f72b5f6df1995a4b084c80acb91abd8b7f9a6,active_retail,61,-1024.3750119999997
0x5cbb1fe4ed3706b9bfac6022959a114d461b4885,active_retail,70,1707.4898739999996
0xb09b87f7d69226be8fcd5cc31d75183f528d27f3,active_retail,45,67.5
0xbf615aa863e6fc052d1982a53e2511e3cf8d3c78,active_retail,16,3278.098115
0xee297748161ca9841ad447d365757f4594468c8b,sophisticated,347,15707.614523999997
0xd3c8e6e06106df07aec2b11941ece6869489aa0f,active_retail,23,-5.906917000000143
0xa9eabd077b43f6f1fda251c2a5fa3e525d6870a4,active_retail,50,1829.1503619999996
0x7d6643e5cb5cd30abf896ceab75af23f39ed1fdf,bot,1215,295.4533989999999
0xfc2eda4ce64b0217b5f49298f500506a78a141a7,active_retail,104,8517.037128
0xed297715220ef5e38fdee119a65f04940fdcbe98,active_retail,20,360.5
0x390d745cd7e7e8fd2ce8046ed5984c886cea789f,active_retail,105,449.33298699999995
0x9483d1363360f7712836629ecfbf290a07e90fc1,active_retail,31,30.356339999999996
0x9d203cfbf41aea5b177f3d018ba362ea971d123b,active_retail,53,-832.0
0x71a5e5ecd45932dc8e5507e81edec94c8761a123,active_retail,19,240.5
0x0983a7689f30f568f1571e58ba02d2188c47bba7,active_retail,26,42.0
0x7c558092e099517a205ccddeabe9b9f2efe81c16,active_retail,121,19.321882000000087
0x282684b797b54f10fe2bc25c25eeedfbf0ab5ea2,sophisticated,733,-16252.238303999988
0x07bb38b558ef3f180c8366c3d7d7f74d33bace56,active_retail,41,81.595264
0xef30c5d5cd7c1bf0199f46d9a6759fddd2523f94,active_retail,71,6954.001942000001
0x92a68858e1576fa07fe1dc90fa0a7b00ca70e2e6,active_retail,39,621.5482970000006
0x04947f805005d1e67246d5e751f935e8f44a89b3,sophisticated,95,30363.133497000003
0x02a5775a13e4797b41493ed8dc323d2f2e122c67,active_retail,88,14.609176000000064
0x695dbda94168b753a71d276dbbf601dc460a9121,active_retail,39,76.04859599999997
0xf1c8d7b8fb26b6fc929478b7089be90f2eb960d4,active_retail,82,1857.1920599999994
0x2453dc741def23b4081537756d4e5fb8330e5f4e,active_retail,108,99.7011
0xcde357128e16204732622cc42d39a7ee9717002d,sophisticated,648,-8682.645605999998
0x8fa56f04e224440e8fa8bcb7ab4471300e1d3d22,active_retail,78,6.053783000000016
0x32bd31d60f26cb9409816505ad34324174a0f66e,active_retail,276,219.29215699999983
0x291830da4ff8a2ffb12b7b73af2f9e6a1d273518,active_retail,69,2035.029238000001
0x77368d84abe6a06a2ffa9fc2ac8e2b6597b6144c,active_retail,48,-2647.922031000001
0xf30d72bfe55db2373bb82b0d97035e4f638e0470,sophisticated,833,-3869.155796999998
0x83a8b2ab7a34ee2615c016be8bbfeb6c602219cb,active_retail,156,5.664056999999445
0x13a50da1af0fc9e69028b4b5c8a7c53783076ab8,active_retail,68,-4586.8984999999975
0x174e979714b6b8a19f333fda49b00d20e94c6dab,active_retail,29,610.0391000000001
0x89dd3743bf0aaa02dd653b30469e0ed397baacc5,sophisticated,110,-299.48654199999953
0xa924e68f6fe368380bf18512410d2fcc0e149c72,sophisticated,409,-12958.559299000002
0x39fdf9a907a9f1f9c0b54787b6349016040ecd1e,active_retail,48,0.4735600000002478
0xe45c86d60a2b735f5b03d22551c9b294c066305b,active_retail,43,42.681192999999986
0x6e31eff5a825fad624f3c76e000871075c19a72b,active_retail,84,279.99941799999993
0x2e9b4ebd90e54bf3156d81a106de18b0ad746dc6,sophisticated,56,-2842.916599
0x92556bc4ec372cc0a7942bc1a36f3a68dd501c92,active_retail,42,21.23105800000002
0xccef267744f23c2565d4dd35b831a72497fd1f5a,active_retail,48,295.61272400000007
0x2718e6d49a628aea5b9047f3565e32cdb65529ec,bot,2025,2517.0924200000018
0xa046c1bf9faad024d69846af1d9cd77256e9d2c6,active_retail,90,2512.0498589999997
0xce3e1887e7d2468173e0d411c64db1cf39107c6d,active_retail,68,-0.035608999999900415
0xf8fd5507e48fb733403cd9a30d02eda6da62ece3,active_retail,76,6.6832050000004255
0xc2c9a4b1020b89333904a46150903e646f61cc36,active_retail,10,109.18759700000001
0x70bc6e72023d62e68557bcb67220b00e76754e16,sophisticated,194,2561.3746050000004
0x2674a2d6848cea2e9ff594c72ff280625334b8a2,active_retail,23,10.7043
0x7404bf72cee77a304964d79a0a2d8e32528d2d78,active_retail,15,1291.796598
0xd50737d25bedbaed3eb1b103d61ba5fa6024982e,bot,1899,2938.0263600000035
0xf43dfe6254bb00be11baf30bd78331a258bde691,active_retail,116,6.296337999999196
0x601842b85bae3983513b3b0eaa05bb3317596895,bot,576,55.01690300000001
0x138d5f99887b15cc0bc056562685bf755fd5c878,active_retail,67,19.712029000000367
0x57b8cfd7b54a005074e6362fbaae99dae7647dca,active_retail,273,286.58788099999987
0xb8f6c79e452d7247d0cf47d16eaf7911953c4f7f,bot,98,-113.65933300000006
0xa66ee92fff4390d9944688bab1a2afbc461662d0,active_retail,41,14176.545368000003
0x58d7ebfaf22d4791433e929a429011db056e7cf1,sophisticated,90,33717.001964999996
0xf9465144097284449f773d62ed7c8169e325a175,active_retail,18,11029.299796999996
0x9af9d9a06df722d655e16c079ee25849f0cc04ba,active_retail,146,197.29546100000013
0xce5947cda14b45066937b27d28140d5214290211,active_retail,122,24.299693999999533
0x31bda7093a0d849387b8a9aee21a5972bcc9d360,active_retail,139,230.5061290000001
0x54671338c49bb613ac5c6fceae524c862340cbda,active_retail,69,-6.33210500000039
0xc91946bf5c5b887245fc8876e91c90a650059342,active_retail,30,0.05705500000013551
0xb01f5983d7fd705ded79227be76b84528f5e9f62,active_retail,54,-375.17828200000025
0x1414301c3aab0f46821591f801a02201a90aae7b,bot,272,10460.464452999995
0x98cd52d48600d6149806b50877d954f62cd146a5,active_retail,212,31386.649100000002
0x7bdcfa124f3a2b3c40e42021fb6ea5d70f05d1bb,active_retail,56,1054.5921369999996
0x3f2697615075340788177ef6920bce72691f1637,active_retail,15,35.088814000000184
0x58f253881b66c7bf50c49876c17839100148b802,active_retail,50,971.1122700000003
0x268aaa8bbf8f81595604e5b697e41a4371e54ed9,active_retail,66,2976.7613970000007
0xd8d3bd5bb0d7c3f3ac68ce13646c822c2260f1ad,sophisticated,21,124.07999999999993
0x76ced18ae3a66c0c06963268e1c79ed183cb7efe,active_retail,71,1.7782280000004975
0xa37b31bb6a93aa415e1b26abf2f6188fd9f5c2a5,active_retail,20,475.481508
0xeb508bc9a2912b8762a9bd02dede5ef308cd8aa5,active_retail,23,557.551832
0xb63d002158d18ad11daf27555a513ac0fd7099bc,active_retail,41,28.475197000000705
0xd9e66e75febbc575576bb15454d8241048fd246a,active_retail,46,-1.7245439999987866
0x81339926d616eefa7680eee3e55defb1e239a2c4,sophisticated,138,10422.049309999999
0xdd39ec503b815eb3e9209b767e585d6b41d58a1d,active_retail,71,-1166.731057
0x08ce7f664d14dff42ddd1dab59f603f9a821f156,active_retail,57,-285.00749899999994
0x9d53c08764983f1a785ce503f5a9ef7130b3061c,sophisticated,322,-497.89004900000015
0xd6acdb82ee148ae5657ec8e538ad21ecf4000a31,active_retail,284,-204.52063800000235
0xf6f39c3cfb39053a3924764a1267920b509195a2,active_retail,51,94.40499999999975
0x0b0c3e5c108e6271e36391d9742041a373c10b25,active_retail,35,28.588476999999997
0x59fe1f4d3a22125107decc81d3d8006e564b8c65,active_retail,33,24.907101000000047
0xde09fb2cd7fa15eabc08ddb2077a512f77b0c4f4,active_retail,44,52.660504999999986
0x5f874840a41bb573b202e2094e22f7376e169cc9,bot,99,13.587789000000022
0x70680c89553d24cb4e9108c5df2e01a9c3a6e124,active_retail,66,-1.1035709999999312
0x704a1a60fdc282bdde4d28792cd8c8b654e8f634,bot,1809,849.8533239999997
0x2799d3c14d076437925eb0b6584e9348c662ae50,sophisticated,84,8235.141298
0xb5df87d168d32c1b9467d5477f0629b73edd15ed,active_retail,63,3492.4
0xaa2cd5638f0468cbd1230711b148a9b4ff4a75fe,active_retail,48,788.260296
0x8e1f07007bd32d4df232e384df16f5ce8e981cbb,sophisticated,286,2670.2461250000015
0xb3d5af7c94be2b8988d802124ceca932e5a33df2,sophisticated,69,6491.620986999999
0x9d42264d938ee58835eb6818dea52877e6ce7442,active_retail,40,2267.0992899999997
0xd8934be2e95587fb533a9ebc51b7ec1c95d59a82,active_retail,77,-1.84773699999948
0xa3135cef40ca8c45a2846da5eb235647ad7fb576,active_retail,32,0.7382579999987247
0x05c8cbfe6c923652b83f99bae96c3b73814555ef,bot,743,-14.027720000000095
0x14aba9492e540cfb35841313199b6222918f6bc6,active_retail,44,2.321728999999749
0xb0060cd6b6603c1ca342c8efcd0c7772928c085b,active_retail,30,-1093.4478309999997
0xbc0c75f4c1e17595980cf9d30b6e7928927006fd,active_retail,89,37.15569900000018
0x8112ba48ef851363617d95bc3d484da288cd2849,active_retail,30,3464.17
0xaf867cbd7bd38ef8a4df611394ff9f264e695055,active_retail,68,590.0197740000004
0x2378210959a152711d3753203ffea173ea204ba4,active_retail,162,3565.5567260000016
0x6853cd23e6a88968f08edb565fcd7353a81372e9,active_retail,44,0.0
0xa49fd9d90d4c144b7b0a0fe41281999db0b254dd,active_retail,29,-0.017918000000463508
0xbb48eddd3fba0a6c48b71c709b1c30ed1f1097fd,bot,85,173.80660199999997
0xe3985efed67af96c3621dfe24af4e35ba59ad706,active_retail,96,2.8488290000003644
0xbca0a4cdc7256dce6082dc21eb6b5d92586d0e76,bot,180,5388.247912999999
0x2af12cc15338958cc8f61d0ce21e992a279853c8,bot,57,-3.223386000000062
0x6712ee4171abeeb640e7bf73e649615044fbd862,active_retail,65,327.72056900000007
0x54dd0ee175270b00715a3622ed6ae7b116bdcf0d,active_retail,39,-2.00391000000036
0x9780374387aadc657aa23b4a3e4779994b927063,active_retail,20,942.789983
0x51d40a45da245e944438a53276bc4229138f0e14,active_retail,38,1.8400000000001455
0x9aa568b8db8aa899ec921f38704c37d3d955e5bd,sophisticated,119,15635.647814999997
0x531f4a3c9679b01b7dd796c1ed2b6c6bb479fefc,active_retail,86,2688.3738490000005
0x55ea982cebff271722419595e0659ef297b48d7c,active_retail,100,12302.822640999999
0x18b8003fb72d53745cbfe1b19061bd110b0421a1,active_retail,105,-36.708405000003644
0xd0c922700375261a0b86ad640c2660a96e897afc,sophisticated,323,1169.5686109999979
0x45d2ac2df5842e2c0b1349cf976784e0e8db7b6c,active_retail,45,-645.7649749999999
0x11aafe11186320049f33b8c103eeef135c746374,active_retail,77,29.71286099999986
0xd53106603479aef2ef8f9defa750db0fddb432b0,active_retail,23,-8.825999999999203
0xd8554f16cc1b6151d36e155efe1c8b0a6ef531ac,sophisticated,178,-1591.2317440000015
0x4afde11a0ceae6800fd9c16dd397da23873c1608,active_retail,85,46.16669900000001
0x3085ec8e2948b93e92bdd57cf5f0a3629ee8d0ce,active_retail,124,179.74781000000166
0xebc1cfc63b2e59f7bdfe895e473cb2fa68777cc5,active_retail,117,-68.88313300000009
0x72a17d9c726825abd78575153b809e9cbcac1950,bot,1625,3139.334625000005
0xf5677fe2754bbccb23bcaab0adaa89355bc115fe,active_retail,57,-1.5978340000002085
0xf75a96035624002542ae8aab94bec6af7229ee78,active_retail,39,87.07791399999996
0xdca600e7c2b18b78542c4f3aae6e628666785c6c,active_retail,44,-3527.5116080000003
0x5b3f0378f3e78ec31585f800aac31cd65c1cf4e7,active_retail,60,-8.985250000000008
0x62e651c34c394423e8c2c93b24a50b0e54cf564e,sophisticated,628,16890.86690299999
0x86daf85f06005ae94bec3d2afdf7c5c06db59844,active_retail,75,-1.0952510000012958
0x2bbee49142332fabdeeefdc466bb3595c944e8b3,active_retail,64,0.7704359999998092
0xc7343faded4c15e7bb7a6ad6d86dbed781f809ef,active_retail,45,488.10450000000003
0xb903e9c746780cedda8184c31bcb3a16713fb939,active_retail,87,4206.070616000001
0x2671bb89a014698f1a901516255d56e51dd52480,active_retail,27,716.739825
0xef2663a75b0689ac284715ab0a0c72a0b34be840,active_retail,30,883.9876709999999
0x0242f7eb2a4ce44eab954e9e8370568692dedba7,active_retail,65,-6.16596099999992
0x6ad19aec76a53b3b6368f66d1e6873b025112b23,sophisticated,429,-18524.627042
0x1474c7f73f2ec57cf998582ee90a671a85d23a84,active_retail,51,762.0885940000006
0x52f0c2e0321d2ddcf295eb224573092869ed8f70,bot,2178,-442.5026439999998
0x84d63a1393c6830001727a4646fd3c19812b16bb,active_retail,14,-0.017506000000024224
0xa789cdc494919eb72378859b6812a6b1eb75a886,active_retail,45,2.0627539999999223
0x76a12c8924988d0945ad18e0efcd3430bbe3b1f3,active_retail,51,544.118682
0x59a3056479c032389aaac0ea930ba0b8b7b7ca63,active_retail,49,758.2201770000001
0x255f68565b00cd6744f05b3b80c2a49f407ffd91,active_retail,20,3598.71
0x184d4dd75f4a75992caf221601c7011ada9f70aa,active_retail,190,409.08036000000004
0x2eb19ed201b32ed6272437ef1cea3c14112a830c,sophisticated,47,1794.3003529999999
0x5c4a2e5772c6f8868cfe0bf5710df5c8a8dd1b2f,bot,85,186.46338199999983
0x1f6f826f646dfc3f5eb1dc626913781006620bc4,active_retail,79,-5.418481000000036
0x0eef35275aa14b31c0396b2993791fa769ee0f7d,active_retail,85,-1469.3789740000002
0x24d07c913d74bf28611d66612ff384fb82d623d9,active_retail,17,4521.4
0x18d14ad9930ab53723e14efda6650551b26c2b03,sophisticated,198,-16.645076000001467
0x5b27a2138519a2433e3c06d9308c15c8547f62d2,active_retail,48,-2605.3528440000005
0xfedc68cb2834b555226fccadd2e8645c7b1d0241,active_retail,147,-2.6127810000001546
0x3555e755a8931a4d1f2f2185e1f66ab4043465c5,active_retail,11,4760.798
0x24de2e9db0269a12fff79a0be2e1ff66950098ad,active_retail,13,291.78256899999997
0x8541bba79eef497f177374f11ff99de7b223c372,sophisticated,82,8383.556309
0xe67b4db9f04dc2a19a94a168bad8f43f4e192174,sophisticated,126,2226.9014590000006
0x6551f1cc811b9b4dae7eacf1d8f931c52fb75ff4,active_retail,32,37.69745600000006
0x6b058041f67c2fa9787169454496c5ce9cd3685f,active_retail,33,22.352077000000026
0x7b79a382bf906f7b630f639fa215e58cc8c678a3,sophisticated,29,6740.528549999999
0x88683a12a36e403cdc77be0b240e4d6802ddd9ac,sophisticated,58,13060.577616999999
0x6695ddb7515f7dfab19a085c4b146c1fa4db1ec2,active_retail,37,85.41580800000001
0x978c081b2f8605425d3a462a1e627724244c9916,active_retail,39,25.771420999999982
0xee59d7bf822f5ac410486a47228f34bbe0ee3a5b,sophisticated,61,3546.3159940000005
0x066009409a946121d8edbf3b78d92490890d208d,active_retail,59,-2199.446833
0xb97dadd90a2c26cfd8cf519347d7854151c48a72,active_retail,21,21.02709999999996
0x94d9132426ea9c8122cae3515a0b039debc97fc2,active_retail,31,-980.0009989999998
0xe6b33e346204bbb3094ffce3bb51fb50b42a101c,bot,641,307.57664799999947
0x2c432ebc9988bc348c452457a137353a4bcb4219,active_retail,136,-0.37814100000007994
0x8fdb1c8b5341753487ec46f925082fca99ae19d5,active_retail,97,27.623155999999796
0x109fb8a89bc302e94fe3e930a493f8486d826b8c,active_retail,62,6143.110389
0x8c2b8212cd720b1fa4051d521ae90b407bde8a76,active_retail,37,8.325675000000182
0xcceaf02847c1dc291048fbbd42809be4cfd45653,sophisticated,56,8189.518977000001
0x17849f6938fb4e3043d0178fe3ea315b09839ea3,active_retail,114,-753.2779239999999
0xe86bbe16fac0a8b7a92e217d62d33b24c0876149,active_retail,39,-14.701410999999892
0xd0dade96eb804eff7e10d379aa28ee34fc2163fa,active_retail,107,118.82269999999997
0xa4a1ed015db71630fb8c0dafd6b237ec0c3db22e,active_retail,177,-293.88776300000023
0x5879a0e58f20deae784195fa17a76e55031ef710,bot,52,-4.59421999999995
0x2f3caee8d7b54a9979aae16cb65886b1233e9e96,active_retail,43,2412.8499999999995
0x517063e5090ebe042db96bcecb8a799b21c5baec,active_retail,32,335.3739999999999
0x8756b1949ad65b36b18a746ffaf02cb799810b38,sophisticated,136,-419.5519999999997
0xc366a0d60ca49ead99a17cbb974b6d9e6b4c69b7,sophisticated,88,2094.6622239999992
0xf9e60f3fd62105dac25f15643979bd59eefb53ef,bot,148,315008.96874399995
0xdcf371d8843298137ca5c8fc96dd5b9c7a39cc01,active_retail,37,-0.7452979999999818
0xb61849e4f4faae84329942b7ed3b0f439fec14ba,sophisticated,645,6406.352831999984
0xd1fc7ee14300a396fab866ef83acc1d76014d98a,active_retail,223,-94.11760799999999
0xf04ca6181a5a19c69725d8e95679a07bb8648720,active_retail,47,2805.83658
0x12d5896dfd67f544fcb6befa8684bf51b935dc6d,active_retail,69,-44.49952399999984
0xd4d3eb2be45770e403b7c6a084a46c0f41ca9b5d,sophisticated,161,8915.515302000002
0x4e552df3cf05a718c40696248afcd61e4b61e9be,active_retail,178,0.8044070000004986
0x705dada8fec673dc94a1019b66ecde61619e2ad7,bot,432,2949.5509030000017
0x3999861422afb2a5b1de1b6be7b1f51225b7a238,active_retail,25,160.21025100000028
0xb057779380a1c2911d0c5e05804fc7e7c8612d65,active_retail,14,7.91235800000095
0xf17fd1a87e379f3071173e32bab21cd0dcb39a76,active_retail,25,112.464027
0x5014a81f62fbbfa5472c4adde3d6bc1209eb343f,active_retail,130,3512.7100979999996
0xe0d944eafa2beef0791aecae838a0e1862e2e881,active_retail,69,-11293.305686
0xb35fb045cfc497ab5b2ff6b8f22278e316ce1fba,active_retail,153,770.416592
0xbceac69ee683514b2cf5ba61b021644c263608ce,active_retail,64,2594.947315
0x8f29744f474e95800d348c68fa2284834b0c3df7,active_retail,196,419.73022999999995
0x1b5f90cbb57ed7d0c4c4c98d07a7b9bf3224e9f6,active_retail,147,244.8553089999975
0xb05406ae17930422fc546f3a706888fe092e5ad9,bot,717,-16.16953999999997
0x3bbe19ed568f3498bbb30616ca9f63c86c211f11,active_retail,53,2284.569999999999
0x7f968b6b5d058a9f6c226b934a42cceedcb1f506,active_retail,64,-7660.976459
0x7d9cedf8d45d4473e901b306cc0182eb3b12c18f,active_retail,27,38.61
0x4a833dcd57fd7cbd90044c87bfd6b3ca6a1e2bdb,active_retail,51,0.7911210000000608
0x6670ad9da03330b0b5216414cbab7d92ece44e24,active_retail,39,-2558.968007999999
0xbd1dc490a2be451f13404ed139556f7be612c1e3,active_retail,37,16.74883599999999
0xc394aced7e0f0c7fe6287c082558f66fba2fdece,active_retail,40,61.75562
0xf73c411a3a0c0215cdbc75ba98b1c0cfbf3f7306,sophisticated,32,15945.668310000001
0xa7764d98983aedb804d858035d7385acf8553c96,active_retail,30,27.2
0xee767b98e3c9d59a612135a091ea8c8f00ec8fed,bot,723,6734.6507010000005
0x72ad0442cbfcdbedc74262e8c9b9f2a3339b61d4,sophisticated,56,609.2548720000001
0x1560e2c5bc0e129c4cf1fcf767a66bbd1a1cdda1,active_retail,41,603.369123
0x081e031eab41caf8237701a6670aaa03c847ad12,sophisticated,72,-10766.904161000002
0xe26b28cca59b65eb2c1df8563cde96e13d012cdd,active_retail,60,329.33449400000006
0x6d2130c65e60160c19150711994499840ed69c08,active_retail,30,-0.20415399999990314
0x42ae0733bb264be450b5e34ba17588077c3a334d,bot,366,50.186656999999755
0x82ecad8df92c42b88480eece25ecb18c3afcb777,sophisticated,123,-2893.823758
0xf3062b0355a5b21afa91a4992800076f68fc3e1d,active_retail,34,1399.0362699999998
0xc51f25e9a4ce36fbfd37dd47e926a4d72aea95a2,active_retail,32,41.52665100000003
0xc3b15e43d9cd15819926d888ea8537cd360f4b83,active_retail,31,48.17471
0x8449d01e98c843827c8b389fc28d1e401f08ce31,active_retail,46,21.54284099999986
0x2c962f8600fd8c97bd0cc265745a9c28e70ffab9,active_retail,29,10.225
0xabceccf14f1784e8a09a5e7718023af51d5f802a,sophisticated,50,26.756083000000217
0x8477a7e6d41c812e71a8589196225b56cb5a6dd0,active_retail,25,2230.0
0xa36b524293cc6a1d1cf52b7dd542e5d98903aec4,active_retail,17,72.545497
0xa06a79acafc8ad794c4914a9f155593bba8ac2db,active_retail,122,-61.97636399999868
0xeadc31d38dc40325716eacc36df39df45e53ce10,bot,55,1.8403040000002022
0x8f796fd07fb082eb91528449a4f470ac959e6552,active_retail,38,-9.71648499999992
0x55ac0f2ea2aa935b88385fe4adb98dd3a60f1023,sophisticated,66,6260.7679880000005
0xe03823b24b734099d3c77417b0ed6d8a7d0f53f5,sophisticated,62,1093.3373190000002
0xad6f4c73c13a9604903ff0f99af3b62feb902246,sophisticated,83,-1151.0182980000004
0x9340c207e1b476a97434ba8a9e456379ca9b4173,active_retail,43,3920.34
0x2e91439a0b1cead4258e3ab56030f00cce6b85aa,sophisticated,324,-3811.163231000003
0xa8039ce3c15e6dd165ce7fdf6747bb199cea8dac,active_retail,41,-0.0454289999997286
0x774565c978de2e2272ee3c5a69ab052c8c7e230b,sophisticated,79,282.7449850000001
0x6a1d601660f995d9eafcdaf3fd5d55a2f5a98929,active_retail,141,472.56192800000076
0xd419ec5dfb99c9c23148645710c1d52a8ec93f03,active_retail,48,-281.6470730000001
0x7b2d0d46da948ec49157470d6a4e9478833eb68b,sophisticated,106,6217.678833
0xd47014eaee260be3a913fae2fb5b8ae1b5fdda6d,sophisticated,219,16.606224999992264
0xe3b14c65973745e4c2d84c2ad49f5852d4bbcb66,active_retail,32,-65.32003099999991
0x102494ad67aa100e43ba16838a96d69cfd082a59,sophisticated,103,-4137.216539999998
0x729d86ffa9ec39e5fdfd74ad042fa9a8c998d851,sophisticated,113,-4504.1054300000005
0x76810c9dacab82a937cf50e07a4c0416a0c589c9,active_retail,26,9.7140490000001
0x14703b67308db64bc05c360e7274d7ee8c50ea78,sophisticated,197,1681.452351
0x5744495b64da4d35a8671c28e25fefa1231167db,sophisticated,365,-1182.1700009999877
0x7251943c05dc4193f95cbd16da054e05aa0b21d9,active_retail,31,-14.649018999999498
0xd9e8d02843b21df5ffa46adb4caad4a58c4a7ec4,active_retail,59,-14.944815000000037
0x9bac87282994825a32e29db51cd586b540151585,active_retail,110,10.906589000000931
0x60941f609392489d64e6ce5e70a32876e2c9fb1b,active_retail,19,-2782.3545449999983
0x709a7d9e17c59bf6659c1f67545aa978344f07d5,active_retail,46,811.0837990000009
0x10ba4a6aa4802ef3bd9ded22d78f8f1e03fcb202,active_retail,60,573.030304
0x94a54c035d4b0ff3c822d83768420a5d6170d1e5,active_retail,43,-1108.823183
0x30171e05ed99544c7d8fa8a69b4a699102e8d815,active_retail,207,393.32162000000005
0x8511d80cf157807bf320bff682bee6bf5f6e14a1,sophisticated,192,3998.7544000000007
0x9e678dbd46a1d3ff7884153d09a80794292849b3,bot,3939,425.49585599999887
0xa6feb2155cafa7a2b45724dacf9754791b035202,active_retail,745,54.23864300000332
0x163bbeeb54284b0bb65d031c93b81cbaba03c2e3,active_retail,142,20.450688000000792
0x8806e67c2bec1bdd3f997af1c5b534a598d85e4c,active_retail,70,106.22539399999877
0x317a1b6da90bdda035880321d11efcf9b29bcdec,active_retail,108,-18.168061000000282
0x0e36306b4ca9b503244d56e84e40911d58637901,sophisticated,75,-7204.816758000003
0xcfa87f977cc00a78bbbb1d98e4da529e5a2b1e50,active_retail,47,22.164280000000037
0x99b04638b5b8358ce4917b2f907da095aa0dca76,active_retail,85,658.405431
0x5a232976aa7558954b830b051ffcc1c4a7c3fea1,active_retail,236,2645.043946
0x3ebaf8a211c546900b6128a31e608ef9f537d143,active_retail,75,575.4853350000001
0xcc8de5553633e4cb509c6c18c2f8b851fa909d59,sophisticated,161,4473.148615
0xdac20050da31e183a54f1ee3697b64ecdbf1f772,sophisticated,67,3772.498582
0x79387ed70fe9a8904aeac6d010c4887ae3319869,sophisticated,535,952.7486559999992
0x144120a94224e8c35625b0948ac397eb48f1a83b,sophisticated,76,111.18689200000017
0x45992b29d3aa7286f5283a080132eb68b82fdf8f,bot,4708,-0.4829899999986904
0x96abb6060954f146738f86bb477b7ccfbe624135,active_retail,43,417.86650000000003
0x14536a82a724d407ef4d51bcf1c7fbe9582f2075,active_retail,29,23.37019600000021
0x024fe7a58df2710da4fcd7f3a67cd7c3eb84e58f,active_retail,58,-198.46333799999994
0xf9dfc814c9535a01243592a8aed40d9e5267b508,active_retail,68,696.0244719999996
0x91d324ff44ab620100300b3fc315ea235148406e,active_retail,74,-428.09344300000294
0xe8eb610fb14933e27c321ec7f8170a7eada0dfe0,active_retail,55,-16.916416000000012
0x82955ff6b4f866edca174de2322ed54556a57913,active_retail,118,1.0290829999993276
0x4c9d7aaf46ef2dc62efd7c585fcc3f35e8e2bf2b,active_retail,30,1286.9544760000003
0x49499acaca96885bf497a05c0db75e4bda42d3b8,sophisticated,232,7985.868838999999
0xb203efeef837c51087beb7aed38f153cfdcb2d6d,active_retail,81,76.60862400000065
0x479f2b6b02aa9b5e8cd54514e7f29fdd96cd11f5,active_retail,49,-40.264276000001246
0x6d2711a82d41bb845c9f272e82c8cc27f6411d5d,active_retail,46,45.70688600000085
0x75b5fa9662e4e4d25b250568e6f100df0b36c02c,sophisticated,72,5463.595692
0x113ca056d5a8f6e3532db5bb8a2ab226afb453cf,active_retail,101,9805.432520000002
0x5b68e948d45b735d2583090d38ee51a18dc8365a,sophisticated,71,2026.0
0x796f5b230f15590788345c5e46f99d84721b627d,bot,276,-1740.938662
0xa052de125afef2fe45dddc2d281ee73a4db9ad61,bot,59,49.98945199999969
0xbb3a9d72aa084e33056fc4c43fe10719dbc6e73d,active_retail,196,-75.21720599998783
0x03e089a7ddb546e6409eb2ad3442cf1fdf8489ac,active_retail,238,-1110.8892340000002
0x12d2b267c2a42fea17831884d08ffe5f48a8230d,active_retail,15,657.280792
0x2d89f2b6eb55def3dca6abb0e590ae25b0027d6e,active_retail,218,17.014711999996564
0x661ed54108dd573159f48a0d81add15e35211263,active_retail,15,-1354.3236029999998
0x8c0da971473c0e1defe0dbc15d6e397def03fbee,active_retail,190,72.18766099999999
0xd17b820bdc52982dd65c9e881ee8a03576cdb6d5,sophisticated,107,1069.1491720000001
0x9338dab40e142ef95f6df758524f3cc081eb8add,sophisticated,244,-13995.866645999999
0x77a1d5db635510b34f311b692fa873dffd44fbe0,sophisticated,190,-1013.3004189999998
0x5b0919d87b9a478b2876b39d940cdd22b4c54f6b,active_retail,28,-199.76810900000007
0xcb049ad5aa07a985d0769386501df852695c9443,active_retail,83,-4.837498999999979
0x9d83952f8f32a0b590a451be4c9c8d2d4afd27af,active_retail,59,1690.8136
0xc651520d6d3c05cd78c6c5dc98a2304f8097c39f,bot,2482,3241.3271999999997
0x0f2a94fc1313dc02bf5b6e3689b3703ad312d194,bot,2846,-257.7343329999992
0x23a344709df7166ea06219214c8b302af230baaf,active_retail,35,-25.456702000000014
0x3f68cd7e7fcd8be3ca0e0acda5b8d4010eacaab7,bot,1228,1368.2349660000007
0xd6d1d67e8e9d27b762a1dafde9d487f9bec5bb6d,active_retail,77,8282.426713
0x3b4808267027e18572e63d5148a9cd2e6544c970,active_retail,30,-21.743016000000807
0x41d210934b8e4523a78e772e1a2b5339b92ba893,active_retail,92,-12250.410423999998
0x41ec030dbb167a28aec862a8d2d6b9b9d9e298b7,active_retail,97,-16.130974999999893
0x364bf8e081f726ebfd917426de54ca3640c7908c,active_retail,108,66.75
0xda60b791b776a9eb94cda430927a9a26d717824c,active_retail,75,54.54
0x98d51f7d23e7505905b371ce10f8624813911cb0,sophisticated,113,-2300.3690079999997
0x2e6b4018b93cdd2749029a221a680ea1c1800b12,active_retail,38,6.20599300000111
0x9f7b13b95535c4443b0dcc40547225c6c07cae7d,active_retail,44,0.0
0x51a513e9d1b33b93c912f68372450cbdfc3db605,active_retail,73,501.24493800000005
0x71625bbfc8bf06be8b439897bec6d43f76157626,active_retail,13,-10.576306999999986
0x4a149e345be394764cc1a68c219b9c1fae55473c,active_retail,37,1417.8899999999999
0x3e98afe9e928cf121e5e47925aa4147d81ea6b77,active_retail,31,413.0556630000004
0xaaa4afb5500302be8124fd8af3a43a4085845ef2,bot,1385,1919.2268000000015
0xba0302ac2ba4900e493192180e824ed39b5d2218,active_retail,22,4542.421590999998
0xa190ee9596b1d67d1240bb2f320aaac33d89c7b0,bot,1265,-162.37929100000034
0xdd14ec6a530403572584d6852de4b9226c30bddb,active_retail,14,4747.602398999999
0x07923dda4a40022f037a199c1fe2ed9ad3833336,active_retail,33,61.023537000000054
0x644b18202961441411afd5c65c6a46498c9754a0,active_retail,82,3177.3692810000002
0xb015af1789c5658b53908994f08ab8fb8dc9d211,sophisticated,156,6628.703007000001
0xf3bb3c3b49ad23c5e6bc095cd9faf6294c8c94bf,bot,1599,4101.497110000003
0x2c5fe8f5400eaeb94474a957d4a4d0b77ea84520,active_retail,185,463.1390900000001
0x09a7e5bca422a1523b4934475222b5a130ba7ad9,active_retail,65,-71.9112510000017
0xbf2f3eafbe739b2c3f35e2bfd12ba6793b0977bb,active_retail,46,2064.334
0x3604df708aaaed99aeb7485117c0614f1a47cb20,active_retail,61,139.64022100000085
0x3ebfe03c2b9ca6f460994f008bb0a430c4d86f37,active_retail,23,0.030735000000049695
0xebdcc9eb7fd821d366fbd2d44eb0cb5086d37c8c,active_retail,113,-146.5621909999999
0x0c817b1465bbb7922cc42d1626df822f26554913,sophisticated,84,-3.348111999997805
0x09ec35c51a633d096c5c82746ae07e7170fc3dd9,active_retail,59,399.72679800000003
0x91f331479b66bdb71583e6bfeb22b0acc29e4bcb,sophisticated,79,-5505.514577999998
0x9a32f68569b496db136a9620c84cd413526d36cf,active_retail,82,524.436179
0xec495f63a6bb2341006cb3bf5dd99b6dd1e6ec5b,active_retail,45,1263.147666
0xc531685c745f33d1ff923fa5c10aecca94b39984,sophisticated,138,4612.250171
0x68cd92acad484f1fdefa135a824181713d42985e,active_retail,40,-13.75239100000016
0x84f6368d37265d52fca21f894b070868f1d312a8,active_retail,81,4.511514999999568
0xe209f36324160d82bc7a8e20e8131909dcc639c2,active_retail,114,16.49343100000022
0xa11cddc4c70e3710a50daa578db0b399579702b5,active_retail,81,433.19018100000005
0xde3c7d6abc72031d2225a7effa755bda120e9656,sophisticated,56,1017.7420300000002
0x0dba23b32fc0344ba58200a567eff003e05c9981,active_retail,49,144.96821499999987
0x871ce9a4667cfeded0edac10abb8fa10208ba0cf,active_retail,27,-0.5181959999994774
0x60a03d52a0872916355021b91582ca57071e7626,bot,209,2.499918999998954
0xf56c884fdc9860fad657d49d82f7a595edd10df9,active_retail,114,894.3501229999999
0x7d4eb447e2b2fa181bc610d8588a1419a176c020,active_retail,88,-23.894879000000312
0x954bff91e82a0d9f9f93f910b244e48bd59046b1,sophisticated,224,-2051.9186790000012
0x6ae8944e50e66bff1ab893ba42e99fde3b5befbc,active_retail,79,2020.882355
0xcd194a440127480e9bb980277ce68777100f9fce,active_retail,69,-7.877390000000205
0x36df219e1fe2e4a61ab490f62f8e6ff5b201e412,active_retail,41,3604.9299999999994
0x44fa72fd63c4d4d94e8a82acb3231011b94a1435,active_retail,23,-23.187370999999985
0x793a066e6e57604d9d60f1e45d2fb2f6d26e197a,active_retail,55,2803.9838260000006
0xb34710afbd805978f22bb0e94eb590bda86557dc,active_retail,27,304.8991940000001
0xd8b1ea803293d353325b6c88113e9c21a1eb8bf8,active_retail,26,1.1217459999992532
0x6627509209e066ed652f8cc9c1b63795cc7e9834,active_retail,22,877.3986560000001
0x90a2cb582928424516b6ccecfb8031e7e2eed5e8,active_retail,16,209.076995
0x211bd4cadaa2d781a5d4968a26ed374a2bd20ffd,active_retail,18,2927.1499999999996
0xf17045fe4b7a6dcc44fc4627fcc37902ef13f124,active_retail,65,-6.544463999999927
0xd07db8bfcaaab030536ae58357cbacbcffbf2e32,active_retail,41,-1.7600000000002183
0xf70a5f3f8226f0624cd3e34f9c5e262669ec166e,active_retail,15,4085.5265969999996
0x11cb558c1da949432ced634805128bc9958f3b9a,active_retail,41,0.10864000000037777
0x133d51bc4b302b39c76094225662182ac8cfab14,active_retail,94,39.63451699999973
0xa812091ac892ba3d349ac34553910eab986bfc9c,active_retail,54,-20.753782999998975
0xa55e40e019f375de7462e7cbaf09cdb6f6cbefa8,sophisticated,131,5511.5
0xb609912b57f4d745459af182235abba610e1f43d,active_retail,62,0.5622910000000445
0x85eeb51f21b7f10278c51c7a246b6efaf84689be,sophisticated,101,2219.091403
0x599cd2b99cdeaa8591f993d03997fb296c22b3fb,active_retail,60,654.903581
0xcfbd165b6356d4e4e8ec414267c699ec63eb4d7f,active_retail,28,167.388298
0x841667d4e1cdffc12e0b3ab4235a62e204d5a9b4,sophisticated,81,145.0753799999998
0xf14244227687b308b8a874cc42f3a93c42cae5c3,active_retail,96,66.7245660000001
0xc9ac1fd674374ca47169b84aae92a79ba20dfcca,active_retail,37,2149.05
0xac6fd492f37e3c603558225f02f3a88c15bbcc05,active_retail,384,-114.42108599999665
0x6c279c9cbb16db628f82e48b02e24195e95b7ecb,active_retail,36,110.86181900000001
0x8859381ba689cb8753a0ee9d6c81d7dc7aca3769,active_retail,24,5.94808699999794
0x418038ed0785e4ccd21f86e957875e9ff71037b7,active_retail,66,-6.974894000000305
0x8d61cd5e589714b09424385c4bd589cb04a1e96d,active_retail,20,-154.92370900000006
0x3f2fb96d634db7c62dfa4f59d85f30c28d40be86,bot,895,23171.756449000008
0xf9ef4f0b72d6ecdebb750eb6b269d57ee605ba20,active_retail,62,1918.122222
0xd6b7d2419be2515f7ac5ad80a3dfda896b43cde0,sophisticated,365,24285.497557000002
0xc6fc35412787377b9dc6232b110d889c6a368dbd,sophisticated,631,195.34883599998466
0xd40a51cbe321fa15d139a9152647ef19a64446cc,active_retail,42,0.0
0xd95a383dd18ddf4bba19487e3715f6bf208d768d,active_retail,16,1960.6415000000002
0xc965bdd9a7ece17d3b03300ad1b8ede5bf9500f2,active_retail,38,26.114832000000042
0xc776a4eef6dfe0dd41228f31e92a0851c4540bfe,active_retail,66,10389.583700000001
0xf720ad780e5d0d699a55588a25a5df44900c8a50,bot,57,-497.19499999999994
0xfb1324b758d7a8aede86bd0d97c8536879169990,sophisticated,113,4237.848005000001
0x353f266c4943e40d28cc44e11d6e06786a0bea35,active_retail,81,6.884507999999132
0xa27adca1e9c860d822decd1765f499175382b986,sophisticated,60,16367.306925
0xe49f4047fc95efc954c16fea0ee5bb80f1a5415c,sophisticated,137,-77.49999999999977
0x8b31d9241cf5333f829d65b975062da1ec296ba2,active_retail,40,-9.209431999999623
0x54052c1d5bc861b2d04e1e573ecff47be97c41b9,active_retail,87,-282.14767600000005
0xb3690efd1bec11d024dbbd856e6737537e355f87,active_retail,10,5055.383792999999
0xeb82c546df9e5c459b26c96330b50143e4b6f1bf,active_retail,34,-38.044830000001554
0x6593cbf4d15f812a1e4e8ea8927cd578ea459d0e,active_retail,48,1412.3842499999998
0x30f1ebfa3733dbb078e723c3b917794e82319e56,active_retail,47,-36.51979400000005
0x0e7099988c1fa1f523f4a71e768d14c9b5298152,active_retail,104,-242.274264
0x8df9cf8e80845bdd23376787f0522df72890cd1f,active_retail,89,-1.3268499999998085
0xd4eed5d1c40342de41ddf79187666fcf7534fbd7,active_retail,26,3714.77
0x65d1e08ce7130d9d8ddc4fea146260787a991415,active_retail,59,-5.9459020000000535
0x68124d0f45c4223e2a1595935f815fe0e4ec6646,sophisticated,660,10178.550458999976
0x297c1ae4495b32d27a3eef9528c53b885cf4deb9,sophisticated,75,14166.554789999998
0x3929645c5a7cc6c2c117705509eb00c371f4d697,active_retail,35,2.728302000000326
0xe7f6d164f7c2b826f108f0ca4f34d7d987a89e6c,active_retail,59,-4.719953000000437
0xf1ddfed2bcdd706b02b26e7ea5c04ce93ce79c59,bot,1651,2569.8866500000004
0xbfb9b87c5295ee8a023ea155765db3318178f142,bot,1908,3135.7225600000033
0x8c6e4ea7881780c8462c690c1926bbec43f62cc2,sophisticated,127,4437.931640000001
0x49e05baa4d441b2d19703160bdfac77c3145c9d3,active_retail,31,12314.97868
0x141b64c2072cfa3d838b74301f6c871526fee97a,active_retail,44,1079.6479210000002
0xbeafa9990e0f7b55d2a609f2a3661f57e8ff6774,sophisticated,130,90.96234800000438
0xcc65d375f81026638011c95de8e1ec4e8d83007d,active_retail,21,39.809008000000176
0xcb9b7201cb2ece558a5780a89acd732cd76cae6f,sophisticated,160,2607.6007519999994
0xc54a972922d6019e4aa8035689b5a5c726c4d416,sophisticated,319,-2031.408457
0x40a96a60033fef0bb63ec4a9dcef6a6b0d56cb8b,sophisticated,144,3339.642414
0xfcb52e67f9f29c63dd35c3e73031010cd8e896bf,active_retail,24,339.82005400000014
0x4b8c2249bdcd4f12216ff5056d9a3dfd1633919c,active_retail,48,-10.345330000001013
0x1543a07799fd46cd74485d0935e7559954114402,sophisticated,113,2385.0349999999994
0x195b64a98aed01480ab409440729267eb37f79a3,bot,215,-558.6422070000001
0xcdd7171c5b5c1084f08cc0a0fab104e2773105d8,bot,38,-0.048988999999835414
0xb7e35c5ae1f1529dee65bb97ec77a855745c1a64,bot,255,73404.85755
0xdecb08ffe48fa0a33dc253d2e93302c5d1fc6839,active_retail,43,2224.7599999999998
0x96bfba2e066920bd6529e937b1fde86b9d6449d0,bot,52566,4188.06989899997
0xdedf9f7420a1d210f09f22c93edf0381dea4966a,sophisticated,66,-9130.639027
0xdf28d8d5dba2c015ced12c97a79a9c7d6da68b6a,active_retail,31,492.8296
0x06ba4a4057f85e0e636c27c472cd5bfe27551467,sophisticated,83,-1456.1604799999989
0x2f0db650667a05b502181308c5ea8432ea4de6ba,active_retail,72,-305.69903100000033
0x1a09a8a03375337cfec5d3eb57c9e7eb64f95e3d,active_retail,89,4.064191999999581
0x06263d1da91f83a31a67c04ab8145b41800d17d9,sophisticated,64,533.9543910000002
0xe9599f34847edce0cfe7feb78964494cdc44539f,active_retail,20,37.52267199999994
0x5d95b81da6d8f1e996c0ff4e8cd8a2b93edf4cde,active_retail,46,11.861238999999756
0xa2d7c8418c8d7c99f115de4e4256dfd34356da77,active_retail,73,21.380935999999906
0x5d348dc342562b5b2c37146604c4f79849a0010e,active_retail,115,1431.332424
0x07742b48fb3007337a173d38096b7613b72f7ac5,active_retail,292,1222.2718489999997
0x0fded0ed829a00c35dcd2d550983e92108ed8ab1,bot,731,-3800.7669290000017
0x3fada916a9c9158d3a4953084d34e16e44b6171e,sophisticated,55,16536.180056
0x3626435412a5c38943c98c89d547a0c52de619e2,active_retail,66,1089.6065179999996
0x15c6a7d50e1a255cf141cc67e3eafb826984d9a6,bot,61,3307.995696
0x7c5b5576e03d3d84bc54ea06b8ca87c9ace53b15,active_retail,25,-0.15289299999996653
0xfa8c44aa5ffd1dc1e070c04a06332d308e7803e3,active_retail,33,-4.677880000000641
0x2d8565fda7a7e2b4bbd43ac4743df1bb0e93ec4f,bot,73,167.54544600000003
0x0c44ea00f2d19360238517947e8e68e156866ece,sophisticated,792,1227.9169500000003
0xb9273c24a15f2c437bc902098357f891e0efcb36,active_retail,57,-200.84544799999975
0xa0571c91b427aede3f4268962fb91161b3c372c1,active_retail,57,-2.9226410000002687
0x5d91954919c7c729cc0dc4c82c62d336132f3578,bot,1429,20388.105928000004
0x0b85e67a5098fbd4f172ddcd12ede5669b69f9c7,active_retail,49,530.9520650000004
0x3e5aa9ee1720dca1e7f31a275b992ba1fb27f9ea,active_retail,39,-2.073199999999815
0xb6933d43cd9a632d4b31f355e3b71df632d1b18f,bot,186,73.09750999999993
0x58d8935055f4ba7f0cfea8aa61dd56a7bdd9d61f,sophisticated,169,970.331697000001
0xc06011a9ab690c91bbb8f31a76c8107a289fc89d,active_retail,239,1363.5055929999999
0xc55ae51c84f7b91ef318e94918b27040e5cbdd25,active_retail,88,1.7787909999997182
0x875ee31407d07eb2cd09298293027c0a5b0f40a8,active_retail,41,7212.700000000002
0x66cfb12177f76d0c44acdef78e1b18c7b3b52a8a,sophisticated,92,-2087.4486399999996
0xb7a6e6233ab927e30559fe97ef2cf069e1e89e37,active_retail,81,845.384802
0x3e187da358e8555f8c51558f0481532b1e96607f,active_retail,157,333.47279000000003
0xf2ddd78b27e1100fd5d8c745f3dfaf0beefdc4ba,bot,46,90.30069700000001
0x1883e5b027989a3f003dc95ddf68ced7137fef87,active_retail,52,57.76946599999985
0x0e3cb99f37c7a37c31c76ec36ed36752c7dcc0f0,sophisticated,417,-20859.055405
0xc0eeaa237f21de3e95d859f604989428a46f1686,bot,76,1076.9023770000001
0x3192e64d1ae1e1f4ac3894a63a87cc8d79239eeb,sophisticated,193,13099.781711
0xbbd20e72ff1bd7b3a50a41497e31af60bee21d57,active_retail,16,168.31256700000006
0xb90a51dfa94d1bb1803cf7adffeff3bf0192e042,active_retail,17,4822.529999999999
0xc2868cbf362212bc212801979a1efa7b4f5bd565,active_retail,108,1008.3000000000001
0x2ed312f64acdcfc17a76f1830d017d9b9555ac3e,active_retail,56,-0.05000000000001137
0xa07746bc0f192e67edb7663ca7218e0dbce57041,active_retail,47,16.74337200000078
0x4f174b8d7e8bed6657e90c4e49225c724e3f7b15,sophisticated,80,-2032.7974989999998
0x20f891ae947d5a2de4dd192b91ef3cb5ff6e45ab,active_retail,164,313.00576899999993
0xb5e26bdc1fa03b36803631b43367a12f74dcac87,active_retail,25,1376.441198
0xc3dd1a832706363a8eacb9fbdbc4d6dbf3ce7272,active_retail,19,95.07880699999997
0xdfd26169d46292e64917f3d5f1a2d500425811bc,active_retail,29,9.990398999999968
0x567930c66344f7ec47ee90c2c06bce41275f18d1,active_retail,103,9.711507000000182
0x327113fa72b3c919d89ff775345afdd621be772e,active_retail,88,386.671646
0x17183547f014a1df51c332b51270fa33bbab4612,active_retail,36,-61.05330099999992
0x2641cdecc5a0d2019ce37f47ede447c5c5fbf074,active_retail,31,-7.3133210000012285
0xfe15ab2b5d5af545aecf26e620dd32b9890f865b,sophisticated,43,3330.780003
0x604f102e4934a5ad345ec3d8c53fb99d9869f149,active_retail,41,867.226125
0xd45301d4869d25e499c6ee0e219c2bdee88d48bb,active_retail,35,1013.0510919999999
0x0db6ef3cdbfd637c979100344f62d2d8752da0bb,active_retail,86,450.0466419999996
0x53525fbd7789fff0e994e27ccd1f63c65b1775d2,active_retail,12,120.751093
0xd4bb827c0227774bcde1bd881b36c7d93854a993,bot,203,1267.7433290000008
0xea9945ddefb425d784e30b039679efe09dbdf82e,active_retail,56,33.85806999999983
0xb2cf8912db607e4485787d2b4f4cd9b23f78d586,active_retail,138,-0.14531400000004752
0xb06cc006f29a314acb05e105d23c4c6167d7cd2d,active_retail,32,3974.3864699999995
0xf40474a78f7f8f8f8b3ab34b85d348de88b449e7,active_retail,38,75.5
0xedf7190fec11d4a27866e4c4f7a687782cde00b6,active_retail,13,11518.197
0x9c6e0aa0c442d89906661b28c42f8784862634a6,sophisticated,349,120.91307799999868
0xd7d3929ffd9694ad9493d3d83a53544c942ff5ec,active_retail,49,25.617841000000094
0x66eee7cbc5664d9c37457a8c6f4d0bd73d3d58b8,active_retail,35,27.375285999999992
0xcb218b9903e5d93d074ac6b29ba9ef553c3e4e81,active_retail,12,3111.0
0xfe1852e6890a56d401adb378ce2dd562e5422fdb,active_retail,35,192.06144400000005
0x1b627033761e1d85e2c6b0c0dcefce31d422ad9a,active_retail,32,24.277179999999877
0x9da0f70f9a5bc72ca36d6cc85ce35719a1e78de6,active_retail,33,26.434507
0x49d2e617aa3670e97afc41d2d3dc8615689b2186,active_retail,42,78.014706
0xe5b6c4c8d147eb1f97aadd46a9282ebc3ba31a48,sophisticated,49,-7951.585901
0x763e0b9e23e4b044266f083137c8d941504d4da0,sophisticated,81,3771.0919239999994
0x8e133545e070cc74dbaa19e6f5a81b8c023187ed,sophisticated,83,16529.999831
0xb866f8de7bbf05a24ead17fb2a20141adada5b7a,active_retail,67,32.197201000000014
0xb1e2649cd8923fb44f31fe179437e6b37a224158,sophisticated,81,-2372.430499999999
0x6fcedf797e6cccd4d50148507f1ab57877ea9e78,active_retail,135,80.03249899999992
0x145aa53ee3b9284fb7a3bf0e340180b4dcfd90ec,sophisticated,92,-63.63383300000095
0x2b09564552cfe3a1991f363e3fb20c1c9ab8a2d3,sophisticated,36,4662.570000000001
0x3cb22e672939c83d6e93706c74466fbcd9cf17b2,sophisticated,186,8984.118179000003
0xaa7ab1b03fe8b51c01f1baefc1a23a8df3800312,active_retail,54,-16.316091000000384
0xb1d4224f8ef25ab3a04440e7370f3238e964ceb8,active_retail,382,-338.68502500000056
0xa0e72c4d3d779078f6bd7bd2670ecdc1829bef20,bot,632,-289235.3418370001
0x66601ba7386b3286f50f9b214dd4bf3f887ee942,sophisticated,106,-5964.748601000004
0x1b4728a98d42b340c0d34c951fe0e7dec0025de0,bot,83,27789.197361000006
0xc90df891a62a21e0863af577c0b42dbbf363d08c,active_retail,15,2037.3560559999999
0xb6209f5564cc178f3db6cd51fc145ba60f0399f2,active_retail,19,1178.4895970000002
0xb18ec052036a44b47148a27866c776addbee904b,active_retail,87,3.930116999999954
0x48cf8373339b631a0695d9c4075ae9a6e8043b2f,active_retail,79,334.2147330000001
0x91f20496df728e179ed934d0481fd074c08ef09a,active_retail,194,-2777.8526160000056
0x485540186e765dc4d36d340ae8db7b6677a3e363,active_retail,46,-91.3278260000003
0x0d8174eb19b67a01bf3ca0a2ae58dcc355b608cf,active_retail,88,629.2151599999999
0xc478bbf5088178c9de4f54fb3b9516d9bd1a8cda,active_retail,149,4.398171000001298
0x12bae943b1fcae9a496930cb212fa7eb31e7aa34,active_retail,11,1337.3000000000002
0xf31860133e395a933aa8c013460f53e317eca4ef,active_retail,22,-391.5022019999999
0x3440f117cd4d2e3a77e15c7b170b739f20b41b88,sophisticated,74,14412.0
0xe5a07494d393b186104e8d5939f7a38553615d11,sophisticated,142,490.44843100000065
0x5269ba0349cdfbe22a2377eeedc4e4c3c7ef2301,active_retail,27,4383.8702
0x2ef0e3baf34212991e635c7ecaebf9833d926524,active_retail,44,1254.0109650000002
0x6e929e53a5730dc61e3d1c0853fc3cf0f620020c,active_retail,110,125.0429
0x74c6cf6f721adb67beb2e02e0e5b498f1da64a94,active_retail,215,33.06361000000058
0x4269eb541e083e1be23ade024e072e4de0732fcf,sophisticated,126,1731.2611540000003
0x2f75bfee9f58e0ff3ea5aade2aa56af9bb4d54fa,active_retail,36,4785.65
0x1e9c13a03dc174f2ddc671cf95a84b52902c1532,bot,38,9373.991944999998
0xf00a6afcb143141739d30a3ca10ba2f8094cd420,active_retail,31,74.66143799999932
0x464b522b855c8aea6a8d94b8910b808e66447454,active_retail,134,-47.71102599999972
0x4e477a9c0840d1eb7cef73169e425c2f5070e621,active_retail,169,18.148062000000337
0xaeb2ce0393fd3c7d0382c41db5f47f799878984d,active_retail,81,-97.89450999999985
0xbe1745aa9e6eeb52baff6b1d1061a843331d0f7b,active_retail,24,8634.011029
0x620a6a3a31c0a679f9c5ef845739065450cb1687,sophisticated,93,-34.40392200000207
0x6b526714fa596ecf18d56a0ad096f472d517e0a0,bot,6942,680.5894859999994
0xd4583c4704a8c2e416f0e7fa5b763f92f0291733,bot,1659,3531.5472
0x7f98c155b94a012eda3fe1dfb393981c720e6158,active_retail,171,260.1089989999999
0x180732218762d9a5e467115741aca4bb75b68391,active_retail,99,-90.74403299999994
0x65595ad82cd89743abfb0a9721a37ec84d311325,sophisticated,55,7788.164662
0x1aa779c5bf0b507bcd68d067bb31a5ffcf1dfec2,active_retail,47,32.155272000000004
0x56174c1171be3b3bf4b08e7184e74eab2a764813,active_retail,40,26.02142100000003
0xd13d10412573d6a2e7b17617326498e26027fc11,active_retail,42,24.705611999999974
0xbe0967bb7744c3f5394bb0bfa8e2e8340c35995e,sophisticated,57,3139.7420820000007
0xf46f2791c4998b8404cdc9f5868ab47bd03c83aa,active_retail,54,1626.2
0xd55edf8d65f8bf51ad229c85f690599583240bf6,active_retail,56,2319.26
0x78546079b40bc80cd75dc318cac775c1f653a392,bot,200,67583.51252699998
0x4ce69091cc0c490fc5b6ad66bec5a01729ff7efb,active_retail,47,-4.31202999999914
0x9b2e8051d09cd5fbe711a009c1eb057fc3b87b25,active_retail,42,424.82887099999994
0xe473d52f87f537d667a2c534aad4775282a75ba5,sophisticated,125,-145.09328199999962
0xa7aea9d902bd85a420ccf9666d8d82e20ff9b8f8,sophisticated,199,-76.13485100000005
0x7dd9e87e146f8e5dcbb3b4939cfa7c88d40d15a0,active_retail,59,1108.8946020000003
0x85597ed9cfeed1e0e1c390ee569094e56db58561,active_retail,66,534.5793019999999
0xc30e3a2a6b7af3ca8fc50fdb4328ef04c6e3b5ef,sophisticated,64,-212.18006300000116
0x4d83c85c2c5ca01863cd1b39ab2be3bb1db024ac,active_retail,141,2993.181632
0x9ec41809f9711d24d09956d3a87e1fdf8cce3e92,sophisticated,141,1753.342073
0x6b01c2e4667c295b1ac86d917f25961929d70853,sophisticated,92,12055.226999999973
0xf3597ad52583e1bb3a1f5a0285413f62e01fa9ac,active_retail,31,56.40926199999926
0xa9d2d75ef307e88a15079c08b973a6a80e8c8651,active_retail,46,-289.16895499999987
0x8cf27f263bdb1341519ebb708416f8839efc081b,active_retail,94,-64.98409700000002
0xead0423691057f21446ce4f1029ef10cf904db0a,active_retail,43,2.0278700000000334
0x44b427fdb475ec263fdc01e3fe053944e57f8919,sophisticated,115,3694.2480859999996
0xdbf7e61586f23b2912b776607c0efbd39d799732,active_retail,86,-289.6471670000001
0xee8a7b50e81484aa1d4b514fdc6e4fb0fcaeed5a,sophisticated,198,930.1138559999999
0x722344f5ebdfa6474e4b38cca99b9bb39769f5ba,active_retail,300,-185.88504800000015
0x6686a706c621747eb352351aea428dde4adb7fcd,active_retail,27,2056.5672550000004
0x451feeca2f02c39729e91987f8ce827fa438e4c2,active_retail,59,-7.455713000000054
0x6c5d30b2935e191446131c2a537b88ee211c4462,active_retail,70,249.49306199999933
0xce476804563eea5d0280ce7a5773f7d598405130,sophisticated,60,26136.25237
0x75acb1deae341879e6958a15bf9d66469100fbcf,active_retail,35,1706.7999949999999
0x3b267e019fa67779f72283af9ed06388e1fbc91d,active_retail,40,-614.2369200000003
0x43ab88a67aa8359583efbb7281fd5ae57cf05602,bot,5374,-753.0245379999928
0x26dba2dddae093f3a8b7d8760040292e281d01b4,active_retail,23,184.52414399999998
0xad74020dbe1a011f9e829f2592a41827d0209b57,sophisticated,83,661.8505230000001
0x95be1a9806de2c7270ab35ce22393a9e07181a4e,bot,1764,3271.346410000003
0x393028415822cff64c98896a4c2cdcbbe203029e,active_retail,21,2006.2799999999995
0x16495507c37ef8a9df1252fe4243878ad2bd4928,sophisticated,59,-7235.142066
0x97e16f1a4fb85ef41c985cfd7b807436f27388bf,bot,1630,1665.0902700000013
0x5170abdfb0a86d6bfb023fc673b345c3b3099158,sophisticated,390,2868.1267740000003
0xf0919ca3d1a25348c3486ca8975187e9171fbad7,active_retail,75,-6.235741000000269
0x3922b15361d37d9c63b46eacac817f5b5a2bcf78,active_retail,46,2283.560524
0x5e5db5d6f98e083ed1b76a3ad8d9b3ca2b80eb3d,active_retail,10,1789.15
0xcfafd53980be9987e00e58561902a2d19e67e29d,active_retail,114,-6.456768000000488
0x268ca62cae041fc28483d5c1c76743a12e0a1061,active_retail,34,143.959954
0x671b2a8b682a88f9d2c05076f51534486aa29a07,bot,564,-789.6592549999991
0xa8d9cc24f56b2ce7836d3cac4984934d9c2206b0,active_retail,206,-684.8146570000001
0x7bd76bdf8dba6055c5c1b773ac0c2d0e0cfc749b,sophisticated,56,1662.575354
0xd2ac54dacf3d00310ec188dbfebc8fcb29ab4017,sophisticated,58,10359.761499999999
0x8d9626040fbb1ef9f4d4844db121ea2237ce7628,active_retail,30,45.959999999999994
0x51a2d9b304d9ddc200c6327d724263bc781a5b01,active_retail,59,30.58784099999985
0x25c9f8f049b5ebebfe7b5c21d050a8c3c5da457e,active_retail,40,93.188677
0x7cd88fa24157f0b70bee9a7102b79e53df3811c3,sophisticated,60,11970.819894
0xa9c51d4f6d5e0398ad88c2f437844c613140d87a,active_retail,137,-147.6163790000009
0x20873d02a1abc71c4445ea637c4d92bde36faf17,active_retail,17,-177.056305
0x43ed932bd6a68e46b761de1fe1f7ac3b44c5588e,sophisticated,171,4124.761691000001
0x7b4c8c47dd889e7d5563acbf57955d43951dfcb0,active_retail,63,-9.401865000000015
0x39b0e53147e8d495d4eb138852772a7c72a207d1,sophisticated,34,8493.688476
0x435c7f6fff8248ad269ebf6f132f01e4f73c8079,bot,1027,-45990.440093
0xd11ec87fb8cc979a99c1f2d10ba5adcf396916d0,sophisticated,53,22864.353398
0x944b34ffde4fe0b614b3f1f95d2f5eccd60434e8,active_retail,211,129.01948599999997
0x395204a1313399a99ddbe215e75125d1446070b1,active_retail,33,10163.098523
0xcfa1efa37af4a3175faa0b2512d5a105575530ec,active_retail,28,3028.0399999999995
0xcf88d5bd16adc972818f0219d22bab8e4209556e,active_retail,49,454.660528
0x15761d87f4e5466bf474309936a8c13d4f03f520,sophisticated,65,-42.90267200000011
0x20f29f789e6bded801c55a6ab05c72a371ea0612,bot,2546,-905.9097050000001
0x11f1a860702ba619d8ea0632bd66648e3bdaa144,active_retail,39,84.68759999999995
0xc5d343df2e64662ca50a4d37333c183e515ad640,sophisticated,326,32887.559925999994
0x698b527ac9e92ebd148336931bdbb7bfad778fd5,active_retail,30,4559.53
0xbbbd8f1f119c3f61130bdac18f47273b088570ec,active_retail,121,87.08150100000012
0x7c1049ce7eb851e888feaa4a318deb9c78cf35dc,sophisticated,137,4710.642358000001
0x3e52d7baa48d1e0a5c9d595e6da677b7640e15cc,active_retail,38,-2600.1195569999973
0xdcd4ded9b9048247b7cc58826a9598404916e94f,active_retail,50,-2548.447787000003
0x425b7b8d3111c8570ba0cd521919e0314bf1b7fc,active_retail,78,-144.65851700000002
0x416a64e8ec31b10b052e31bde9eaa801f07a1758,bot,12853,-1534.601457000006
0xefe38b3cc7651a0ddd3c48452e433c7965912b1f,active_retail,23,831.8145159999998
0x6d62b57b1c7116fb9d57f271e894b61cf4a51d8e,active_retail,60,0.969821000000131
0xe0810c94a58f1c1724f5520a6dca18237842a7f9,active_retail,112,12.323395000000062
0xffc056c246bb1b128d582ba5353f83f24206f924,active_retail,28,639.499841
0x8c50cf662956b0c483140c581a7d6809d9358b7a,active_retail,77,1713.286
0x1bb80c0a8a7d2637b7787141e08f91371481a606,active_retail,102,2720.618
0xca685d7e2dd46a79d98642fd7e2ae4738326b908,bot,705,1081.4565509999995
0x2a5b2228cc109ea4aaec444baeaca4574d8fe77d,active_retail,42,4264.960000000001
0x8c95a8fbb15fb9ea590a14bf866068c454a01c1b,active_retail,247,280.3464650000003
0x965ec8e2b9f4ec0a02eec3ccee677075f4a4fa5f,active_retail,67,257.67048800000015
0x8c0abda5d6b398b47fb0f77c5cae77f76a94c0fb,active_retail,57,-11.899804000000074
0x362ca5ba9f54706d4c600afde4eb8fc00f6fd3a2,active_retail,24,5176.473991
0x9ba987288fbe9f0b29895966a056a2004ff933b3,active_retail,38,-0.4400000000005093
0x6fe7e139e19cbafcf89a93b36c581147ed0a5327,active_retail,56,35.38
0x602486129ff58bc7fc18c2378b89144e9c64c9f2,active_retail,91,-1085.0
0x7786d2a4706180a54bed5cd47f23b662643c73eb,active_retail,38,1.3200000000006185
0xe7f4ae49f528f229854970edb08cd187578391fc,active_retail,30,2380.000000000001
0x1cfce90ffed4bd27644895f95a604a47a8cec890,active_retail,59,201.24158100000002
0xf1fb61db2a2b5cc6545206fffe438a48ecb279f1,active_retail,41,-0.8660099999997328
0x6394b62bddc87116a20c12c9cf34dfcc3c23c9ef,active_retail,62,418.657787
0xa3c14a52c70de0029b9838d5edcaf344cbe64e8b,active_retail,16,3038.4399999999996
0xe90e35c00b3f03876c5f5be6bf28b1dee421107a,bot,1200,-5293.391199999999
0xf6298851dc345965f0a58c64b6f3c12fb6d5976a,sophisticated,167,6.97642999999827
0x26065834a204be388ff1863188704047575e61b9,active_retail,88,-992.8775319999995
0xe2e3eb8b2dcb448da7f75034fe3cdd33afbc024a,bot,62,-105.54149799999993
0x8f351ced95cba7922fa2780d4cd0b6ceda92b5e9,sophisticated,53,-2202.9560110000057
0x1374f6072e168fa3ac5705db7cac17d9fb8e9f78,active_retail,65,-787.5841870000004
0x6c7522ff0c9cb7e930a3773c7cb8830fe56bc9ce,sophisticated,445,-28.728274999999993
0x137469a860e9e100bacdf1e736f241ccfc5c2581,sophisticated,50,16708.566362
0x890c9ddb36a010fe7cba3b89cd95fc99a909599d,active_retail,26,23.645000000000003
0xa21c832cecec33f60ad2449ac2c4a2fcf5e4354c,active_retail,29,27.322016000000072
0x8d540f1b24f72d71cf71ca854e4e65d6b367fce3,active_retail,34,31.55
0x98a7ad8473422ff6c907752e5bfd6ebabf8c874c,active_retail,16,7188.0
0x7b2a87ba42d570a3b3e59f9b376a77e59bc074fa,active_retail,29,47.190000000000005
0x220133f955a13a62b3938173ec90c6e51f73c461,active_retail,58,-7.847479000000119
0x8ac7f8af3dfea4f1e8f4bdf20ea7b1d8f4816d93,active_retail,23,41.5
0x91b40f77ab7cae56ba580adec983e207793f610b,active_retail,28,6.64981899999999
0x3d295a5c6f475d751a7ed8d4f7ae21a25c5c65e7,sophisticated,156,-273.36603199999894
0xbc9f831d4bb3346c9ee181ed3e2c9e157272580d,active_retail,47,1497.155195
0x44df11056f46f7129a025d3c209a01a2fbdf4b46,active_retail,62,-7.602307000000138
0x7c2177844b69161c26e82f9b1aa5077fbb690f51,active_retail,13,4512.486086999999
0x7953dc80ec7248c47f1e67aa925d899420de62c2,sophisticated,132,305.1887480000003
0xa653742e49def719d6291b1275fbee4f0ae83d41,active_retail,32,10.175681000000054
0x732e47714b4753e0661c3c2443849115277c9fac,sophisticated,55,-6824.9679750000005
0x78d7d21ef597a4aae9e4fb5b1e67dc0b64123565,active_retail,56,51.28955799999991
0xf64ab71701a498641b744f7a476f760a2165e5bb,active_retail,31,41.35276699999997
0xd7ecf7bd1173d85153f3357ce525467edc589ece,active_retail,32,25.212235999999997
0x5f94a361c18add41104dbe67fa79549f6d1f4388,active_retail,37,31.0
0xf8649fb94abfcfce8864659634b061ac0e079425,active_retail,49,14.357840999999855
0x549b7ba39d48a19f75a817715b833040ca51e69d,sophisticated,31,-9389.766
0x05e90f9ec49bb73b18e53491098ba93d26fef7f7,active_retail,55,115.5
0x075f86d965262fc105731dc6906d73a67e9eb2e7,active_retail,37,7277.009081000001
0xcfc4f4598e4767f6a297ab6fa074c09adbaee800,active_retail,14,176.73449399999998
0x3605bacd70f063e666e22cb3bef9b7fb53e340ac,sophisticated,99,-52.17860599999959
0xcebbffd26c75e2d17d4dfaa11f70f5cac8f0305a,active_retail,37,1935.2000000000003
0xf99bddd5221914eeac66be8ef5c6f8ee7509ada2,active_retail,45,-1082.4470739999988
0x6bbb8060f3cd535d484790a25e1cbb1988872948,bot,756,-179.41235000000003
0x35d7739a8b3cd38d5de1073a09c143669e464f19,active_retail,24,26.730000000000004
0xd24b143670f4a26a09d1fcd9ed2366675d45bb87,sophisticated,173,1025.0965540000002
0x09968da8fd06f67517f64342797b8c9debd0318d,active_retail,22,81.20103999999998
0x154ab7f1cdc467996404747ebdd5277a4baba903,bot,265,12127.842182000004
0xe5298a4c0e82ddebb4b03dc46aaad5e57bbb8568,active_retail,38,-0.8800000000001091
0x4eed066f859dba19c9b1643ada38172d74eb4e6f,active_retail,322,2873.859267
0x12dc325d49c785248001d10d52547d4e2bb125b3,sophisticated,67,-7372.420067999999
0x270c5efe8848408e5b73c27a5a3850081645ba2d,bot,102,1268.0
0x1a1a7e46808796eec1348816506386a327ed8fb0,sophisticated,167,1896.6077950000008
0xb1a8f7cde1fdb8a5ac47075eb7f49572609d45b0,active_retail,51,1.8611300000001165
0x9b6d68dbbe4bb206d1b25078d037010d0821883f,active_retail,60,-5.9482080000001645
0x3e01a7de17ab5ff694aa8086e34c47ce22ea43ab,active_retail,20,264.35263999999995
0x6f04e5c0608da6be081cf538b0dc48e40e9167b3,active_retail,185,30.009264999998766
0xc29946952a2992032b647b9e2f7fc78d7c079f8d,active_retail,68,23.302896999996676
0x11bb5c484bd9f1df6051b034d092b5b290e29878,sophisticated,108,-9819.984053
0x0e587f57dacc3e9eb997860d925be55a15058165,active_retail,105,11413.016569
0xd4a6f859509057617003e07ba435f76bd00564ae,active_retail,85,106.84344100000087
0xb0ba471c6bdc6a708f41bc63718cf2e5d3075fcb,active_retail,49,5600.988
0x43226d3eaf9a68bae27effe750a39d890ff277ba,active_retail,37,30.5499730000001
0x8a0d56e46004665686b928498b1d6d81194d4521,active_retail,30,49.268699999999995
0x079804a3ef4950f427e013cacbcba1e4503cc19c,sophisticated,62,487.5
0xd361681ec593703898843d3f53e08f2996e5ea9b,active_retail,40,19.58430500000008
0x063bd1fd49604a46cbc6ec978869391c4dc4a51f,active_retail,85,6000.1433050000005
0x14a2982f0b441c9945def55102b244e83182511f,active_retail,26,10.527992000000005
0xf1b706e85cc92160611435f88450e6173d76a05a,active_retail,53,6948.022494
0x0d235a8043c04a01219472289bd3fa2e6a8d1a8b,active_retail,29,36.53665100000004
0x071b5550306cadf66ed12cffca03087c2cbb9f3c,active_retail,37,46.128053
0xfae83d5881b8991856fbad21b7387af7189b20d0,active_retail,29,5.559999999999998
0x3144779e0bd3e4d9bfd877790521508cd2b9a510,active_retail,36,19.528301000000017
0x1d059c6aba97fd376d8962849d36dac6f1e7d179,active_retail,107,5545.38695
0x81dc702f4a0e5c9a811a0319c57969de17a0ef47,sophisticated,51,18179.085616
0xb76dbf412ed34d6c814a57cdcd137678d26cbdfd,sophisticated,48,5025.0364899999995
0x4a5085be7dfcd70bf8358f54ba6e32ebebc06085,sophisticated,55,2711.1080660000002
0xdd3fed09e0d0009ececcba50b3c38dc7b3408b29,active_retail,14,-0.00600000000054024
0x606c75acbf543da60ef420bf504b8a511bfe32e9,active_retail,37,2376.1416339999996
0xf747da0b993a55a45dcd055c1e4c334d06787240,sophisticated,43,7058.999999999999
0x17464d2c52e6af6c2d7ed584d83493caeb077d06,sophisticated,293,276.556512
0x4c310223472c022475abd23158e8f9e2baec63eb,active_retail,49,376.560611
0x1432dd6e9d6e07fde06d7d93354ac7d4972d1137,active_retail,204,560.888007
0x8550cc973fda02947721480a459e2f33bf9490f7,active_retail,169,510.9072899999999
0x53f9c7caa50d477600f988cf7b74a5187af8f916,active_retail,284,-169.73060899999967
0xb5b2f370276fa3f412990aa338c716a09901d82d,active_retail,107,120.1484
0xd4dafa21aad27e8514b5a5dad9278c3ece243175,bot,4217,-23133.071981
0x7badfaf410489305c2bf457198e82b038834c82d,active_retail,18,-458.20880199999993
0xe9d709a6721d6a686ae609c54b288facbd2ea1c9,active_retail,30,976.365396
0x2813f484a35ba9b746f055b835d4858f0dae468a,bot,3190,2689.9745139999995
0x9ab2b34bc63461057171e9aa2aef73192681ec7f,active_retail,66,-5.858659000000114
0xb29bb9da897440a9034f5ba9a3705e646f7c3b7b,sophisticated,134,-1347.1288869999998
0x90f122c6d90040ca28e909b88dcaa73cdf3a4d2e,sophisticated,277,17370.095378999995
0xaf8827a92ac38d87e3322bf1272a9dd5eb54845f,active_retail,44,31.129092999999997
0x7a82f9ef5b3c8f26749263752e6121fafb421fc6,active_retail,72,-76.50403299999893
0xd607f893fe4ded70b75db023d8c9ca47ea19988e,sophisticated,91,-256.9251710000001
0xb0b2a318d33e0803b6dc7ad1c3e8868fe8782bb9,active_retail,50,-530.9770120000002
0x535b001b088fcab52c2b2d0e32ac19748c5325a9,sophisticated,722,-4429.271305000005
0x7e420e80ffdaa224773de8dd83090a3b793428a2,active_retail,17,462.66500099999996
0x7c0de407f5f9511ad3f95dde8ed97e4d81c54239,active_retail,65,-6.831561000000006
0x01a8726416f1a33af47d45333375efc08499e968,active_retail,85,-139.04918
0xaec3bfa98e62c9499baaabc89dcb29b4fe1c62f3,sophisticated,141,-18.769447000001087
0xf015f49a8850259886eb9753c7103694d864a1e2,bot,1239,1832.442300000002
0xa33553334f624802daed755986817e7a28049a07,sophisticated,79,3897.072354
0xc67fdca5b93aad674315ce7c697b1a21626ae4c4,active_retail,51,1888.6693209999994
0x89a5053cee0ca396e13c5f71a174a600bc577e09,sophisticated,80,-137.80154899999616
0x0dbee8f8d61778def8acca61a63a717a1e9c2516,sophisticated,63,5626.893994999999
0x2197ab2051fef45e7a739b2a78fde27f266ee6b9,active_retail,115,-1959.7152150000038
0xab48e0e9c0bf72795794adc5b57211cd14415ece,active_retail,39,-485.0810099999999
0x26d08cf1e794ac7ff4ab0a3e85b66629a53b8ce1,active_retail,115,8.16869900000004
0x7258fb929cb9a7950c1432172ed0396c4a1b2468,active_retail,72,92.2426499999983
0x95172e263f7d5761099126e33ce08f41038ef0b3,active_retail,145,23449.844239
0x3b1dc7bdb960c89194768cb350441e8a497cc818,sophisticated,282,986.9665020000004
0x2fbc887a3e2c84b6370cd00f88c754d6e3e4e4ed,sophisticated,54,454.85912999999994
0xafe2d777bf1d2f462933e737b07da2447e1de839,sophisticated,613,-2594.8407890000003
0xd901aaa48b82710b0271aae916e4986fa515e5a7,active_retail,61,16.522621000000303
0x4090de25c4038adf97276c91507da03aed07bdef,active_retail,173,1.0651929999998906
0x020291add1f483785aa3842e3695f7165d299aaa,active_retail,25,-26.649923000000395
0x5b9da76a910be3131a73d1fb48d1913a53fde1d0,active_retail,47,-1.327674999999914
0x51d4ccb961fb690c634f8f7e3122a6bf38b4a174,active_retail,69,-9.089650999999996
0x7ae978c1c6ad79b8f05c1ea99589e620891e8fca,active_retail,86,23.01507599999978
0x2635de590262aaaad6ba35deb499bbf001259b05,active_retail,47,-2.2650000000003274
0xe95a1c6a47559e9d8d9e70b93a14298cf000ca4b,active_retail,309,744.751865
0x3d90eea0ac4a5cff20b5a4ad1d472cf9bcea6cdf,active_retail,15,15070.267055999993
0xf8d6f89486338902cfe4ec6e862d8dca137c28bf,sophisticated,50,5591.3292
0xda5b45cbd524b5fa56d2cff4fad4bcf2a92319d9,active_retail,199,-5176.696583000003
0xc244ad7b57551c71a1ffd139b4cc12e5d5e201d3,bot,6617,-6.58180899999644
0x1c9cbdab8902a2453f7f981be1fe3f13faca1a6a,active_retail,47,-589.6425900000004
0xb333f7f68dde5e3d37e4486ab095cf32fa529cee,active_retail,71,11.23896200000079
0x86695aaabe702d4baa9ef3629e10c4a049f9173d,active_retail,55,-1.5863559999999808
0xfaaf144fa7fbb5301190c43a11295198611c7ddb,sophisticated,218,-202.68023300000277
0xe4ccbf5b355b5ae2044c3829fa12703365a8d15b,sophisticated,345,14457.435058999992
0xa358ebdb7e6b9369a2cc51a974f57a500986066d,sophisticated,180,-710.0156040000033
0xc7296b549ab79ba1cc80c6f41a4dadef2c92d7b6,sophisticated,17,-1646.842206
0x3662e3f10af1a8bc06163f4d6aa77d0c05b2d127,sophisticated,170,-24.86286900000004
0x1a2e646ae5e2a95665cc6ec0c2db4fdeab65dd00,active_retail,69,7941.957791
0x4c2353e0ec9f3776fdfeb350e775c6bac38410d9,active_retail,100,-2.7931949999996846
0x41fcb75515769c7170aeb266befef1344a5f83f3,active_retail,123,-101.39272399999936
0x0f40dbc2d82f1c332d4fcad97714939669db4c8a,bot,1563,485.6922759999998
0x57149325c03037178132b427106b305000416a04,sophisticated,22,-1067.6999999999998
0xb96acaca9343647570f45655ab34b2a230030b67,sophisticated,126,86.44518700000015
0xd74f255f05c5bad65c1a2e2ba924d7000543ff78,active_retail,61,1992.0331969999997
0x8e8644369d050943b6db2cd0ea8297c69bc3f39d,active_retail,93,217.951774
0x80d153b5310850561c23039d996885e5660dc726,active_retail,64,-1.140884000000079
0xc0ea5e846ae8c7684a7bf5acdb22d6b949694d08,active_retail,40,401.32052399999986
0x31a149e1784b508cbeb4e578e436fbda89d67ba5,sophisticated,85,20547.285197999998
0x22feb8e31bdd031169cf8c790a7cb8b9894142d3,active_retail,40,3180.5245120000004
0xa2f732159d41d2830da382f474be33c2439ba1f8,active_retail,56,3329.6954579999992
0xc923eb9072fa19a4bedc782ddebe6dda7d7d39c8,active_retail,29,548.8137099999999
0xcbfa6b889cf25efae01a8463154ef17eeefb270f,active_retail,330,736.1678969999999
0x6c728c7a61f0d81d9d1fad783b6e725083fbe677,active_retail,202,1465.154271
0xd938e7555677c08dd9cacfb20436f9ec10750481,bot,2358,4490.288138
0x5fb8386767831a5d90cafe9bfcc3b4a674cd61cd,active_retail,20,382.41549399999997
0xe415b9c958c87a5a6328c493ab9b2d35196ad1e6,active_retail,30,2788.6099999999997
0x4215e5fd7beff15aeb162f8fe85a821f0cab9483,sophisticated,23,1795.6881380000002
0x357dc67500df73acdad8ac306ca834e0b09a2b56,active_retail,52,11.575495999999156
0x05d6f4935156eff536b79d03672f856ebe5f2815,sophisticated,74,10351.221709
0xb0ca4ced79f895cc404b8b16bef5811cbf6bf2e2,active_retail,37,1406.1760709999996
0xf820cfcbc42a03bc3077a595521409ba4c83c0f2,active_retail,182,-3.4317869999999644
0xbb0b0acf58de831c2398f45b85fa2354b14ad3f6,active_retail,69,447.02651299999997
0x737aec6c81aa0f1637a4fa7c55b9504fb363a6c1,active_retail,124,-16.55599399999977
0x7b28bd85ba81b7dfac311231c6d8afd2f5f11802,active_retail,62,828.485985
0xcbcdeaa59b7724ecfc758e44df94cf47fd6adee4,active_retail,63,465.96299200000016
0xa43db9410700800e27196ac49fa765d36e850e39,active_retail,154,981.6310300000001
0xd8e33d3f7e9ebbe046ae526897e50c4f6e7eb3a4,active_retail,83,-398.90595200000007
0xd9db09b65083823fc2f2cf85bd4fe05162d29ba6,active_retail,67,-199.85068100000032
0xe1a076180d1c852a4d65fa74c764bf1ffcc1faaa,sophisticated,67,4110.687081999999
0x578930a26b152ab64240594f722e9f1f6e3deb36,sophisticated,130,-34.548319000001456
0xb7c1c375b5a8693e7eda495ef448fbbe987cd990,active_retail,22,-12.43966100000006
0x2fbc8d351739b6c3ae51eec7d21b6fdd6a67aab0,active_retail,195,-3.3314060000000048
0xc0eebb261226adb7c11ee70b051cdf9b07b4fe51,sophisticated,168,291.7060409999994
0x8b723de836831b9cf7b6eae6ae3b56e40099dc58,bot,1531,-192.09455200000008
0x9b587045012dbedca4a02efedd33ca0584aef577,bot,352,-389.7767179999999
0x9e699268d9a668337e72e25930c897fd8027a9e8,active_retail,13,108.497098
0xd837e136ab26ddfa0448c143ff3675c6d058f1b7,active_retail,140,863.761992
0xcbd5bad617f60853215bd1f848e6cf66e51d3f3f,active_retail,16,2425.41
0x2c59f2ac4a4cd7203fb84a27dd4b7b14ed72c5cd,bot,84,-881.426036000003
0xaf35ed1deea59d6cca8c67e282819bdbc8498f06,sophisticated,332,3516.287797000001
0x1e9ec91c49acf93a2b5099d49ee70bc79f52ee7e,active_retail,111,1538.3882580000002
0xaa2c58e5148f443fa6fb3c225ccdb2948bd91475,bot,1697,7425.369296000001
0xf0f99f66f70ff25fe323420024b8c37fc2896188,active_retail,259,4951.052025000001
0x8c6b8c471380e1981c5b86f097590fb9e00f1318,sophisticated,47,651.2366679999996
0x691387c0b7efb581d8337e7683fe3ea8f1ddd9e0,active_retail,58,-7.902096999999941
0xcbec88d7eaed6fdb5fa4a30bb58c1c215e253b37,sophisticated,306,-80.47321599999952
0x6a22929604ef3c43d0a01d547b2b3e4cc5b5eeb1,active_retail,34,7715.083346
0xb5cfc6df48e477f9b32412f952f96a674a32c02d,active_retail,55,11.235969999999838
0x69e8bda952273e8588a387d04992bdeaf4131184,active_retail,58,61.620066999999985
0x70a541a6718f81ff5beefa8038ceb7c18c0cb310,active_retail,166,1523.28854
0x8382854141cd71df054b2297778d601c07b39523,active_retail,25,542.7709949999999
0xe55e799eaf0872fd1114740d8e205484c3fa98c9,sophisticated,70,2185.1954440000004
0x0a96d86fd018a00961fa79c95591fe77c6a420c6,bot,1565,-596.9097979999997
0xd626fc4ce96c2223f5155b9e29425c91ffddcc6d,active_retail,104,-10.604692999999997
0xb87bbc37b358b66568ea04a753a390ee6d7571aa,active_retail,165,324.18447999999995
0x802215d8c38066aef3f925c22999777c069f51f7,sophisticated,61,23551.43853999995
0xe55a712fba39185c741aff2b5c1461c925a6761e,active_retail,50,63508.73559399999
0x4804983aafed6d51451f87c5ae0cbb17039b3229,active_retail,51,-3037.015535
0x0b1727f6a07b7d4725aa0bf97184409a49bf2aa5,sophisticated,416,-1715.4214070000003
0xd1cc3850c3f7fb57a887078c3741e2e84129df14,active_retail,49,266.8029070000001
0x8679f21445539555a858864ddb8a4b6ed9283a25,sophisticated,70,10613.261078
0x849dab590a365131269b89ea94db5c5711f5dde4,sophisticated,46,4829.079124000001
0x153c01501a36e27d7cf3cd19ffa6a8ccbcc86d21,sophisticated,82,-994.5000000000001
0x80845267610dff29f81f6f78e049972e8f27aa93,bot,130,220.11999999999966
0x8dd3af41809bbd6659f8c9fd0a8412a0f6b74a2a,sophisticated,74,-2292.451781999998
0xe5a505e4e6d6773c87e2844715f5ada23115a6e0,sophisticated,157,1616.9413899999995
0xe38509ce2c5ff2b36f7ce8746ae3c8e1c5cd54bc,active_retail,41,3352.354955
0xad26048c395f6b59856550d883142f74419a589c,sophisticated,235,10916.814993
0x6d79eabf8140b29c9d1e2e855a931efee7c02b5c,active_retail,56,-696.0165809999999
0x51f8ddfa1393b6e632384e56b1cb6d1479730b3c,bot,55,-4.9570199999998295
0x3086e27d74de6ccca84376fd191c3e7570355e0b,active_retail,81,27.36165100000244
0x1ab097ecbcc32c85bbe896f9efefd73ad3146b0d,active_retail,123,77.86698000000024
0x912cf63201b5d680129db2c7059d8a3f0482243c,active_retail,47,329.7032990000007
0x7b63cd78df0d6a11317d348b8c8b241d956680b7,active_retail,18,3349.81
0x3775e653e61382e4ebaf1e2542926bd5a4270b35,sophisticated,224,8088.863947000001
0x09ade5ba776204af1344e25145f19bb680bd1a2d,active_retail,75,1920.2799999999997
0x8c3c23f44ab4fd2231d8c6a9894795e5385a3df6,active_retail,32,97.96049900000001
0x4be79eef6863ea326ee1185103ccb2d2c5668e91,bot,715,-1105.6110459999993
0xe79cb0325457e8127071052c0d93a5b10194c715,bot,1105,9536.597969000002
0x201cbc10410f6900090edf68515f62190e8158bf,bot,2125,77055.79028299992
0xa423619b42d9efc6f1d81c6ac8e88e182e3bfd1d,active_retail,55,183.15747200000004
0x18cda925145a03cd1650ad1036f6b152ece1d8d2,bot,479,2485.997413
0x83bd93971eab624b44a14a6affa95eadfbe5415e,active_retail,137,9.98812299999554
0x1aede315aa70671681bbd9cf00908f9e68012c9d,active_retail,27,37.96731799999999
0x1475f26311122e1de19b9c13df61ffa25224858b,active_retail,72,-2002.1301299999996
0x1667108cf5d59979cd876fcce46168848700e2bc,sophisticated,249,-1757.3879840000006
0x1a1b62a3a42f09d06ce66e81c965dbabf8c37b38,sophisticated,71,-1872.765852000002
0x4d2db3b43913d61723102803815a44fca611303c,active_retail,80,148.9617359999995
0x9007e3dbfc0a6160f42a4e08701625c7e81b2421,bot,230,1926.7770490000007
0x058bac4683b516c125a53e221cff64553e2f1cd1,sophisticated,508,-13499.69373799999
0x10be470ecdb640d86a87ecb793cbd1c4cb8817cc,sophisticated,240,2674.432
0x9555b8aaaf6689fadb9650d664c67cf9a9b3a786,active_retail,44,417.77726999999993
0x236a71a8618ce4e414be7104e93519d9e3b9b4f8,bot,532,-3117.858474999999
0x7e456405b1f47a6cd475f11d73acee197d28644c,active_retail,24,806.393556
0x2a0b17441bb5c8a48725380d5219f75495176aa6,sophisticated,66,11387.072992
0x69a6acbc54a24d88b5f3b2caf2685b5e288a2a05,active_retail,55,300.73800000000006
0x0baaef8150800cc99135e54c802c02291367eafb,active_retail,51,-3538.0743589999993
0xe2a1740848021b1c00da8d1f2bec965b6ecfd1ee,active_retail,42,3590.40565
0x06cd652244a3fd2ad59f70499b4f573151dc7152,active_retail,56,2503.272143
0x87e7548fcbae8c9270252877b3979714c1ddf4f6,active_retail,27,4748.033297
0xb3bf2545d0d767c0bc6ea974f9d99072bc9c4b27,active_retail,47,8107.339300999999
0x4731a041efae039ce4b5259fa8c273c5f97d9d35,active_retail,84,6966.992136000001
0x5fa181725677b5d88a7725d43edf8a863c1abab8,active_retail,49,0.02378800000042247
0xf1f7d87760277bd514b3ba2bd2b7caf7344aef65,active_retail,80,-1635.1315339999996
0x78cf0ab9853a96f3dee603b42f7149a9ca9ae937,active_retail,49,-85.1707659999999
0xab26a85cfc87f4288e75ea6eac00de76844699b0,sophisticated,225,10641.393995000006
0x31cf1b95bd80b402a0cf236c2758148384807570,active_retail,12,1575.401894
0x246a8a040212ef1f9d1d8e974226e37d4b97b47b,active_retail,84,-0.15307099999995444
0x36961637b8e528ff13bbf20105157a37cd980242,active_retail,69,-7.1288170000001685
0x918b97179fdd9ef41d0066aa997129f23e3b5e6c,sophisticated,80,2224.596128999999
0xadb660d765ee80b8bd0ee7f930f31984fbb77efe,active_retail,34,-38.11079800000005
0x57462b9ca06c5f8f36790958d7142b7f3047354c,active_retail,74,-12.04834400000066
0x96fc66ca7b78b5ac83a90cf72a77a7f1f4807671,active_retail,35,-0.9382139999988794
0xea06fb47896ead097c7fd2095f8b1159374defbd,sophisticated,105,-65.78999999999974
0x6563bc80283906c23e321bb1f420cdb2262d5025,sophisticated,88,1920.3783910000002
0x82d91377a8326e430bb2aa64b041988261f76daf,active_retail,83,2485.495087
0x1f4cea2f49f880594ae026ff16491a435e781362,active_retail,51,37.297756999999876
0x3d39e68cea08d8846cf3632b9dc864aa133c52f7,active_retail,51,-3595.5540170000004
0xedf5d873418a8de1f99ba885f71cbd07343b6ece,sophisticated,145,8103.893898999999
0x8b071976391147cf2bf0a17fe86625b6903e9372,active_retail,60,224.924379
0x83fb2791528bbd928ec15b463d216f7fc9a67e6d,active_retail,48,-0.8600000000005821
0xfdc4a74692bb8236e564f8ae7eb39df6a7cecae6,active_retail,110,1621.1601869999997
0xe4da8cc0311728775dfce5bbc753df965282a9ee,active_retail,165,341.0408089999999
0x9c1b906926979226d77947a58e64d4e833639809,active_retail,27,1844.02483
0x11e0e3196a2cd40ba79f015691525edb010c1e0a,active_retail,114,83.3167
0xddcda0eb91b4227df18878f7fadaac32b39dccfe,sophisticated,212,-1255.792042
0x6d9742a85b3a68b89697ffd2489c5426d4f477a9,bot,93,-187.28703299999992
0x07fb113c9fcb549ceaee69b137e0ee6e959c4696,bot,279,9654.088279000003
0xa0f16053cded8f2373e1fd986816aec3f75b1f6a,active_retail,30,12673.516935999996
0x51cfcea807235ab9edd4fde6d6ee39e269e451e9,active_retail,79,1.3153190000000095
0x84a0bf17b18d54d72bff53060ef7f0b180d7d052,active_retail,44,-273.146021
0xf64239a40d6ec8abd10b646c08aee713977b92ec,bot,653,-97.55959900000013
0x99a354e00b2b24aad2eb837318073a00c15cb340,active_retail,468,0.4719569999999722
0xd952780de918bd8bead16509d6aa9b1b0eda231c,active_retail,30,786.279661
0x886932a0d61c70ff9ef6e73dbcf22ddabbbfc9d4,active_retail,80,-241.2817289999906
0x118e42e846e47b1d78fbc13b1f4c4d08089f2768,active_retail,165,-17.02288399999948
0xb425de457c3b1db5fb38a2d914480381663f7565,active_retail,19,2808.9404620000005
0xc1c338019f0f4e60e2d7d8caf1be4a7b1f67732e,active_retail,74,2223.2091960000002
0x1a44ee9d25e5501ee6513ea3be68ef356179a73e,sophisticated,85,997.5784420000005
0xb03a46f3ec58e0de2af1c66e1a3c22dfbf850bd9,sophisticated,115,-5245.715488000005
0x2e55125f8e3d2b70b29718580b455e5a4fecc88d,active_retail,66,936.7603580000002
0x82c2bab2398ca2769c5d2a6078db5919487c2bb3,sophisticated,127,-8568.482532
0x9a6fb3a94c3a35cd10689ebb4fd62ae75624bb49,active_retail,161,201.7589489999989
0xdd7363aa23d9f5d27d3601357f67a50e21cbe2c7,active_retail,86,-68.9315509999995
0xc0378a14fbfc5bc99a6dc6d93eaedd17048d5625,sophisticated,69,3282.034126
0x8a6b14a78eeb18e63d68f8ddd0161eca78d5a8a8,active_retail,80,3927.450025
0x1ffc57e339babc7a2245726ee797b7e632e95d01,active_retail,40,1168.9066070000001
0x53ebf870ff98dfff3ad52496cdab4cdcf30afb54,active_retail,31,235.78832
0xb7c9a19506c8cc13b3c4d8d8a077c6fc5bfbe1c3,sophisticated,68,1784.1781310000001
0xba64682f1c09afb7bc49f374ee64f5ae89e93365,sophisticated,257,2654.3636
0x32d6cc1c94b19a2a0307065f4771a7646a0fede6,sophisticated,216,3491.856854
0x1425df6768c4f7245d9c7614371ca0f4f7b91a61,sophisticated,71,-10917.473306000002
0x42c2ff577936426a3de58afad15e9b91c8b2aa19,sophisticated,51,-3064.1032709999995
0x42a67d8448424c103cfe5c6447372c7e2e9cf325,sophisticated,193,3930.9261160000005
0x78322520d66c41d56703a0fc152aebe86c9dc6e3,active_retail,67,2431.327915
0x1a09c406f57e14a544af97a99a7d729297588727,active_retail,37,749.7721120000001
0xc0d50626cab89615b649d8c33dac78608ad247ab,sophisticated,140,64.27803900000099
0xc34a5fd87cabbb01f755dffb0321280c9f2ef58a,bot,177,2402.1216690000006
0xc4800b703f2c85795b1a2dff4bb1d80fd9b66adf,active_retail,138,532.8839879999997
0xe51009abb4ea775db77ebfc1f9b7e7b107c96bc1,bot,189,-3.5767489999999817
0x8fe52fac3d6763e143d73c77c5f22e4f03891d1c,active_retail,33,-19.191766000001355
0xa65ad2b24ac93ff3f348c49615bcca1bd4535995,active_retail,32,1029.186033
0xea1cf96f16d14d936fee288e556fe46ee8a14daf,bot,3565,-1984.7105639999936
0xa2e1cb0be6c977235a8703e213a9d96b6861a01e,active_retail,50,-0.7679710000001123
0xc66bc31ec50d114cfbefa17e8813721d5db398a5,active_retail,78,239.0186060000001
0xdbc0ff4095866a16fdeec3cb1076653a7f32071a,sophisticated,96,1660.6492979999998
0xc2ecdaf9ba7b5cc39eb2b38e091c954818325588,active_retail,178,47.6236829999998
0x72c5cf9a0020e6157d2915c3087fa5b8de5d01bc,active_retail,54,-286.52358799999365
0x6ffe2a95b6755f4933c2e272c289ee84681eaeb4,bot,109,-1002.0344189999985
0x8510ff47665870ccc0b41e3632ff077add5057e6,bot,3535,91.28057699999977
0x1f555795246bd7a3e097050000c6cc9d4342fe67,sophisticated,92,87.30383300000014
0xe740dfdf5ff0728b43f4e3d02835e55dd12f5bba,active_retail,50,1846.8474719999997
0x70bf379ce83972735f8f1c70646f963974c4b20d,active_retail,53,-223.48266700000005
0x899c8030aa3627a01cd1b20c756507d7093bf84c,active_retail,48,1453.6
0xb321ffe06075c46010bde1615f9736875f99ae59,active_retail,38,47.933812000000216
0x65079ba8b12ff051db2c66ab2fef3f067d1b6e4f,active_retail,66,409.092542
0x636dba8390240d72ed63f45c96229aad6a39e979,active_retail,33,3.35569800000002
0x4e410cd8bd01db871a4c2c25710dc76a737f484e,active_retail,17,420.996491
0x1770614f5d961309e3981518731035deda9f9483,active_retail,52,-781.603753
0xa6f01d8248b3486f165b53c181a0d75f28da4f65,active_retail,168,-9.963966999999997
0x046a1a0298afc3b705e4d77669013c5b259eb62f,bot,384,182.56579000000045
0xd256465d1b07c7dcefa0a43aeceb779dad5eb908,active_retail,56,-5.8697929999998895
0xb35f9739364d8bb267ca4dead892eeb24a02922e,active_retail,95,4491.250253000001
0xe3ee54fc54fc87be884bab1743f53b86f357e183,active_retail,95,-347.45043699999223
0x27271402840b845e2ad6751e23608c1f48049db4,active_retail,56,-13.022672999999713
0x9bb07aa2d1201ccc695cc8a28c16bd0cb8d96367,sophisticated,320,-361.48919799999993
0xedc90e988238531baaebf15bb24f17825f3dc03c,active_retail,47,195.97083599999996
0xf83ff81b628c5951933cdb7e2993ef055fb958fc,sophisticated,71,21.00818400000003
0x684f9bde20bea50016f15c8867541ce0f0bc22d2,active_retail,50,3342.5411780000004
0xe32aa42115908242187f561af96677bffec601bd,active_retail,12,1393.1805920000002
0xe7bd234e3458cafabbdebeab140d403e095d7422,active_retail,92,-1.859837999999968
0x713497fd45edd20d473c1003bc1282654bd682e3,active_retail,42,19.000000000000227
0x4aeeeca1b8f4091754a59260fd1c0c1ce1372a20,active_retail,47,0.8799999999991996
0x90e092d59c02b590649bfb8d90b7887f332c0ebc,active_retail,43,-192.39201399999996
0x9d1409e856904a11474c79f9ba73bcee7f7801d1,active_retail,49,1911.9009559999997
0x794fa79f94f4882bf0ecfaf8115f31c39caeca71,active_retail,103,-16.576841999999946
0x32c3a383de3f0b8c70a6ec5a6b7c7c581ecdf531,sophisticated,22,-7196.912505
0xdfe6666bdd3a2e86f7fcab206d8c76369142faf7,active_retail,36,2.6400000000003274
0xe00048afbc742c2623025015c72da1b1f2c2b921,bot,333,38883.345803
0x9f89a5bf8864f725851db95da9c3aa00e7a1d7c4,active_retail,48,0.8600000000014916
0xe5a2a6582463a67347d96d352343682374f16f3b,active_retail,62,-7.813303000000037
0xbb4b0c3905483ec69d951a98367828a9eed4acc5,active_retail,30,1140.8836609999998
0xf27feca63d59e2006f67fd6b0c2a0055af1caed2,sophisticated,66,2207.660478999999
0xfd2075dbe8fb79d4b5782c361000c5fcb6cc0404,active_retail,48,19519.282285
0x709480aaec5f6cb19de65ae2457638eccba3b474,active_retail,29,1497.0769989999997
0xc91699b257262a8d1fe2aaef2aa2ed160cbd2ceb,active_retail,40,-45.47746499999994
0x925dbe06582f011941d43a383eba0cbb087af337,active_retail,201,2213.928614999997
0x928fdc15859ac1e73229ebdbd8e68c13a09c9c61,active_retail,106,427.2621200000002
0xecb5a41ca90a8d82e3ebc567860fec89c024db32,active_retail,91,534.125074
0xa6e66553c3f085225d24cab0b57df8f59f6100c2,bot,398,-44.26388300000018
0x33e3e1ac20c650df3f5ef4a05e881db0c8f32809,bot,479,12.414422000001196
0x4e4203102fd7bde55ce1bcf9f1ef222e251949ed,bot,75,2741.458885
0x42612d868b3e0cf1056587a2b7abdd13f73b16df,active_retail,92,-222.77509399999985
0x6828cf41cfee298955db7a0d1f5761364077d32a,active_retail,26,83.429112
0x266dcbcbbed6781ec7dca5ff40237ccaecfd6de9,active_retail,25,-259.4028060000003
0x98f1a94ab0dd48c3051ea36d1846585a4a685b14,active_retail,15,-241.58180099999998
0xc2623f6759ff1b774a78ff22a0b2dc8fe0a2d41c,active_retail,63,101.38429399999995
0xe3a1ed157d5d6fd22fa968a67de5129f09a2fb03,active_retail,312,45.359257999999905
0xc02b88d28f5fa9ff46918c5eb332afcbe83c9e94,active_retail,57,33.83165100000003
0x519751aef202e70d1335c68c62b8f2e4e30ef86a,active_retail,48,13420.275
0x182fff081235801011b682df782ebf2cf8105541,active_retail,47,52.790001000000004
0xf901d256f5c092fccd4d4d9e4fbab7a546d1051b,active_retail,31,43.94
0x2b77946eb9b3b719f40ad82ec0c9d2a0740e7f09,active_retail,54,118.0
0x6251484fa3da32623129a9698a8cc7753507ab6d,active_retail,89,307.09000000000003
0xbec06446f23c305ecdec411b8743b59b03cc449e,active_retail,35,35.535
0x599fb459366352b55e8d36716e1f0f19a18d93ae,active_retail,35,33.03830100000009
0x1d9ebeb169e379df61a84bcedb70baba7b07641d,active_retail,50,4772.845019999999
0xb2eb0d37e7df6b01a48eb573f84964247ef3a19c,active_retail,87,-104.78590000000014
0x92a01fa44308006fec50bdc2a97ebab7fbe55218,bot,8388,-45.79409299999645
0xb5e991e99de3cf6aad5dc9b6a59d5983cf81c2c9,active_retail,11,1989.4299999999998
0xa144fea08b22b36689b9bf198cdc1c8d2a79ac5b,active_retail,30,464.43568300000004
0x56837748d0c752895eb1f6fd3c713e885e47b8bf,active_retail,45,311.91538900000006
0x00e3e8741eb6dca79da58d344ce1bb77146c3568,active_retail,18,-0.004000000000019099
0x51764309aa47608d7e205be03f917e5e06c19229,active_retail,89,-49.8127230000004
0x19d06c8af366a447f7d505e9a2799d8499bc853a,active_retail,41,26.42309400000008
0xb2f553e41640daa11506287f435fe7a64f853403,sophisticated,69,6423.796736000001
0x370f597416264da5af0be67bef99b6596ea25555,sophisticated,55,7794.9978
0x38708c70579f0018a4b41a62f7823d5faa6ac45f,active_retail,60,-0.7707680000003165
0x0d2254e267a8e00fe89d57dc126663f4a1293243,active_retail,101,491.1626089999993
0xad4fd2f2adca73ce6d8f4b6d9c0e46ce358e45e8,bot,1842,3583.845060000002
0x897d4243eeb9f424de880124bb56e80ff80901cb,sophisticated,513,-20955.66627699999
0x53f8cf9ce9385e4a483780cabfbd4fbab64a5ce0,active_retail,25,46.888309000000014
0x5f67d2113786f191254307c87e2e175a609242fe,active_retail,224,-20898.171261999996
0x3c02938735bd5d3b377f00e0c99704f8e99a1a89,active_retail,19,730.1064000000005
0x48a174abb53f70cd46b3f5c523dd46b3eaa86c27,active_retail,62,-9.033774000000136
0x33bdd166ff6e4e9deeb8bd1c2695f3fe4edfc03d,active_retail,71,-5.740306999999944
0x51b24a36615c6e9523d585a737b11943c5dc07ad,active_retail,55,568.161558
0xb924628f5c7019ad8ae91ca0ba0f7ef509ddfdd0,active_retail,166,395.1699799999999
0xc1f0f7ffa77fd9e32b736c3fb61aa5fc13649b5c,active_retail,34,2678.088198
0xc06d6a7a510b64441a675162a3b2e9e09c421631,sophisticated,110,322.72000000000077
0x926bae47474727cc48e8ad7956769a05121bced8,active_retail,56,15.393492000000606
0xaa4a5f72e24b9f315f43cf70e2d6c0f4a3924f22,sophisticated,509,97924.03982600001
0xe4bb1eeef273071d98bdecb6afbe2e26c603d907,active_retail,41,1779.0464289999998
0x0bd69d3cf541ac44dbc638f6d455fc7690f3f461,sophisticated,358,-324.6880389999998
0x721b11ed42d4c283f08a3142449f4cf3a4c3b8bb,active_retail,41,-0.031043999999401328
0x3b3c14bf1943e03d41d1ce40ebdaad2ae7937ff8,active_retail,39,-106.94191400000008
0xbeac4b677759d0b07c2fd12944eaf5c8c04b2af4,sophisticated,73,2680.8092149999998
0xec4d3292d941292da6b0a938fee1943a593cb8ba,sophisticated,144,4.895275999999541
0xf09402c25ddb2ee82315119794cc0c84ae8f9fb0,bot,5883,2711.327864000011
0xb615161d3b076edf33c1b873b3eaf9b34c725bae,bot,1636,787.6535519999989
0x7bbcd5f7381daf798184db54af7cbf101368cd27,active_retail,61,569.2517030000004
0x79f7b4a1daaba92809e99a7acea714626224591f,bot,628,-1250.6696610000006
0x32b1e2234ab63aa6193fb98fdb56f2ed4f645c90,active_retail,76,20.480183000000025
0x63c2bae9a99a0f37c777a2ce860b99b67aae71a5,bot,1009,1434.936207
0x448f64edfebde479a06e2b9eb279619ebc14319d,bot,168,-4.68186999999998
0x3bcd3f79a02feaa57ed82cc16b38597cb5d31592,active_retail,45,1996.2215950000004
0xbfcfb534a35aed1a81e6296a9033b608de24f8cc,active_retail,81,8.150582999999667
0xb416b4f70c5505942461e2d261151fb3d90fdd4f,active_retail,38,205.52621100000005
0xf739fefef6fe7b18a263afd88a900a204737e4ac,active_retail,120,436.7708510000004
0xc5b831fe82bb33bd74640ddd91bb3c07a6d4597b,active_retail,58,2297.674137
0x110dc768cfdb504d61a52f7e88dd3d7c6c87dc1b,bot,54,528.2986939999997
0xef46755535bc9efcc22b5b2e18c8a022fc8e4561,sophisticated,683,809.7184239999992
0xc8cd3728429008264f7cdfc3ec733f515d584cec,active_retail,99,19909.584799
0xe28baf90daa37e6a07b7e9261f2064f7e16bfb5f,active_retail,72,1214.2174179999997
0xb152f0e3a5a0464fb5c03d3532aa3c62a5800a4a,active_retail,137,5.107244999999954
0xcd5923a6e3b3d2ba0db7e92c8e8684aa312a7327,active_retail,50,-5.529145999999969
0x37a37d6f992a603ddea4d173b4e8b7fa9d33fe17,sophisticated,155,285.19690300000025
0x21d4a52ac6cf16566cf3945cdea156ac362584bd,sophisticated,145,18708.324427
0xbca486403b79d7c33af2ea19b938cb4f01a7b469,sophisticated,61,-2941.955491999999
0x2c102b653abbc359ca49753ea56675996cc898e0,active_retail,62,34.592142000000024
0xd319fa117c4a0dc6863ec72a488553be52f9e804,active_retail,45,125.01719399999996
0x96d9af505d253e233036e8c73e68d496b2e46595,active_retail,114,4166.950862000001
0xb752e118bbbf9297a8be33103d0f6faf629f503e,active_retail,34,0.5210000000000008
0x077ccb41ad1724a771d23d1899db8b5fca1ead22,active_retail,60,195.1
0x0010fdb061ebfe7cbc250281e3e3c238745e2fe1,bot,1005,-366.79545900000045
0xc7a6857dac41c2032fec3208721eb3f48c9c2374,sophisticated,290,2992.6818610000005
0x7d2a5e4a2eda912039af424df4bb37e6ea9e207b,active_retail,233,342.0217170000013
0xb0dcc6b455ff5b88121e54c0cd6cb7e2856e247d,active_retail,36,4332.5
0xe74f8c873e5c34863b184d147560f26d8e6bb9f4,active_retail,13,51.6
0xcff631b92b0f9d2017d59b4e45d5eacfe5cd09bd,sophisticated,48,-4.9584500000001555
0x12775f6c03d5425f539c300d7059276ddd7eddd7,active_retail,17,97.86399
0x674b34102bcdc0c1f3cf6cba5405b206b5998d53,sophisticated,79,13560.734383000003
0x51c0443036d4edae6368391d6df4be10be240305,active_retail,251,-241.29412800000006
0xbed8616e0b6bd2def3c6bd3e902d60111cf74788,sophisticated,260,-3564.4366059999998
0xba42739c53d076da003b8e1be4e93d62144cb46b,sophisticated,78,4739.427125000001
0x88ad6170a0017d37832ea460acb368133a329e5f,bot,190,-102.72210699999991
0xaf2eb1b3117ecac535560122068127fb30b352bc,active_retail,25,2191.296995
0xd6a8179ee9b1b840fcc65b2a5a9322097059e870,active_retail,50,1656.4
0xd4e0722ff8005882ec2f7de94340f5d4be4c3eab,sophisticated,97,105.38070399999975
0xcbd3049cceb883918f7e767d8bd6160b3bbf68d5,active_retail,75,3158.301506
0xb462de6a29acba3ad6861817d3f04cfe2d53e666,active_retail,92,-105.48918600000013
0x89e45b17ba0fb153ced930a9ac88d6ca717e5b4a,active_retail,97,720.9168530000002
0x52da6d70349de626a9bd8a44fa2f88d2d00a9e21,active_retail,27,-0.2904900000000278
0xc048111a19126644aec7ddab0527d6a2de5af2b3,active_retail,54,4049.9817240000007
0x255e735da083ae38318d29f7f5b0d0026d612590,active_retail,30,23.882600999999998
0xa704d19ce2537f8fab21d143e0f246b833a7b22e,active_retail,18,10078.342799999999
0x38973f5b3abbbcbed16ee15c2baa5a3f16b843ab,bot,5299,121566.66896199984
0xed364939b4685aeaed6b0740ddceea76ea96c571,active_retail,40,-189.82483800000014
0x2ae65ae12c5c4cdf48fff4073039f00d639da388,active_retail,57,38.6864
0x7fa8fab2d794da3718c1c6aa9d0b63ac1f6cc6c6,active_retail,98,444.1754810000001
0xdb9d11ac5e7e363b61c74ce43127fc6db4b8c3ee,bot,1792,845.2457469999991
0xf5db7c6d42bd9a0b7733fdfe4157cc21fa862d09,active_retail,44,9.094314000000042
0xc46f8109ece598f36e512d2310cc0b401e25c197,active_retail,43,-343.23004299999997
0x119bca669aa2381bf70f54338d8fe6b9ae7fcd9f,active_retail,46,2.1291229999995154
0x4b470995facce07a9e6f4429bd846e2b917de75f,active_retail,29,3087.62
0xc1407774b648d7c599e9766154412d90368859e0,sophisticated,354,-26026.27490000001
0x51b2bf39e8712a7c57a3167b473e632f41b40711,sophisticated,116,-40.69210099999981
0x718ceb245bb1dc7129f998a8922cd4f0a32fef46,active_retail,37,195.54560800000002
0x1c76a79f57a9e9f11416332d55039a18fea5d109,active_retail,35,612.486
0x60de35f5cf8603bd2a360a7ded1b8d6a1a9bc600,active_retail,12,1124.0939950000002
0xf2cae58953c73cb722ba70ab694d3779b6e4b467,sophisticated,209,6924.492501
0x0d8155dc234a38a748125d898289b8d77e7e3610,active_retail,448,-372.3743970000004
0xabf6093321962c757aa3c89da36e61390f47e5aa,active_retail,111,88.1143
0x5fdfb3211a08f41ee5444a298400043a927d4bd7,active_retail,27,222.88239700000008
0x5a8223b94f99134df0d853cdeae15ba4e8d1206a,sophisticated,106,10970.264182000003
0xa114df303c7e0dd1f661f95bb1f901ea197255b7,active_retail,148,899.1006799999996
0xd31b8b50c3991772d66250bff84f8287298c63a9,active_retail,25,75.660788
0x1a69faa70ded94cd82dc747ed26cea3c511789f2,active_retail,36,1986.5629700000004
0x2fe2891ccff8717cc9d43e6d2922c6d565edc538,active_retail,250,-70.59795799999301
0xd712c17a18314e9df26fef9bc68e9f3557cce7ae,active_retail,44,997.8799999999999
0x0902d91b6b3706922dfd9dc20c9fe5a5e2656cfb,active_retail,92,11.906219000000817
0xb6cb31187713fe64238e1c4ed9d1f8f6257c7b9b,bot,636,-4778.410561
0xa9a4d50837c9e05a0f17e1f0e745a56d4ee70830,active_retail,24,765.9494919999997
0x01871582f5d144667cc974da6722bef0f0405823,sophisticated,57,-1242.3109290000004
0xd3508a725f9b62a2bd1a419eb8d40d76571006a8,bot,76,-501.89999999999986
0x576774748c395fc6eb7a3cf5e5e349b659476962,sophisticated,102,-3475.7776599999993
0xe7466523658e3ea916c0dba554728d90c6479b29,active_retail,163,-535.7084739999999
0x7b6ddbf42975dd182aefe37a5feb7873353e88f2,sophisticated,113,2487.5202839999993
0xca64de797135fbbeec7630214f18e1d083e19d06,active_retail,21,2169.438496999999
0x81807069edc3edd700e83550e307b55a3f658b3f,active_retail,41,2.3480410000000855
0x33f9db9c3d43460665d8b6c171017726d636dcbf,active_retail,29,111.12404899999981
0x55ee0119373fe96405171a859e40df6b6e3f626d,active_retail,30,30.492008
0x45b14e630777030fc02bbbba722206b18dc3aa50,active_retail,25,18.349999999999998
0x99708356b5dea687f6638732db1c0e7344e314fa,active_retail,32,11875.0
0x44e6933cd200cb62d8b972095e4d3c4e7c3d2586,active_retail,55,40.39
0xf1d4ac017893385ccd7544b3c0acb1baf237cdcb,active_retail,30,35.949999999999996
0x45a95c43a77912e0297b9c40dd4b450e97c0868b,sophisticated,128,-5729.584128000001
0x05bf8af9ad9e7d06ee56fa43c5f451eea994fc7b,sophisticated,97,-1999.5850939999996
0x1209f5dd075d3120461968ceb65006d195692d89,active_retail,40,-13.528040999999936
0x7ad54d43e71ec8fbe5d6881b177b723e62602235,active_retail,65,-21.88640199999898
0x9d19a606019d463ab3b9c05916457053cc3a59e2,active_retail,28,20.0103500000002
0x1a5c38192e400e56af80fd00cbbf6f3841b0db03,active_retail,37,-14.05550199999993
0x5f93faa061dc12771c360b412de49c5b916ddca1,active_retail,24,21.949999999999996
0xee72cc141c1585c48cda1d4fc18ba54f8f775443,active_retail,18,650.0
0x21232eeba7cfa6baf16d16e61c609dfaa5651a14,active_retail,13,82.5
0x9116328f4bf11a6e49a640066a0f9a32a6d4796b,active_retail,13,6112.5
0x85abaaf67987390cb39094c6599af30ff56861ac,bot,1579,2291.7602000000015
0xa65562ccf186699ebd23f1e886849e951142646f,active_retail,19,194.40574300000003
0x0414dc15826256f8c504c52913afba395a469302,sophisticated,61,33391.861384
0x579585edfd0f50dae41d3b045504b3da8c91db44,active_retail,85,1602.1914050000003
0x82fd58288342bfd257ec370e36f0e6a4b375222d,active_retail,49,94.33770700000014
0xa9faa76d20780fce9ae1d39fc6d10e90024d0c91,active_retail,38,1520.5250439999998
0x7247f57d0eefdcb185517dbd69f40fbc7f5706c1,active_retail,23,2483.909068
0x0d3e4cc28a40d9518caa1157ab252ca4a4065585,active_retail,76,558.854653
0xcdfc9f439df5979251d5ce8075dd514f90b698d4,sophisticated,44,8367.604108
0x38f7be4a53d0b8ce203519fe5ec1c06fbb42bd30,sophisticated,42,21339.629172
0xd9a21d3bf0299c8c5d4edb29122ee177481f2b50,sophisticated,48,-6694.665341
0x4547e05e8a29c8bed35d37133e78eb949709a50d,active_retail,43,42.348515000000006
0x65689999933c2608f446c5ec527af19a00ac3564,sophisticated,93,-4.900000000000091
0x9ea8b3d039a3377e0647fdbc0fef73c1d7aa66c8,bot,757,-14.360149999999901
0x9d49374e11c178c89d54e3f29f7f173d844ae50e,active_retail,48,-1.751987000000554
0x6a5e991a877c9c3647b4b47c5b2c637e0e01c8c1,sophisticated,66,-876.2272479999992
0xfea2705a14cc399fd52cff764938f2dc37602220,active_retail,103,5.4018479999995535
0x89bf05103e829a1dccefa64a8c2e40601fee65c1,bot,1841,3107.3297499999976
0x15149f80317e4b9b11bbb3fb0877ea357aab9e05,active_retail,138,1242.362910000002
0x2cbec1b4bdb56026f54effdbd2b6e3c2af5de0f4,active_retail,26,-121.55792399999999
0x51d0f35aa0832263adb7062487487d42e4fb1620,active_retail,40,10376.157797
0x62f1f10207a34d40d8b8c7496d2fbd12f76e09aa,active_retail,147,112.615578
0x01ad002f889b12380443eb567a4a2352811564fe,sophisticated,111,-442.11374
0x3e995c2ee18d53e5c5a7821a68406cb5e0fc8da0,active_retail,104,99.32118700000002
0x194fb2b5d20da28cb12493db05446ad8fa1fb200,sophisticated,72,1434.67079
0x994ea342ca66cbac7cebf2caca7eb4fa2ddd3e31,bot,203,-7077.760751999992
0xcbb65e04f7b27f28da8964dd0581d40c5af0cc94,active_retail,50,-7188.5
0xcc20c93e43c59c772172ce8141cf69642190b9a8,active_retail,97,-133.34050400000038
0xc9cadc794f22127a73c57d707958a831204b269f,bot,1525,2329.8647800000017
0x30e23d16748ae36276f903a7662528751a959df8,sophisticated,145,17.40895900000245
0x2c7180eb793f13881bbc6d089375d8e4ac1314ee,active_retail,100,-76.284606
0x368df1159b94749f20bcce5a6055480570991e6c,active_retail,15,33.44283600000017
0x12e4035ef35ccc0d8c953a6bdb4bb100e06d133f,active_retail,44,5726.776577999999
0x62f8eaee020d695681634b7396972dde1906b0e7,active_retail,54,-15.795905999999805
0x1a5cc843822bbb8e8c4adf0ade82813ac6ca3a79,active_retail,31,-0.4250319999999306
0x3ff238ce63e7d715d00b669d34df35c23e1cfa57,active_retail,91,1130.6695659999998
0x30872182e8e43bcd044df2757fd612afbeac3feb,bot,1346,-266.68244500000014
0x95f1a00cee0d11d32c2637728fba03c05bc2953c,sophisticated,333,-16677.667317000014
0x8f0a8583300ee8f328062fc62e8fe6253e025695,active_retail,90,-12.447684999998273
0xa54a2b1ae32806c22a55ef4030b88f90561f4730,active_retail,25,4.293794999999591
0x33461543ae491c55e762cfd7cf94e4411956353b,active_retail,33,489.564761
0x90d557169d24bc3b5ca96dab94ab7cb8adea7a88,active_retail,60,-7.326076999999543
0xbf6f0caf8254e617e7b15688b8f78ef6f3413479,active_retail,17,1923.97
0x6da780e9e0c4aca3e4a6592b17060ca332c4f514,active_retail,112,5.036850999999963
0x737e2aa7273970cd8c76e37fb322d5bf50b46c99,sophisticated,46,-8421.820413
0xc466189b952fa85fef9c48b4ec99d43aecdddd19,active_retail,31,-20.87831799999899
0xcc44e61c3c0af251969d9a40caf0d0ee06265309,active_retail,111,1816.4028500000004
0x1c3e24224559bf9cc0f8b895a305f2f30372176d,bot,73,924.5558990000003
0x336a881c55f36b27a78c3a8272c5444279dc1967,active_retail,49,-2149.5395249999997
0xc82930679488459e672efc541ad61cc667095c80,active_retail,26,3476.0230900000006
0x499d2f61bf5c0067170896c37071a285a13a2dc1,active_retail,54,-648.7090519999999
0xdf3a705458645e4c1ff0ae2edaf67d42dc4fa474,active_retail,39,91.33769899999993
0xd6549cbd0ef92a3fefd271b8e6036742632db50d,active_retail,42,-947.571299
0x6c5d1891b88bea0439d9de2704ccf50683c12130,active_retail,106,1042.027437
0xec7f356aeb5b200e4d4a7f2c1bb8a97f01d61b4e,active_retail,25,137.764388
0xadd54b2ace8db94a178aa464d54843405e8aac0c,active_retail,53,1796.2198010000002
0x1d770d283364d4e234f85e269be2c57f7dae468a,bot,1540,2591.125480000001
0xd311bb98639ac9318853e4d1d802ece7b03ecc81,sophisticated,31,4738.975390999999
0x536d11df3ce0f9c788f81db6be7b1de5ec37f68e,active_retail,28,7.167386000000079
0xa23b6b4d7b74192c17de07f5195d72e3d4583e1e,active_retail,59,201.165001
0xaba9685661f38e50ff226e8e761eaab8d9b13739,active_retail,334,30345.847151
0x4e5b5d979ec5fa6b33c56e0d023c4f2e629878c4,sophisticated,55,-6427.096904999997
0x840a752c7bffeb65ec3ad9904ed57a849141d481,active_retail,120,335.0715039999996
0xcefbd7cb08b77d963036e76d6bd3a861a20be0a5,active_retail,66,12.190612000000188
0xc52397b7e24c436894dd66c1602091f5c8ed0db2,sophisticated,46,15120.198269999995
0x0eb1217d26e466b5a9263b400767a715864fd184,bot,106,3.017795000000433
0x2bc6f365f699d0b7ac77472f7fceef9a754e4c1a,bot,2786,9587.903666
0xe8bd6d74160d95c75ca348c8fc4ccf4c4c504029,active_retail,59,5873.756662000001
0xc240049eeffcfb57793bcebf7b0ce6232cb7fc49,active_retail,159,-102.35374200000263
0x23a6e36f7351efe565a4a0db60eb9588c8ab05ab,active_retail,160,-33093.98993499999
0x2ad6c49a4254d7e55e9c13747b9d16547d4f2278,active_retail,45,14.326955
0x9a459c9a85301cdf9a34a096910438df274718e9,active_retail,49,29.010002000000007
0x646a53e42c1dac6955dca4895c264fe836637871,active_retail,67,-5547.500000000001
0x29335e3ce0a17467b402487a7166b094ef3ba3f5,active_retail,31,-1330.2427189999994
0x88575d7bfe43aba8e6352d5e78da90ac34fd756e,sophisticated,209,-32.778009000000196
0x019156bfb94325080e690cba5db0165ccb59dafb,active_retail,38,0.0
0x31376ec3898447399ff78bbec847273f3b465e0d,active_retail,221,38255.065578999995
0x7b9e00836875dd68970dbd1a3631006dcbb2e45a,sophisticated,500,549.9111719999996
0x3a08c3babe02893ca71a1305d2529fd066f1bbc7,active_retail,62,0.12609899999990082
0x19b7853129fd0184a30e86878bd525e7731b5d67,bot,3012,-3800.7539480000005
0xaf499a656c1e899b5c8bc26e382eaf2b707fe7f4,sophisticated,201,3048.908808
0x729ba6e51b8cc4fa34f53309b8f74e507e887e25,active_retail,12,262.105088
0xd74d632d7cf7fa4db4e0359609b7afe2bc9e99d5,active_retail,20,-2395.975628000002
0x6f16b172d22473f6a8df4f8523ba5a3db921b561,sophisticated,469,-1603.103107000001
0x388aca46ad99a5fcfee7a07a31a252be0a0cdbdc,sophisticated,79,145.96629499999995
0x2f20fd84df1899664cf6bf7f78b4f532156a7d16,active_retail,54,-591.8791330000004
0xd5341e4b594a386452644b4e0fb5b6d8b621eb56,active_retail,37,76.70517400000007
0x86759ba4ab661a964abc7860a18dc28639ad2a66,bot,527,16.549526999998104
0x8be42e2b06468dfbcebead5efb9a860728732b25,active_retail,157,-31.612978000000908
0xbc5b7dc5b43d32c4f97260a492a02a1a9522e5d5,active_retail,130,241.26644
0xb51955c83e66ef470c86785e90840f0dcd80addf,active_retail,223,133.2056670000001
0xd8dd727eaf506d0a844e72d1001572daf2e0ddbc,sophisticated,321,-339.014294
0xcb441dc48bc804277bda2b07b1461c103178e977,sophisticated,98,-145.28921400000098
0x08c126ef6b86f9c818347b774c84af47c052d79c,active_retail,39,-0.8481600000004619
0x4aa2677779d980ae7b350cc949bc0b5106310708,active_retail,17,11.066065000000009
0x55f35253852930ef05a1a3f8dcd0007f6b0acada,bot,1293,15760.776180999997
0xa8d58acd1906e8bda5f2bc9fd0a6b6d58a9bf618,active_retail,31,699.35
0x7229ee4aca40db1cac3fb12f426eb5c78a7f0764,active_retail,79,-151.98768700000005
0x742d9ea6baa73d1e8bdcd1b12e42f2a2de45884d,active_retail,25,593.085567
0xb2cc6984f53474048eac506c77b9234cb6dedaaf,sophisticated,75,-2435.645813
0xe9518562f29d942da5a8d01a23ac4d31a1738df2,active_retail,34,3503.734067
0xf6c0f064a59cbd95a6f474c24ef5ff7301fdef9c,active_retail,27,741.2731719999999
0xc00c7637c493eedd6915b7f35e83698eafde16c2,active_retail,38,895.675315
0xa232c8d78c216f91443809d25c1ac391d362578f,active_retail,62,-8.915313999999801
0x957602e7cb7431f9ee02c408b776351e0f0ce50e,active_retail,159,29.8464340000005
0x11c3e9beaa29478ff2c71c2d912e6838581f5f4a,active_retail,34,2355.861299
0xe363fb9cad8c6f6289247f4c18f4b62dfeae5a2d,active_retail,71,-3.7416039999996045
0xda2e0aa2b7c440eca1571c2f0d53e7bf7d3de347,active_retail,312,-48.6302089999989
0x7a528905e1fd66016639aef73bdae6cfc51e50bd,active_retail,31,500.020202
0xb36cc36909420054d9e3d7219905ce55086acc54,active_retail,31,46.23143
0xf80acb3dabee2a827a42c81b5dd93e4b83863401,active_retail,30,41.31098000000002
0x71dfcef6fb9e2b9f1d77aea6237b68678d47165e,active_retail,31,147.0
0xab59ea5a84ae34ae58c9ef6258d8552a127b668a,sophisticated,122,5010.882223999999
0xf4cd1280e3c711d53221bac0192907c1ac6f6533,active_retail,40,28.402594
0xd3c1c33443ece9e23c20d9df5e47a1d431e13fa2,active_retail,29,13.575
0x4899c3c21209a67b1b87a99cffaf09f0c2be7de8,active_retail,31,30.169396000000145
0x39b58a947b675bb6d0edce7dc6100c87ad391cfa,active_retail,36,29.33330100000005
0x3260a412e25cc3c6f52d3fa28e0ac7bc79f5739d,active_retail,47,17033.5
0x559376719ecfc69d608a485c15af40a4878f2327,active_retail,43,10499.5
0x4ce4797ddabc0196536b82b2bbd046b6596a027d,active_retail,36,12.918301000000028
0xd3bc8fe6835510ff0872e0780797614c04d6fb68,active_retail,69,6821.390000000001
0x5f071b24f6ffeb34638c07926b13ce45e97b0896,active_retail,46,584.0
0x1546c78f8871229dac379a8081a9d788cc8517da,sophisticated,61,6065.292354
0xbbe487501918ebd43c527da719c4739d06f6f727,sophisticated,65,7125.238655999999
0x91610e79fee511cd49a15e11b53dd13a5345bdac,active_retail,33,27.549482000000047
0xa5cc5e916c61da45d043629b76e22a5d3170d216,sophisticated,43,3865.543987
0xa79f831e7667437cc1ab5338cbfce8b35f3eaf81,active_retail,10,985.494294
0x5032bf641d0b91c6a6c00ea4927112dd56f7c7e5,bot,17598,479.799635000006
0x347173cc53bce13a9836df6e28a1fa3756eedc10,active_retail,88,-14.693465999999649
0xb11a701dbf1276609a459aee8e8c2dddc7987ad3,active_retail,37,281.102949
0xea4306ccbfc5640d0c93fda8d7ffd25560383d47,active_retail,42,69.75294900000006
0x1b00a52ba8e915bb958a6953024dd66e355f5f5b,active_retail,43,-3.4166480000000337
0x680e75fa1e516a0e8e003ea98e7006b655ba8aa8,active_retail,33,-35.88441900000089
0x146b19030ee46e4536eae04ccfcf45406693aef2,active_retail,40,-1084.5151019999987
0xf216f6461448e6d534c5d22dd8de995a672a2ede,active_retail,24,-0.005874999999883279
0x712a0b459b40a41d8f74f86490e23499576a7588,active_retail,147,35.12599500000536
0x7123f78f252e13bce2d97d6eb7ea83478772b463,sophisticated,103,5.79705700000072
0x54ba7686f4df967176d09722d3c8b396bdbd1f9b,active_retail,17,31200.113066999987
0xeecf39fa9d517d9921e96bf6f5a96440422757ef,bot,388,-350.6587509999997
0x692904237d8ab753f91b6367a305296460e9fd4d,active_retail,213,0.11674800000040159
0x2f99f8b4dd5bd46045ff421d65ef0a734ebc9546,active_retail,33,830.2839739999998
0x67b82b966257c196fdda2da88f31597526ed4ee4,active_retail,77,-65.61208000000056
0x56a44b0650fe64116e8973f70918c4aa19945794,active_retail,17,2789.129503
0x5b93fded8c76f9c2a80028ef14844ab4f2079848,sophisticated,187,-6985.294021
0x93db43f6d1c611e0fec0341f861e70ff66e6e431,active_retail,626,134.80128899999974
0xe005ab43e9a1b8385d9f81aaf391afb7901dbf55,active_retail,97,20.307077999999684
0x5c3bd46f79d6ebb9cf645ba81a2538a00e8f5f76,sophisticated,71,10.01635000000064
0x5a01489e03be5a9698ecf865530febb4c9b05aaa,active_retail,27,690.0528550000002
0x59a0a2621c745d837667d39a24d1234431b2ee82,sophisticated,90,1490.6743169999993
0xedea5e027812999c80e00c822545f022eeb28b39,sophisticated,282,-10199.805772
0xf78f5c1ce9799f3308230937312e7396a1f705cf,active_retail,68,309.55354
0x921ebddc71230ca40eae80b2fa53b8ded749fdaf,active_retail,177,-3.0227779999998923
0xdc6376fbd799e9f328bb1843ad55b7917fc5f8bf,bot,118,5081.710076
0xa522c52b650e24ad238d983524d553e431b59bdc,sophisticated,38,1565.2848290000002
0x7ba9bd2aa74605bb43deea6eb6119cbf7a8b3bda,sophisticated,118,-1580.6025239999983
0x03fe6f2fe3709eca9e1993d944ea3d30ac6dc2d6,active_retail,111,-5978.762156999994
0xddef617b82416023bc01aa5b78c4c96cec038bc9,active_retail,27,1117.6838980000002
0x448fbd9fef0fdb1146de1b325a098862ed89f063,sophisticated,51,-4444.001002999999
0x19e37839dd6ee655343b069fb2ca1d4f123688a3,bot,151,1491.4205000000002
0x3a80988409f77246db5cb101838c6688484468cd,active_retail,22,-2.2890789999999015
0x6a791090f0fb2f070671a307c16ec5f1ccd35441,active_retail,31,105.02302000000014
0xdacdfda0f3d439cde634208c64194879e9834e4f,active_retail,32,-1.7383950000000254
0xcee53a68bd515d633007a31158a90b1754bcae25,active_retail,88,-829.0289539999999
0x98bd20ffb1212410271786c6fa1b4a661a0187e7,active_retail,16,4972.0
0x9ec2114a322e7631e9dcfc0202247bb52dcb93df,active_retail,24,15.050000000000002
0xcf175dc4909c59b612702a21f8f4f2eff9c27795,sophisticated,33,7861.544701
0xd8ca064347edbb9203e2efa44c77665aae63c894,active_retail,30,20.61574600000006
0x2548f02a8f9c027467b4ccadb26e3bfbdc1ceb73,active_retail,27,29.965000000000003
0x02970de3bf04471c881351301d0c7db98143c6c0,active_retail,45,73.178493
0x80ef1d70c4955893875a47f5a0434832d1ebf6ea,active_retail,36,56.035
0xd05942b1ae1a81ecc67b73ef38e1baa5bec59565,sophisticated,36,5795.90659
0xc8b8fadbe2dd560d5b62a557fcd0ab6572a73d61,active_retail,38,18.026308000000085
0x53a9b7db9776878c9cf325aad903b601b085f177,sophisticated,46,2821.4999999999995
0x6f4b889253965599da89366c69eb0600679fb82a,active_retail,27,28.5
0x3bbf699d871e4c2a3a54a5781d00f804fa721fb7,active_retail,17,64448.000001
0xe6d5a216c24fd7b1c3d4670df918d488efc34b30,active_retail,22,29.912231
0xe2e892d8ccb3201813ab55360658219c603ddd27,active_retail,30,45.285
0x7bc6e0c0f104da0d1dc6071bd2939f1b56ce88ce,active_retail,68,1442.7279800000006
0x28270294044b911100db335e4c1ab4898955240a,sophisticated,63,-91.0084740000002
0x7ce62b66abad9060c66b78b0dbbd71279abea2c0,bot,51,-30.700021000000007
0xd5b2ac010d2452c6497ae7eebacca60c7112e006,bot,543,73194.175626
0x97b6dbdc1e7871827126cac5d5d1e406c32e02c7,sophisticated,353,-3407.0441970000015
0x618266bbadcd394aa32bda991063e87f8f5f788e,sophisticated,698,379.3239330000042
0x5a9f25d3bb20bc77e9fcf60037816be5e891e7b3,active_retail,184,392.988459
0xd9ded2606371305f8371b661a6cf0586c594ab3e,active_retail,42,656.445187
0x8ac787634d1c61d682c355ee73badeec9e1362dd,sophisticated,115,74.0468879999994
0x1414bd067daef74cce35cccffef572d4f4b2454d,active_retail,78,5694.111469999998
0xa6bb6ca514eb62df12e1010f2e1a09ce38051e1d,active_retail,18,4972.29
0xb4d56117c949665296e26936173215ca7983ed08,active_retail,40,-8.512999999999836
0x3aad210b9a45ff1c6c8bc882e0cb16c9a9cc204d,sophisticated,197,1026.5846199999996
0x548723b7c50d2550bdd91519a281803fd6222669,active_retail,37,18.5299999999999
0x16142c24d9cece5af522f5376560f7019ba8e451,active_retail,82,410.555
0x029fe6de6484215f9c73306894cf8cafea1e3f31,active_retail,54,30.152246000000027
0x564f965ede9d085a3b763509c407ccd5cf18f2ee,active_retail,27,25.150000000000006
0x0ad126c6530671712c812504fe78609f90c81af1,sophisticated,59,-2578.953974
0x0256b4bfe658a4e04684a160ef6ca9cf0d611f36,active_retail,33,23.53830100000009
0x2bb97fcf4bef8aedc82c5227ca7b4c2d885e61d6,active_retail,36,47.275099999999995
0x8453a21f576baace3e4e9a7dff77f0e860a3e0f0,sophisticated,34,4670.6394009999985
0xde71fdb757d748578fb9f250f459895cde323e42,active_retail,31,21.341733000000033
0xf7eebca2796731dbb3dfc048b7d24814d4bbff2d,active_retail,52,1.5083010000000954
0xab225456fa69584ee6df34b4f977e804ff9f284a,active_retail,135,1838.1962330000001
0xc52f1b47bf14d49c081bda4fbacbd72593cd6e33,sophisticated,114,5094.5771859999995
0x9d3a2c656c75cca56a35e88abfbe740ecf0cf369,sophisticated,52,9685.849999999999
0xf08fcacb32365cab81f9eceea982fef26694cf50,active_retail,50,1260.0
0x9103d214a15bfe7586a7e0343a2351433fde32d8,active_retail,24,98.0
0x0a9e3dd1a64c2c477a516e9d3dd253c26e8b5668,sophisticated,39,25270.044364
0xa61462ddd0a6cb93ccd45372f907d898484a0797,active_retail,46,28.005948999999855
0x228ea19dea67cb23783414063d085045092a9831,active_retail,117,1490.434992
0x52cf9910d6c620263f2fd169718b2c7140978ae8,active_retail,42,-173.04529699999992
0xd2bcaf662bafc5a43201d0004b99127faf7a6350,active_retail,75,268.17737399999993
0xde7107970339eb016c6c2a4916b3b60a850712d2,sophisticated,142,-5017.557532000002
0xcf6b1b7880298e077ad4d47c2de7fd193eac6348,sophisticated,71,9376.659635000002
0x3bf3ed9339ebdcb2a7d28c96a697415c53e12912,sophisticated,68,-4549.7061699999995
0xb5a60190020301aedfa6d0ebfeaa987d5f4235bf,active_retail,52,2784.796342
0xab4ce658a0b6521f056cec3019e17718459236e1,active_retail,40,-8.150306999999941
0x9e98755ef10f168ed213b92f6d7a109335a3ee81,active_retail,39,775.373998
0x2d0312647266c3730ec0fe16c40742b14c4c86b8,active_retail,104,796.4128719999997
0xf33ed2dec044419dfbf30109a0264af875b687bd,bot,1683,2032.1986700000016
0x0bc924cf020e5c649624693654f484468693014c,active_retail,26,12635.36207
0x443b2bda9e917afa7440e46ff33fdda7ddfb81d6,active_retail,38,258.08039699999995
0xfb818fa754071d9a53ef3eb7195ad96732afb019,active_retail,14,344.40000000000003
0x946ad95d37363b965d8aeb7a229fb83087d818e1,active_retail,55,247.113334
0x3e90f79f660766634178944982cbf9c5b9038df1,active_retail,203,-11.589382999999088
0xcc6ae06881fdbef7ced2a57ef894f942abde3b65,active_retail,86,2.313535999999984
0x0a731cf1caa5ca696be06ab3739a82322726bbad,bot,2017,1085.7999659999987
0x4f4a3d3fb69e447aadafbb2e56e930f18f20c237,active_retail,91,-11.530049999999612
0x6b7de5ac233f80f6b8e8aeb75b94960d574af776,bot,1134,-4102.1179020000045
0x8e88e1ec83fa450ac03efef8347ab1bad6ac0670,bot,1372,16313.755093999998
0x830acd061b1331499201a66b372a663874f644c8,active_retail,680,28438.27100500002
0xc467e3d52c45ea5f47e3b340ef9ee27dbf83ee96,active_retail,100,10.648052999998686
0xd5bd98ed60d78b6452b3abcbf4422349b55969fa,sophisticated,109,-1737.694770999999
0x598508d5eec307e6fc1193c835c72a95c44b9cfa,active_retail,46,0.8057579999995141
0x4481f300b79f8bcaa876f4f14b36741bac9e155d,bot,4769,2283.9550019999992
0xd79ce2618c23b11428e813719a02412cde46b510,sophisticated,260,3250.193862
0x8104920cb0ac7426251618ac3993c72718e6ee0a,active_retail,67,-7.694351000000012
0x7bb9e11ad3505caea4b7cbcc4853131bb7476610,active_retail,140,210.5095599999986
0xab44d13609e371b1aba83bdf65898214e9b6a5b9,bot,2028,8.930682000000814
0xc9f0bac6761f1cf65cc1006167b7cacccf6788fe,sophisticated,56,16808.179711
0x1528a85174ac4f2f702fb4fb433746b6da57fe34,active_retail,243,25646.348049999997
0xc36ff11da0ccaa3bb3deeb4324459702bfaf9ab5,active_retail,46,-1712.0457889999998
0xb45ef961af6b6e1676c886a7104e930998cdc511,active_retail,95,12.420050000000375
0xd30de6ac89de46edc672daabe455cfceadde5da5,active_retail,35,183.7090900000003
0x02b1568bf58e4c84082df5f5560a9d96b2692611,active_retail,64,382.8826830000001
0xa58636d7f31dc48c3027adfc625589adde5b98b7,active_retail,90,546.7501510000003
0xe7350dbe110f67d5f6b8f0236733d287205b214c,active_retail,127,-578.6150849999993
0xf2088e4640717f100c76f63c64033a06042ec250,active_retail,65,-52.75390300000131
0xf95940eba550c6ef1b5e53e99b1c64d5ef8582cc,active_retail,128,-116.25364099999956
0x3df6ef4e89a250734a1b8a73032c9307ddba84a7,active_retail,20,1185.3293960000005
0x3f59c8c0ff0f1077ea5d7b2414cf46e8b97515e1,sophisticated,60,5017.657569
0xa423c040af499883910bbd439f731b78db9423bd,active_retail,26,6254.995593000001
0xa64d5468da97e70f4423ba797771cac0a3d40f9f,active_retail,30,1234.7209639999999
0xcb6b9ee55cb3e71db3e18a837907d1391eb4a565,active_retail,61,1876.050002
0x4eff6894a9517589b4c6ae31b790034787ad75a1,active_retail,77,7702.134953
0xff229db8894c6fdd0d7c5ea7d1b6f95c79094b18,bot,214,-1191.4379820000004
0x6c9eb55897fe77cfa07097376547ed9c84390b92,sophisticated,81,6970.419674000001
0x965ca389c26edd48ee50e154cc7c1fac87d8ffd2,active_retail,43,0.5169040000007128
0x9a7e53dd718fa46671e63fdaa138582b908060ec,active_retail,30,543.713906
0xbc296b625eb16033b3fcd4d6b21032dbbe75af56,active_retail,123,8358.954975999999
0x5dae7012cdbcd481f1c5fc05c0b41c1d3a6edeab,active_retail,54,65.66112000000001
0x42ef98721b9fdeff5406307ce9cd2e303155d9f6,active_retail,47,-157.27831399999994
0xe4a764275649853e780d32a2b15697b37c1d2461,active_retail,13,11.980494999999973
0x6d26b79705d732726a5ed3b660b4fe237cca33e9,active_retail,34,-158.76
0x01bbb4d028518a97cbbd18a4c174d8b30ff907ce,active_retail,363,-241.95326100000284
0x4d8a9771fd62c569451cf3b754ddd9c3aced3234,sophisticated,142,697.0000000000002
0xadf7fe359a05b4f760da3383cdf6bc117834d00a,active_retail,19,43.96281
0xbbf035fa291c6aaf1adff22d906d6e9dc48e28c0,bot,109,3153.4414020000004
0x77ea8d6ca9f1bd9ce4e11c106acaac3ed7efb6b5,active_retail,296,-260.8832850000004
0x9882f7fc4f721a6a5c90218692acbfe190c6ec1a,bot,206,17806.557098000063
0x6e82c324b4d634a639073953ec2ed34089384d9e,active_retail,58,-316.09082
0xa8079b81aa8780757a2bc5bbdb12aae8adad973d,active_retail,56,2696.831992
0x65795afe45326fc2af69f4bd1a00611332d1c910,active_retail,14,-111.81710999999999
0x43436584471936f3c00c8ecb3d4723c8c423e03a,active_retail,25,2770.76
0x57a8006a5678ab34920130d522b3840934283404,active_retail,61,-13.213306999999816
0x39b10dc99997ebcf88c3775e10ad96fc05fd9124,bot,914,-5372.3532589999995
0x9f6e597f35656278c010f9aace4ced2d98d7ce05,active_retail,91,222.57589899999994
0x84096a912382c6cffcfaf235b4c7fa1161efd5cd,active_retail,153,23041.72962
0xd199709b1e8cc374cf1d6100f074f15fc04ea5f2,active_retail,125,11835.127312
0x9ef3363646c02207a301ce1045b4a9fece87d9b9,sophisticated,58,8960.508349
0x677080984adf9ecc147e9f1fe93fc3cd19d7c1e9,sophisticated,73,-4111.124229
0xb500da233a302d3ce2b868f5cff2dbca95a49972,active_retail,38,27.0192220000001
0x4c74e0aa58aee3dbef192c5808bb458db00dcfa6,active_retail,21,75.00000000000001
0x457436dd802334de58533829a62c72548598a30e,active_retail,46,73.80274400000002
0x1d8e4e315b213c49a221ea7868fd984a22e94f3b,active_retail,84,-14.012232999998394
0xf7a74f2cd692fd95ba93f8e9fcd1ae1cc7785b8e,sophisticated,47,1500.65
0xbd20e5d7ec59f35af0f0a129ac2cb31efd2db2a1,sophisticated,50,-6046.531878000001
0x7ee35dbb065ce516150022a38f5a9138861f0d5a,active_retail,65,19.325359000000006
0x313a4287a78a7f1cb4f5906135fa644ff9284094,sophisticated,239,3995.1923040000006
0xed3460f72aeb9cc661799f6cd4faff329323786e,active_retail,20,-63.292412
0x2a9a981c3a4be07d068b517dbd06d863ddab10ff,active_retail,117,-1.1781160000000312
0xb08fb77481c346cd8e065777e08493db75be576a,active_retail,19,-0.01641099999983453
0xf02e07b4f38d8c0845bdc8d93d41b33bad43d908,active_retail,43,451.60476199999994
0x73b32bc25e73b04384e3826322802af182e5dfba,active_retail,25,310.92821
0x7ddb651b0734137436350559f987589b7449238f,bot,3508,1506.7717799999969
0x150aa5ea3dc425bbb6dd57edaf23e450e687cc42,bot,1452,1940.2651200000023
0xd82d94a0f1df25f7fcd357ff5064bc359d918c12,active_retail,52,3016.6499999999996
0x8667fb0ca5f41e49378d0f2a5e2961850296025f,sophisticated,72,-8376.839334000002
0xa267d88d84a4019d68c2dbd8d27db8bfb43c0cda,bot,116,-3.5767029999994975
0x8244b9257b0fe151de85a418aa06da233a4911f4,active_retail,61,412.467924
0x255a358bc7a7d0d31d2eefc29fddd7354f2d12a2,active_retail,28,2323.6958360000003
0x49ee0c320c2a63f1de874aac834ff76d9a697afe,sophisticated,37,16930.687797
0x20bbc24205543856c671ea60762114188564f5a3,active_retail,171,-69.11264499999648
0x075f5a3743e59d0030c331eb9d059f535b9bf783,bot,10763,7927.90360499993
0xb0ecdd55944b6136a085689b849944443d12f873,active_retail,54,1.0052459999996106
0x6d640a8718f57c2730bbb67180ad45c570b7441d,active_retail,15,451.48621099999997
0x3b7b9f0879b5fc8cc422362060c14fb738dc8b06,active_retail,63,1041.795711
0xf1d5eb987c3b9c9236d92e6b342700f4b46e155a,bot,22165,23687.213468999715
0x3ecbbfa9787dc827252cf794c7f665c45687070f,sophisticated,371,-6957.083542999996
0x49995b2d9869088fe8e283aa764a2b7ba58eb68e,active_retail,30,368.8025869999999
0xc7b8087858ff531b978b111d3a2cc266df839807,active_retail,201,1.5941230000000912
0xc2af36c19c33ba6780669842a904b124c92f440b,active_retail,33,10.295747999999982
0x9d1b118450e8da7295eb80656b03bd57628cd87f,active_retail,93,142.09351000000004
0x0cfbb9cc39ffb8b15785b0520a403345e8fcc1bc,active_retail,88,-30.118640000000397
0xe512cf6a060e29ba708f5755747a6235698da0d3,bot,1009,613.5842090000002
0x070474d3b7e80f47316891293fafe4d902c8b990,sophisticated,261,-2165.9054780000006
0x976392babe1127199f6635e4aa8943d8b5fba292,sophisticated,190,5325.507485999999
0x78d906cbf7659679c7782974a6d5feee415af5b1,active_retail,90,1672.5511809999998
0x9366f77dfdf3c850fb7b1623b9c1b63fc3521f60,active_retail,25,5581.00511
0x87b5d5835bd0d94fb475ff6af435a7c19e5a712f,active_retail,58,-5.22847100000012
0xff52f3ca2ce5285a06d5e793af55324be0a24546,active_retail,22,335.34088499999996
0xf31022a5d1aae23f4655bd9a8cbabf258cf8780d,active_retail,56,-6.257663000000135
0xe7211bda7c59ee9299ef2cdf217d522d5d7c82f5,active_retail,43,4704.540556
0xe523330eeebefedb947e0e7343ee89c2d9b0ce4b,active_retail,50,-911.2566179999976
0xaab0ad42ed4b8ab13a2e11e529c4a77531964b82,active_retail,27,100.99562900000001
0xcbd4b207359de62fc1516402d398a117811e2810,active_retail,38,-712.1002530000005
0x2d031951059f59c43c40cb19d4a8c7cf98e4075d,active_retail,10,1904.0700000000002
0x09754607a1613f4b76649f7bd55600c25673a569,sophisticated,235,529.9737359999958
0xe31a0c3f3f59604db9f6e17b57623c8e0ba8c5a8,active_retail,28,-0.21319700000004282
0x44c589eca04739111c13be40ae8684ad28b8bb50,active_retail,123,12.288312999999714
0x32a23bd904ad975a4e2b3665a562bc808ad9e0fa,bot,458,1.9501999999999855
0xed7e3833f8f6e8b1ff42668872186d2077058003,sophisticated,467,-5212.359033999996
0x5baedd54264ddbed89da5057e979882752bab6b2,sophisticated,258,15531.182133000002
0x76706b11f00a474b57f25b1b43c66e28e9c35ca3,active_retail,203,-7.133648000000203
0xe4b1c994c747eb214270435a95aa0314761330d1,sophisticated,401,40923.44023
0x484c8521bb0a209f4561056cba910dc62b790c97,active_retail,186,10.646884999999864
0x9cab6c8ce423e51ed8f887ac722d787f5740f7c2,sophisticated,61,2045.9646660000003
0xd4edff4b3774ee04b154a679198735bdaf4172ad,active_retail,139,1005.8377820000002
0x5a5276e3de3c8d386702f617654668fe55166764,sophisticated,461,51.35702400000008
0x290dc2364d4dee08f6eeff3bde662ae8eb74503f,active_retail,97,-293.63128900000004
0x2fc166cafdab492400de07a385d280163c370144,sophisticated,155,3970.5540040000005
0x40d6281995876e803c6a4adae68f505c8f0580ef,active_retail,27,-286.6361240000001
0x15ad287f2664305e697456b348bec63faf560d50,active_retail,108,527.2514620000001
0x9a3c6655eb94909e78523b3993cda132c5eeebde,sophisticated,40,765.8476989999992
0x1cf570d836910ed778a58cb43190b16ced19ca6b,bot,1287,287.8576869999998
0x4fb0f4c6572d685d284a62d956c5c382756f0b63,active_retail,31,18.051226999999926
0x2c52690829294b6778fcd01dbb665baec6b6ed80,active_retail,159,-638.9741999999999
0x1dfbb679555b09b547c052767b0f8686e8de49fb,active_retail,49,-2297.398868
0xcbf8ecdda36318ac790ea7fae20f7be9468ab967,bot,83,1821.830849999996
0x53fb578b71cf26e7e31f57ddbd11b2cc32dbba30,active_retail,53,-1368.5674029999996
0x5127cb95f4269bc9ad089bbafe64ed656d136ae8,active_retail,24,-0.006732999999712774
0xe66d95b3755ee99af15a075f53e7cd7a4c8721a7,sophisticated,432,923.3181230000005
0x1e0c019955680f71be09a84b1cacd17bebd62544,active_retail,106,8.882788999999727
0x2fb685e227afbf77d6c3a3668722fc5aab0e1995,active_retail,41,10710.725205
0x4b21c63dfa6af5fb505d612516c1e93d485e26d5,active_retail,53,3247.094184
0x5806948f772bc3145202ef1bc2cfc22dfb2e5863,sophisticated,45,1529.8000000000002
0x90ac08ef0004306d6b8ab5a6943002302d424a3c,sophisticated,113,-711.6949659999998
0x367640fae2394651943bdc026118c639a6d031b6,bot,1891,4381.687720000001
0x43a804ddfd08e456e815c353510256463f8b73e0,sophisticated,279,1639.072823
0x4987121af8e3944352664bf6605cfe50ba13ccd7,active_retail,42,2012.8818929999998
0xfe9f8544dd8b2224a347cf956589682a7ffbab21,active_retail,37,-100.34500000000008
0xf4f718aada6c76b4b35713f61ef1eb60378dac2c,sophisticated,940,-70.59045100000046
0xe272c8254effc28eb12ef4700e3a50d2c8a53e8d,active_retail,67,-627.6581990000001
0x53bdb6845c1953081f07e965d6a15273b0cf5e61,active_retail,58,-737.0319140000004
0x5a578f6e134f1dc43634c3ef456bf699d0cec3f8,bot,3972,-16881.35005199999
0x2f190721aeda9a237398e5874052c7704483cba0,sophisticated,96,6771.081408000001
0xa18152bb67c87c6a6432749436f6e32a9bf26eb9,active_retail,201,194.03957899999986
0xfc8806a6caf986f12fcc63c6f3bc6ef39f32b7ee,sophisticated,155,80.53135700000004
0x009a1b9c9efa1deb0a71fb11cd30810b23a39ce1,active_retail,146,2656.0412759999995
0x9a115205f65c56edeaaac84501580fe198a5effa,bot,1603,-118.68388500000066
0x0c4ce1296ea75a7d9c10dfffba3591d792e0ae1b,active_retail,75,70.42889499999978
0xe5d760dc7627248daf3a8c247ac8d6244c3987c5,bot,907,541.4049970000003
0x76e5b843c87ec16e6e0ce6e704ccd998ca185f94,active_retail,17,501.502888
0x729627139fc33a30de2b859ec9df2d36e635763f,active_retail,11,2081.04
0x82fe820e4293fae30953df2223ce0ed7bf89e95d,sophisticated,73,8014.031895
0xf59b65bb7821f245d4781bd288f23f80e051c419,sophisticated,181,17.91420299999958
0x969813afd5d7a4062a7e6bd074e597d59af42d27,active_retail,22,967.014567
0x9c0113d7de1631dd2ee1c6274b30c3ca1f098be4,bot,2928,2783.528779999998
0xa2de556fb037bb1af313f1b330c72a66fd876e3e,sophisticated,108,2170.886299000001
0x0e0e81f395b2f6310c2a9c3c76c5c7ac40ea152e,bot,76,179.741581
0x88dcb316ded9cf94ce59c03c315b7cfa61693c66,active_retail,110,4.240695999998271
0x958f2cd3a0ec83d1adbc68bcf320d309fb8f7d5a,bot,532,-751.740942
0x434eb8e3aa79d979876613ef828241de3675f9bb,active_retail,39,2438.6
0xdf68e9fca9570aa3c26f005d22c4c66578ef20d8,sophisticated,162,5092.211848
0x3de31543ad3ac375de649af18f28a86e17987d50,active_retail,25,2776.07
0x4ad76f4cb63d38be662d1daac83019b8ab19a1d9,active_retail,55,1.6703999999999999
0xbc4ead5937d786d9282d8d24e7f46964078b0855,active_retail,108,626.2550000000001
0x8ca7afdc510a8fbbd0ca12215e09a8352cc95094,sophisticated,51,6939.856696999999
0x028a6da5efe5169394e533a1d5bf3322f8405e2d,active_retail,39,25.443093999999984
0x725f8a0bd5605ae647a6006a06d8be9d1a2bc97e,sophisticated,60,8957.874983
0x6748584ba34dae4e45977c2f9f5fa32d4cd8f7cc,active_retail,46,26.785024
0x1be07aedcdb084b00f93aab91cb7cfb84c8ee620,active_retail,26,2598.686198
0xf6c06bcc99c33c5f68bf40a296663bbd775f0025,sophisticated,198,447.55827899999986
0xdbdac9cff7dc46a479351c53554ab55782d11971,active_retail,146,-40.999856
0x9d97f9ae21b418db5a5924b70b3a14378b2af2be,sophisticated,100,-192.44874
0xc2e80ef98d47592a70a7174c74efb849fb07e2b1,sophisticated,212,5000.353048999998
0xbeb556335598753f5820ba9fe09fb8d28847a395,sophisticated,37,1855.8026579999998
0x1f0727bb032ed5d2154d42eb754439419eb0d28a,active_retail,95,10.485790999999807
0xcef14539caf221313df570378c75267a5727e4d3,active_retail,145,-92.830571
0x1e2952379c87882994d5f8a1add9866a34cf5bae,bot,1991,-1255.640500000001
0xb4a17dc7671a849eb9db44a144b225fee2e78f8d,bot,664,-43318.271165999984
0x83168293675c0ca451cf8ececf37c7daf1c66521,active_retail,78,156.5509800000002
0x07d6cb7b5f9ac552f497e936d96a23bc6b0150f6,sophisticated,233,-188.71076800000054
0x7931879385d6e0392c4e59ce021361c35e624d0c,active_retail,99,338.29401100000007
0x6a13c3e8532049a2653c1d22456e538fbd71ab88,active_retail,94,95.75771499999999
0x9c06e45170f05d1c4205a3aabc4a3419a6281846,active_retail,338,60.51551399999808
0xca05b05542ba8fc65888aacd7582f4effc3a77da,sophisticated,147,2411.050985
0xd4970e32da8304978a181d543abf8224ebf629f1,sophisticated,195,-304.17066800000026
0x7567a89b2547b9011ba61a7cb8267bd2da236c48,sophisticated,293,744.35915
0xdfcb6791d2ffc66e5d43b478bfcf11a1cdab64d3,sophisticated,63,1647.7599590000002
0xfa5122a1d8cca331b054336592b3288652eba910,sophisticated,68,4184.569428999999
0x46fe83b6248124f12c7a68c9e4ce109b0ee71abe,sophisticated,88,-98.90038900000019
0xbf21c6f6df0e1bb91c980d7ed295ba2a5fd56deb,sophisticated,117,-16.720000000000063
0x5adf25a7ded7ca2a6ca4fe563bbf44da7249d32a,active_retail,180,-3999.544709999999
0xedd2444500e2f246f90f3ceb258ab151edd4557a,sophisticated,53,31417.078249
0x5d0cbe97cd47ed76d66e946205ffcdde9b86738f,active_retail,103,1.298000000000001
0x192428b71ac4012bf0a18a9304452c14dd9a6751,active_retail,35,3648.1692780000003
0xbca70e5c34c362d0752096eef2c218d1c14004d4,sophisticated,455,7328.451037000002
0x8058fb9a6223362bea941d652feced838a85b4c8,active_retail,33,1509.4272309999997
0x70219061b243652dabe54a04d19c48b4a27c3fd8,bot,394,195.9520890000049
0x65d2a9465b0cb1810781edeb264da0894c4c84e1,sophisticated,56,1124.0580909999999
0x0632b9e04e20b47d81a6825132493da73fca9c3f,active_retail,143,6477.509375000001
0x9a06e9c95315c9ddf56a0f53dfc714a2f32a3800,sophisticated,156,-5674.272718999997
0xc9328e28eeb44978dbac9debb61ebc92931be6a5,bot,412,-3814.2380189999994
0xa046c2a4918f63d6fcadda84e9ff4f3c91ae2a65,active_retail,267,-17.736329000000097
0xfd74e9554452a2d57f66d53ec7fedbe69186d938,active_retail,37,707.5
0x8124d160a5bfa3963b30712c2e90c771b70daa7f,sophisticated,79,1523.17
0xa72774b38a27bf2dae2f67879d57a4ce1f67b46a,sophisticated,55,2751.577968
0x0c6be35a3a3bf89ad90f436cf596a02ac40eef6f,sophisticated,57,14287.669942999999
0x0032357871d013839c450d1716124dad81d061cf,active_retail,33,19.475
0x1dc690d8af4337ce9fe15c81615d6c89e1e8db16,sophisticated,56,-6931.366679
0x572491a5c65fb19922eebefa2c935e1fdf78873c,active_retail,63,11494.0
0xf5bd7dad2cb45af68fc5251466b94a1283d14e2b,sophisticated,204,1637.7820000000002
0x44f88d4124c38befd3ae000bb7f46900f741fd31,active_retail,117,-174.31965100000025
0x6b259ac43059f3a3afa9dd93ba576698cad2846b,bot,728,2306.8274730000376
0xca7299f84e347545580a28ece62f83e974ef8e4d,active_retail,43,-1.319999999999709
0x05c2178d678606a615313791230471468c0aafcb,sophisticated,257,18702.450137999997
0x83a1f397f7a4c1d5290762b674c7a582e4f6a5c2,active_retail,171,-3009.831093
0xa30659b9d6b712fdc91f30f4c3d7d627ae3f6964,active_retail,54,-7.706103000000212
0x84fe8f50da5b65a065bb2cca609a64813e37638b,sophisticated,61,-3723.998901
0x418ff12d3dd65336fe0b8c8f64994c7ae4addf7c,active_retail,287,536.2992380000001
0x4eee1a2a9d301abc39845d2ce88dcf8ef87277c3,active_retail,135,1.3822540000002164
0x897c6dad8275c86e4261496033f6d3953b91cab7,active_retail,21,0.15945899999996982
0x4adbd0b714a7570229a85d3738fb788ec8d42d93,active_retail,56,325.3671000000001
0x7405b8f8448c31db0bb2b1c3e1ff455a29a190bc,active_retail,75,-5.06534000000007
0x2d36f2da0ecb22549ca7399eb6839c9d7d437b39,sophisticated,91,1990.5364700000005
0xc0567c3c53d7707b8a5b81dc7e5d19b750f992de,bot,12612,-520.2978620000005
0xa6175e44c6b7993472e271d189b038b733d131bd,active_retail,16,1203.551398
0xa319b6e576f7f46ad1f27f012f15e5c5a7aebd7a,active_retail,12,-0.011605000000145083
0xd0525f19b6bf2c33291b9b1e49f044f196048fdf,active_retail,69,133.33163900000002
0x64b4cab180a209e7b71e7208dacb2f54a5d790c6,active_retail,95,1240.1636429999999
0x8cfd3a45b684b18020ab21c6ff5687bbed5f20ab,active_retail,189,-11.001600000000002
0x42c9c251cbd66807815ca73edc1a926f34bea8bc,active_retail,29,-1120.4712219999997
0xb0246b41eb4c01b359d4e6ecdbff0a8506a1a682,active_retail,28,-139.32113899999993
0x7be9583ef36f60d8ea6db3b549e6c1da6a87d515,active_retail,193,-24.976409000000785
0xd83650638d7cab1f0807eda9225bc4d7acbe450a,sophisticated,190,70140.19411499999
0xe55b0aa7d058e06ed49b619c6c6001fe807275c9,active_retail,54,21.971336999999853
0x282b808ec4cb4a21fbd798955da892c0d753cf4b,active_retail,49,33.79746200000001
0xccde4e1323138de360d55ecba75c51bdd1092be2,active_retail,61,10.90142100000015
0x1275d71ede7619c9ced548292444cf184f9a1d35,sophisticated,53,7277.703560000002
0x291536026d3d71daeca8b6df9d99b0d4d14fdba9,active_retail,43,-132.50487700000016
0xa251486af5af47b0b3a287c498b225a357018a4b,active_retail,45,3554.776597
0x58fac4c8465337da57dde2f36a2b7b87ce50af64,active_retail,56,515.6373999999997
0xd638aee267e8d9ea6d34afad0aa20ee01198c82c,active_retail,43,-8.392260000000306
0x93e6c5609f2babef7f581324608dac69d8da4fa4,sophisticated,194,73282.07242899999
0xe168878749a38dfd7e6bb89dddc29a7488120f95,active_retail,20,2315.8883950000004
0x5ce9f6dbf09a569266b4c3a793c50d44837eb541,active_retail,51,43.450070000000004
0x3d58f40f98f38ba0967380d0aaf69f7963f2f0b9,active_retail,43,-997.156561
0xee30a76aca9c2e73f1dd3c50fb91448235992d2a,active_retail,170,-145.84499999999997
0x7d77f0d0a16bbb73f0525a3b168380bff7aa4ae5,bot,30,731.5230670000001
0xdcfee5da9de4c3897fd7168d5ae3a760b2279c38,active_retail,109,31.429207000000133
0x384d4900299a2335b63d335a8d342a6dc3e1a593,sophisticated,56,13443.18322
0x21be6b9636c1e73e45e3db1d059408ba69bdca9e,sophisticated,193,896.6777999999994
0x78e3ee1dec44afa2a92ae084658e6282ed822f29,active_retail,115,22.74853399999963
0x16495a82f673f25ab77892cd144499b9d04fac89,active_retail,60,2233.63
0x3a119349bf8d91134177ed91beac3c2bd788de7c,sophisticated,399,-252.2670639999999
0xd82fbef9d6033d4aeee9047f46e966e13d6e2088,sophisticated,28,11349.65338
0x0ce44ed2f125719b6ce6ab4184c330cb7236745d,active_retail,50,-34.32193500000062
0x005ce0812a96888e06b393f57a077c8e4c0bf327,active_retail,42,10.575921000000267
0x85bab5c29fd469d6f5903c0672fd5726f9c28601,sophisticated,67,-82.83915200000092
0xa23449aa282d3f5428334aa5106fe31e5328f30e,active_retail,32,18762.655377
0xd0e53eb8ae1f4a8d43f00e7c53d49371c0637479,active_retail,61,-7.94580300000003
0x0370128745f500c49b520569ddd45e49aad32fbc,bot,371,47335.42761499999
0x4f9d1bedeac69d6dd5e1396124929e4385d9e27d,sophisticated,163,972.4999999999999
0xc26d215ef750b53d3853b1d4b29b183a69e1b31f,sophisticated,67,-3538.104961999994
0xfc8592268645d43ae7a4a1b528e2868e3beeb740,active_retail,74,74.226553
0x4fab0b137bb0ec6c59ff4e7d795da1fee6f68bdc,active_retail,29,-6.106688000000391
0xc4750ad3d9e3ba7a75014f9de2f30c418c343a39,active_retail,46,-1.1464300000000414
0xe508f3f85a37e0588b0dc8f4dc3ac75ceb8616e0,active_retail,84,8.429584999999994
0x5a0f4f6088880fa09401795a74695afb5cf02a1d,active_retail,77,162.85628
0x42e8ac8a5deaa8a24dfd2d100ab7afc1b500b955,active_retail,59,-5.727077999999892
0x9c41b311a59e3fae847099d4fed7a4230816d524,active_retail,16,913.130585
0xf8adad2f89ec38c74b931087b26c240d74f7e8e7,active_retail,47,2408.8800000000006
0x49d324bbc36965982a044ad92d6237aca5748d67,active_retail,11,1938.6
0x642730a6aa30c2db60d6e631aea0725e696b7621,active_retail,57,1071.857143
0x07216b59592d73cbebdd28500843143a8339fa64,active_retail,28,82.17973899999998
0x46ac66b8bc93bbfb74b6e6ef87d92ca583e7566d,active_retail,96,270.94250000000005
0xcb2521004111c0ce2fc88805f5b08981b0ad6a0f,active_retail,138,19.148769999998798
0x0733b181ed48aed8b114b14d6492d52bc427f120,bot,285,-199.65375800000012
0xb8ea94a61255eb4871361039002f3b48adc25281,bot,1393,1980.9515000000026
0x87a200804a5a02eaddcc7786a18f40e0c232bc60,active_retail,81,1353.033407
0xeb2dcb70e57d1ee07f6c347a0cd060210b5a50a9,active_retail,32,150.88528700000006
0x6406d7424d0c79c7a399d9ad63ac4277a1125497,active_retail,10,66.656
0x21d6bf951b729bef6e13b060d52d869ecf5f2fd9,active_retail,56,150.88397099999995
0x678a0e9c8b250db487c9231807ce6c9129a2fb67,active_retail,72,-72.86488800000006
0x8cc76c8b65dc46037cf29fa81ea57fcccc43c24f,active_retail,130,25698.651828000002
0x9b2d0e689f948617ab46e673390cebca8c5f4fa5,sophisticated,18,150.277156
0xa0d34ef5f04330c9ae4d69bcc12f1a50d7dfd8cd,active_retail,233,59.89268299999996
0x2c1b86da4b69917f7e976ddc982ec1f4f23cc86f,sophisticated,94,1089.4564410000003
0x3238f26f0d9ef1489bae42ef7e02634a2f0c323c,sophisticated,281,4109.246494999999
0xcbfd4d8170c70cf96539902c3c8c1a8d162e22c2,active_retail,19,2496.2984
0xa345f40db9d590134de361f832e0c188d068f54d,bot,1591,1530.4836400000006
0xf6c4d777c61a58e7b5599dea268481e3be11b7b9,active_retail,245,-83.26778600000016
0x6183e7dd70f73be3c34df258d5786484c9ce575f,bot,509,1835.5668789999995
0x28a007d9b545e127853ede7337953980464468fc,active_retail,28,3027.73
0x7678d1be04c079ce79b6bea7080c88df5cd2937b,active_retail,19,-15.942407000000006
0x291b33ac2a433fa5228dd51f73dab2974698d83d,active_retail,49,465.2942959999999
0x6c84834754d31bd031498dfc8acb816128140af1,sophisticated,70,-110.14422299999956
0x0690a02377f25f764a000aa385928f2a0142e540,bot,104,-1706.2541239999998
0x474f2e8ac9bb28dc44c191f3e124f8ab49b807fd,active_retail,23,1113.4626449999998
0x79f0267a60676511245b23bbe55974ee136cf493,active_retail,27,6.570048999999862
0x0b72940bae02936df4b062464d8d7c5374c1602b,sophisticated,51,-20.915101000001414
0x34b06683c7a729006627a1b90f94352ad63764c3,active_retail,24,2445.458481
0xddea324f091298bb95df815ad6ce8d40da8d8f0c,active_retail,61,6.405650999999999
0xd369bfbca5dd3b40a7f6f4b7971d15853ea37333,active_retail,41,-7.105427357601002e-15
0xa4b585cd71ad78532e86931c35a9fec572ff963c,bot,242,521.1094709999999
0x35e48a329238dc7f07ac2e5f5721f6a7a06b370e,active_retail,91,4113.723599999999
0x1ece4fe3ce6733493548c9a4a7ea11fb7f0d9c96,sophisticated,152,2814.2347419999987
0x38feeb102a16ad54ead722d389f9fb56eed32b7c,active_retail,38,677.570195
0x03733774dcf3623bcc39ca09f3470bdc1e513484,active_retail,38,-851.3022550000013
0xdaef743cd5e8234c8fb00ce3ab3ada4e8b9e4057,active_retail,13,2115.41
0x407f1f5a819af10d26995eb9513f681887854348,active_retail,190,-1813.6170390000002
0xc72fbd61848d79c159c1859399ecff8925e8c228,active_retail,295,-48.85113500000068
0x5b69fe7048a533847b4e3abe1b9eea261a91a6af,bot,13083,646.4145460000016
0x2ab7f60b7b5c93ae46e4446c41e91c024b3418a5,active_retail,75,1340.121157
0x0201f545d10039ba609628560c2bb0f841f9ff59,active_retail,67,14.812632999999735
0x35f2914a62fcd9dd8d144999db71ea90439ab653,active_retail,181,-3.1303429999999715
0x6f2252ff4358f18ed52be2273b12e4f44a7db0fb,active_retail,49,156.264457
0xf7063a26095c0bc9ae6cdcb708775be8dd1bc15d,active_retail,41,1236.0252400000002
0x0f1462cd25b3c4aab0486908fd6c6b35c1eedede,active_retail,47,-604.1961719999993
0x867ba76ef4da05acd4f02b481b03a615254ea56f,bot,181,-1.0499999999999883
0x76ae337c586757ebc13a0c2ad37e0ff9a5d8b6e6,sophisticated,74,3018.1532409999995
0x308ded35795d3996337b71f3c87be7921424f9a8,active_retail,97,-1.12451400000183
0x343930270f30824ee9e8ee47f471c70fa0255d22,sophisticated,237,-62.60435499999987
0x5f45d34cf8d07494ad9e44e93bf8fe03cde33918,active_retail,21,112.16521399999996
0x7c660bdaf2f5640b64e435b5cfd2cac9138521ed,active_retail,61,-6.689399000000011
0xf27b6770dcae05aed83b3f0ddc5c7f79aaed5680,bot,1283,1839.4256100000002
0xdd07b0c34c423709e8a6b97e04b7aa3c7bd0e955,active_retail,68,-42.931213
0x52887386b777789afdd76ac2549867389abd0439,active_retail,172,-1460.2953799999996
0xb4923abc91e1b845a5b4943dd4f995fc1be31df3,bot,169,3933.8890459999984
0xa8f37c03cf97c5d79af3eb4de76f7014b48373ce,active_retail,316,-332.21058300000027
0x2139f576d66b628031db224c8663ce8d738866cf,active_retail,13,2396.37
0x3819c48c3466cb95f80703ea45b4a9ce94b4f3d1,active_retail,57,1335.6502880000003
0xbb06916cccbab018abde502cdfec068c4fb9630e,sophisticated,77,3380.017659999999
0xdc2656424f510e79a5493e1d8403842c34f4a4b1,active_retail,82,-301.625
0x44759e63c52484ce8a71fd41cbcd4f3838da0d28,active_retail,59,-424.1117290000001
0x18f7a5b978b12bc461f0f4a6233dc76329baf3d1,bot,1288,567.9458290000032
0x035c4f4854525937b8339e8929b1fb474054a779,active_retail,26,1651.5236110000003
0xab0f29951da9e4d2db41593f021ae37ade8cb0da,active_retail,307,23.255418999999733
0x00fb9fbbba610e391e0a17f280fc594586c2b3dc,bot,1292,1628.1383600000013
0x4f95bbd6a0ad655634a4c843a0f2e5b97807908a,sophisticated,233,-16.38143800000021
0xbfe921a3e8a5c314c368400a41a54b42e7d05f53,active_retail,58,1584.364229
0x23a2bcc9605efabfa268d09029e05721edd707ca,active_retail,41,3409.48
0x5866c1e00c009360ff078204ac35ee4a69feb045,sophisticated,74,2752.419949
0x282733aceee38f80547c4246ebcb91b8388e5139,active_retail,39,1497.1723919999997
0x6a543d80b99215b9d35a61650cd652b2e59d43fc,sophisticated,115,12094.654864000004
0x419895f32f7ec374079227cff1a9970c47d96937,active_retail,145,63.29061599999545
0x13e18eaba970e5fd28aacc1f69276753dd080abb,active_retail,77,-12.064950999999548
0xe455c5f297e175bd73be838652bb37e505735c9a,active_retail,13,196.112309
0x31864feb9d25dee93728c6225ba891530967e9ca,bot,1145,3280.313311000001
0x549b6eba65c66fd7a9defa3bf55ac132bc9fd143,active_retail,48,-2537.707588999999
0xd9f556ba2e756c75838aaf9235a4e39e6424599f,sophisticated,138,-1166.428081
0x9519a4be477791592a6890a1d0aa81614b823b2e,sophisticated,686,19294.824811
0x67b347e38289087026985f3a2dd07ebdf1d1721b,active_retail,29,6710.875314000003
0xef8a51a3db43713f947b4a937bb938e8ed8d6987,active_retail,30,803.021362
0x43c6c02b84348088d4052e0a2d2a4166860a3852,active_retail,316,195.9427680000091
0x165052ed0a14065395cacf12d4a0d1ba1c8aa120,active_retail,14,0.5370519999998749
0x9dd8870c5241ecbca009ea92b5042dec991ddc64,active_retail,59,-140.0617369999993
0x3e8c5adbf0dfd7fd0a3877e3b13b469f9bd2540a,sophisticated,119,15000.928115
0xa3fbe7b01b148d0e9207b18a2f746c32f5aef729,active_retail,49,2774.3019999999997
0x7691bd3bc2eb474dae34748971351342fb82dfc0,sophisticated,455,-8748.042556
0xbb22be67b6875c09804968ff0156b61b76f3aff5,active_retail,85,3.3502350000001684
0x72daee097003382ebc7a9ca81d0d7bfb2b677b79,active_retail,35,-499.2723700000002
0xe4ae62dcc57ce7bc47968512adc475364d1774b0,active_retail,133,-178.1941319999995
0xc89d1555af4e69d50bb67ddf17cdab0951e7fd7a,active_retail,67,-7.855127999999906
0x4ac4ba99f0bb5ecdc26c1ef6ae1cc9126989856f,active_retail,30,15.156255999999733
0x89a4f372668e97723385002d50b08549bb5081de,sophisticated,260,1346.676755999998
0x5776b6e7646142c092a3ed9dfae73eac1db37ae2,bot,59,-0.885073000000375
0xfcf6ef2a28432bdc1ba0ac24dd7f756c30298514,active_retail,33,17.77426100000008
0x1e96b2a84ae7f9018cd641399a1b5ff7dfbf8706,sophisticated,60,6924.004009
0x0d6c0d7beba6cbfbee15ba04253956dc3b21f92d,active_retail,69,-1.885874999999996
0xe12a6ee84ce4b42739f48bf20623e9256f128720,sophisticated,66,-2234.8624729999997
0x02409c6acd3f7bd28b2255285788a2b420b83785,active_retail,37,-1192.775000000001
0x21106d9bed4aceeeaf74b305f73454923b7e94e8,active_retail,55,-140.54000000000002
0x8d0e2dcb1ce7f0cbb4ecbea72ae1876ed229b238,active_retail,50,2670.5
0xc05f7407d2797a0e261b82d2450d96e9d3c082b0,sophisticated,49,7254.118091
0x873d870fb2ea9678f3f91e3d4998f16566f73f12,active_retail,27,1490.0
0x15d6d43997debb42814ca0e1c4cc30d302306ef1,active_retail,28,27.999999999999996
0xe31f8ba6256e958659b4947a396498dfc15c2c37,active_retail,189,-64.61705900000051
0xc9c4cddb316c293d92df5024f573e6ce2408b7c0,active_retail,76,-6.660970000000028
0xda0d1b8440c34ac3e85ff61a147d3677cf17b9b5,active_retail,50,780.9019890000003
0x1752fec780caa5c12a295ad5187950edfd95eb27,active_retail,138,-14.289521000003749
0xb63407c8a02a4437d519f9620b78f6647d93f5bf,active_retail,203,24.855177000000822
0xfe0fcee2a716a6b90d506f29a731b486950e64f4,sophisticated,58,5492.624519999999
0xbdd6f38ef2cb7f4ac7ae99db9927b39eff3f0be0,sophisticated,55,-1348.9743589999998
0xe6e3e201981593d33ccff8fee624d3913ed24df3,active_retail,38,23.285681000000057
0xba81020094a95612c51f7c63796e7bed43af5331,active_retail,52,475.4160360000001
0xf6a4083db6a5246459fe063510dd3c7fb0f93f28,sophisticated,99,-1496.8601469999996
0x08dca247dee90820be25b1351cabafd327bfec94,active_retail,54,39.99
0x873f1d2415602d88e4b062d9f26fba092727a4d2,active_retail,71,84.66917099999888
0x9e082ee63142da9f581ea2e26ff7ddc2bd019224,bot,1536,2729.3078600000013
0x66f96150773142d3356146b769bc7021012baca2,active_retail,42,-1284.0517
0x68d9604dbcc10204ff23191f88707bc091e55435,active_retail,26,5319.74
0xbf0497cda8e33faedb9a5dababf43a440f4ffef0,active_retail,104,163.899230999999
0xb8bf5f78839e44ecbbdfb725371e8a8a8ab19281,sophisticated,113,2650.46
0xea45124c26c5fe50ab6d7786776b47f42da7284c,sophisticated,235,65802.48453099998
0x21c02f03a43b0acdd50ac912b9fd2ce47c187da3,active_retail,56,-7.378879000000137
0x2357d55df130d4a0ad4ca468c2625f64628cb74d,bot,84,-16.1357459999998
0x2ebafe65c747a2f97e7e6c3e7d8ed4f7edf1c455,active_retail,13,810.4672990000001
0x54211cf5627ad0510185478ae329a34f405af713,sophisticated,208,-795.0179719999986
0xd576b9ee74c58fcb913675fd9c1d14c85312d5e3,bot,2073,7231.709980000005
0xd82c5c1bc299112c7db194104cca67b9191291db,sophisticated,87,-4104.023166999999
0x51319151747faa3c1a7fcd7dff7b989a00487d23,active_retail,98,-64.5278510000001
0xf9b065225f19bb1706abfd2217919ae79f7a320e,active_retail,114,0.14156599999981268
0xfed59c03aede93e8747eb0bd6b6d9ee3ad3125d2,active_retail,112,0.7653999999997159
0xb06d485cbb840e0ae104c76e2e56e3412bf68e8f,active_retail,41,16247.018797999997
0x9615a81a49fa2f1f234ae138eac87e3828a260dd,bot,2114,119164.36137399994
0xa4611f1ab03f57c42fe839e199e7fcc53940ab70,bot,22,-107.31410100000005
0x39e5b4f4ea5e5913d727c48a86fc983a53c9bc96,bot,145,-2970.017735
0x7b2c691cd003efbb972cacf8ce7d7882fe61401a,active_retail,20,2835.84
0x03fe5af74eed421713962d4a506d9459e9e6a97b,sophisticated,103,-1054.2769129999995
0x399126594369bf8d5ad197ae16d1da8e32548dee,bot,648,-19.159281999999962
0xd7ba63491c6872b49b79db85ade90b1f25da300c,active_retail,55,-9.056702999999883
0x75c7166fc7f5663e8dbe5db5c7f5614056ce2764,active_retail,380,48.99700199999998
0x8f63b0685c4482f5d94629eef75d4010556f63d3,active_retail,108,23.888969000000316
0x44551522c7b8beab2164c36f04f5fd65c47298e5,sophisticated,653,-22556.085855
0x98218d61da04ac3beedf3737fa28f9ff06a0f62e,active_retail,107,205.28487300000012
0x141393ab6c869578149c361b4032cbf042bf4e69,bot,396,75.969126
0x5a999082e78eafa59e58efa7ab9c70e6c3e0bc87,active_retail,19,251.22639700000008
0xf6a58c7406863c3162e896121f67e5a36c9ced14,active_retail,32,-34.48944300000019
0xb8331a78b8860f98c7d3ad5fd64279f8f18758bd,sophisticated,150,-2.03189099999895
0x701768aefce4bfbc7e0dc29e09ae35239b2aab3e,active_retail,73,346.03040500000026
0xe2c7503309b20e1826985272562aed5f89dec1fe,active_retail,54,0.4693370000001309
0x81e6c5d86f7455c15bdd2392f1ced91d1f07d328,sophisticated,126,-1366.094047
0x6e9663b652ece25165ba04cdddcadde352e87a5e,active_retail,30,-6.581714999999349
0xa1dd1f8bc33f7a1b62edf9708c6bb611c8dc17b9,bot,92,-3766.763202
0x408f749e79e1f90854b4da3727846f3e080994d4,active_retail,23,1.5518709999997782
0xe414e27bb9059e8ce4d357d8caea3fd97c20b703,active_retail,237,-10.025412999999816
0xcfe049be7d9fe5fc0a5e61f049dc9df363cfee7e,bot,1251,235.69900500000017
0xc154b97fc0b65dd845acceefc05215d23e88a6bb,active_retail,26,1.4224999999997685
0xfd9d9e97c5903bcc33483a41339150b6a513ed02,sophisticated,72,277.161029
0x1a5d115e84cf15e08421ca1c29454cf184544cf3,active_retail,24,-240.406702
0x7b099327a63a8b00cf1c3cacc5d550eeb8887a43,active_retail,52,-3.0467260000028076
0xc9f2329edc4e7f7197be2b8262145c4b466ab0d2,active_retail,111,217.77448400000043
0xd2a3323006a3dafad176884fedc184f0c3b53a30,active_retail,52,68.76679399999998
0x49d8ec37056fbc7f421077ced482add082693e9e,active_retail,20,3682.297901
0x6fad6cea32fc15882eed3ec7fc814f18d447374c,bot,34,245.18225900000002
0xca589493a266bb5ae9676707a8cb0e891d860288,active_retail,12,139.98899300000002
0x9876458cbccdf4188e8845be3de7b28d0a4969f7,active_retail,16,1746.8000049999996
0x80b0ceedeaed11a0946ca29a1b75a2f1c8799695,active_retail,55,1243.3368409999998
0x8f0378d4652a243b8a755a08c11b6681a785a4ec,sophisticated,216,5325.428989000001
0x5ae2783fb9861735d8447588e0e2513892653862,active_retail,15,130.27426599999998
0x91ec7df2ab9ccaf462865d906710040aeef04442,active_retail,31,-3.874322000000575
0x91b23e5f08440c0bc04ecc8ffa6d9eb458be8ad3,active_retail,75,63.110654000000125
0xb41be578e3870ae23cee20dc0cfbad01bc347d0a,active_retail,59,-2.311158999999975
0xf120d988adb31a793a0690b0be6560d1878c4b76,active_retail,110,597.21789
0x7a0a67a0404b6f36327f2f4e19db2acad29edb7d,active_retail,12,644.343679
0xddcc15aa2239ca943bb9634d54a05569a484cf9b,active_retail,12,1.5762420000000645
0xf7817636b62f36b4e66d58521fa0597bc9edc272,active_retail,50,204.33246000000005
0x200d3b6c8547db2b3e97f59bacdcb4edb73c7b9a,active_retail,17,-39.58730300000001
0xbfe2c988514e58098e640d455c5436e1ff3065a4,bot,1535,3076.814250000004
0xaba12f851114be02e2f3533c0507bf57bdfd5653,active_retail,48,-1097.187879
0x79847686cf2f03a318c7185b622229d7bd071943,active_retail,60,-5.911432000000218
0xe47b93375edf5c83d75fb52174cddb79d9a99763,active_retail,77,3.3544189999998464
0x15b8b595efa9ee2d0f4ebceeba3477e3342f805b,active_retail,39,-614.8619119999988
0xefbbab25b89adc929795d002329d2d3ba5889a15,sophisticated,141,13818.489055000004
0x4cb64e6c77d57484fc09e4c1b4914192e92a54eb,bot,185,-3.2823719999999863
0xa9d0a507904bc87a93f944544ac936238ce660ed,active_retail,104,-609.6006279999999
0x223c9367f5f40564264810d357803428ba112c9c,active_retail,71,104.68580499999871
0x1e740daa423a461887c77aa5658ca5fbd7ed5e8e,sophisticated,70,-172.4158500000001
0xb7c42c8bd655d949f81513994fc6276da4937f21,active_retail,56,1171.050305
0x5a195a4d903ade73cb2bfd7558d7d635b2ba6ac3,active_retail,88,433.94289799999996
0x7ab6d854728598471459286c88d26cf6576b4e29,sophisticated,66,13690.596129000001
0xd7bf6843f2e8be9646cd6b1f73fefbdefd79893f,active_retail,42,23.714088000000107
0x90c5b9e29a58dd0c8635273ee0ab97b166c37636,active_retail,72,74.62020000000001
0x05cadfc324cbef89062ce18439871a3ca8bc7591,sophisticated,80,5596.96829
0xd1bf8439b4675ff085d0208e4a49125fc60380da,sophisticated,391,-8482.685037
0xd3ec85f6fd87fe61bec71c65ef2851fbc27d0ff9,sophisticated,640,-6510.588523999999
0xa73144ed2c0ad1044826dbcfefd0af2ea45e6626,active_retail,208,325.0029889999999
0xc7ff2bee199c6bfe9e02d39549bfb6096ddeab6f,active_retail,14,2164.9
0x2d3a078b35b4b844975cdbea1adef1969ee468b7,active_retail,35,25.599911000000006
0x9388b15cdf478ad05f1208da03a0cd516d3121c0,active_retail,24,37.58622800000006
0xe1e5906d9dd9864bd64738b21894a931a1286a9a,active_retail,67,543.9276810000003
0x423e3dbac1689cef15d88e9236e4030b77cd169c,active_retail,52,1263.9512679999998
0x907e54c9ac1fb99b21ca1c4db40942c5578588eb,active_retail,163,39.965351999997836
0xabd805d2c4d2b6af7dd667c66cccbcecb9b768a9,active_retail,34,-1.9147409999997147
0xc2607647651919c333c52738b06f37fb5427927b,active_retail,61,7.016148999998914
0xf68598adde096a68352aeb079a64262fda1ae49a,active_retail,51,8758.365746000001
0xcaa933f0f7b8e45f472d1f54e7d46600253242fe,active_retail,119,22122.901803999997
0x3ae36aa42376fcf151d0be136bd4311b9d1bfdec,active_retail,29,14.785198999999984
0xd53168eb2e368afc731fa2f123fd6a5e0c04b714,active_retail,21,3042.24
0x0f30aedfdbbe2c9e2f1ea654e714ea1d31b53f55,active_retail,170,8761.72
0xf0a5ee4c7789f6aad4c7cbfa341ad60d32ceedb8,active_retail,128,7585.196935000007
0x00b4b9c48ba6a078e4e3fa833c7139881f3dd144,active_retail,36,-0.6714250000000064
0xa67a9d2d13ca874b7b3273f8e04ec7303cd7ff28,active_retail,440,143.65886400000477
0x5c2f2772f2605a5c4ed1ae5f61885e86be1ea1fc,active_retail,54,481.04
0xbd810a483eb846da535405a442532f86dcfe1f7f,active_retail,130,8126.262156000002
0xa5d8e376c01dea28d8e4cfd996be5abe2fa31a8a,active_retail,35,431.0815399999999
0x7900c0812af5f7ce1b5c492f9faef85647749468,active_retail,45,1129.5890809999996
0x75507597b250f82fdbe9556c5d7956bbc741d01c,sophisticated,61,2040.147355
0x37539e2f1535848b6295fdc40c19c578bf38dc42,sophisticated,621,-15584.963276000006
0xfa5e255d35364d1bb897b3faa999fdb863ae5179,active_retail,28,503.00486300000006
0x4d518c62fbad70a11f8a5a5c404035e34af3bb15,active_retail,90,2495.681172
0x272fb5d40632e2f3037b73890d3eccdefc324044,bot,26,16.881484000000007
0xd6489dab1ea7a3fac9effc84ae04b957f34a0cfc,active_retail,52,-0.8306819999999888
0xa3ada441a3eeebd4021d49c8089fb479fd62ae44,active_retail,14,65.5
0x265fb82a683ea0afb1a8e25d1aa88fa2ead600c2,active_retail,13,1500.0
0x22d5f6a66808562ec916b60d1446ea3c4967b643,active_retail,13,5638.5
0x90416e9467373fd1c4863f2e75b9219b4c4215d5,active_retail,27,-2490.5
0xde9baad7324c6db0be9f83474055f20ca62a0ddd,active_retail,12,5924.5
0xd5a2e69531ba81d45153fc78073d8b55febe188a,active_retail,12,5105.0
0xa1e6993a77c063ed150a2423e32895309525d2c1,active_retail,105,-292.030101
0xa810878449efbb637270b42bcabb457a287a169d,active_retail,33,15.420823000000103
0xf9a234fe748d5671f1f25622c5b13c55dac01bae,active_retail,108,-29.13149899999948
0x87f2042b3fbbbee07939f0638fdd5999e9fb97c1,sophisticated,169,5035.4421839999995
0x8f5072ec55a8fea0cf08ca722d06643f3d71b9e7,active_retail,109,1321.7597780000003
0xa6a8afe8ff7502c6bc6d862e74deec87f63214b8,active_retail,111,-13.842574000001193
0x6e88fd967b2c6d3ba139793687b1a5814926dcff,active_retail,13,3157.5
0xb6ec50648921ebafe496da0bf16a3741698e08d2,active_retail,25,32.349385999999996
0xaafaae478c6d93cde69940ffdadfaa884b608192,sophisticated,202,3994.329749
0x8b64f37fcc82f37b40517568811c10da74f906fe,active_retail,16,-7149.5
0x7fafd872aa742dcdee3b10c231184f0385c537ac,active_retail,30,17.88907800000001
0x33c4037f2cd5a953b95bf95f838a64c63ca8effb,active_retail,33,3.07792700000001
0x0934fa14a06b009827c7c28d9b7e6955a32dceef,active_retail,13,4256.5
0x382baab33c27f07ef5151571b2aedd6d4ab39bf3,active_retail,24,50.0
0xb01b6156c525822c70c1b894cb5093a83fdb4e55,sophisticated,37,1415.7897830000002
0x55c2adf5d61118e9862d03aed357803fd69f8b4b,sophisticated,188,-2026.2989719999996
0x18724471b0fdc13b34422a8fc95975672ceaeff8,sophisticated,22,20024.64
0x5aed75719d86cfa5cd32b044568b63f1f47e1994,active_retail,37,29.822516999999923
0x072fe3c9f0c4b2ea70ad1a99c6f0ba9df58148fe,active_retail,14,6056.5
0x575eba2839730ea8e62902031eb96374e02662a7,sophisticated,23,5634.588
0xb8eb45fa657a4fb7b38ba3dec07d8d53d82cfbb1,active_retail,24,2790.5
0x0423b002400fcf090123d46b9f0424e063ce02ec,active_retail,13,1200.088901
0x73194679ce597d802c018aa09f6361531c8d64b8,active_retail,12,5825.5
0x9d1ccd19f796b7b75c1193cb1d4d807c68bd9443,active_retail,27,24.98
0x197a1c396c4b0e55001ff145f10c70de4e55b236,active_retail,30,28.51913200000022
0x0d3124cf72440d99090791024577c1698d68f226,active_retail,114,-11.845238000001531
0xfb28836aee086ee05fa4ff4fad9b87fed84ee900,active_retail,19,-6099.501200000001
0x14f9a8bfeb91520a911c6278f67fcaab7e77db36,active_retail,28,31.16690200000005
0xc5edd5722a394a0040f7eafcf756850e5d38e3e3,active_retail,10,10025.0
0x11a9fca7ed0d2f89339b825b734cd8a816a7c0f4,active_retail,34,29.612169999999992
0x2c68870518d5b58ec0a6878ea60a24c1e0467916,active_retail,26,4.405
0xc9c6c65c1ebebc8a93c2e9bc3e906c179c299e96,sophisticated,15,4955.281981
0xfe85430a7f927d0731f88768178fbfe842652e8d,active_retail,144,136.01349999999996
0xf0bd40280a5289689de20204b1627e64ee6ce0d4,active_retail,59,-1.6538699999989155
0x78fce1022887b9fb63657743a91f8c676223298d,active_retail,147,-8.80459299999998
0xe5bf993dd3e856ea0f066b994090335df757e727,active_retail,16,2738.5519259999996
0x4265bfed261567f9e888528b32882da2caa59833,active_retail,138,-8.544346000000402
0xd0120c5adc17b4d8e9cfcc30ad835c287d0bc5b1,active_retail,24,-259.58000000000004
0xf3ce89c3564bb7ecf929635a2b53a29daf6a32e7,bot,489,-595.5516549999996
0xfaf82984e9245ad4c8f3e92dabc734eccec6e331,active_retail,34,1398.8004740000001
0x3ba3c2195bb1f8a781580677efb3d3fc58fdd07c,bot,1106,1664.6030100000012
0x54d0bf39c953aef21b0fc8fe476cf8979a321610,active_retail,27,65.03919499999999
0x467ed96ef1424512f1bbd388a4ebff7617e48a6c,active_retail,81,5383.274685999993
0xbd544e289b65ed10e6c51505f04a354eaac03fbf,active_retail,34,3.385924000000127
0x36e02039117a9766a0885f0378356fd505a1a096,active_retail,74,2464.02298
0xdfb1c94d303b091620e1a361015df6b20aff509f,active_retail,19,995.6757309999998
0x718c2c63bdb96db8963e6bf8d554560c916451e5,sophisticated,82,2855.3233349999996
0xa9f25f8d9a8ee1b94bd9cdff822465ace6896d8d,bot,1364,2197.4248400000015
0x0314c61f4b7495eabb291fbef8c794628c9b31bd,active_retail,26,-11.591839000000391
0x997e66610ba04ff40fe3041b1f06ccfc21819f11,active_retail,30,1409.9350599999984
0x9ba75a0bfa7da75d741946638831e87018086bf4,active_retail,47,3054.9348009999994
0x6a81b4be3f74f1ff1ab2a433dc064167303f24ac,sophisticated,137,-71.59961500000188
0xa9bcbed20d673c7ae25a7bc6c7686468c9a0999d,active_retail,37,2598.006042
0x98f650f61e17c97b36ff9c6cc99cb9c63c34739e,sophisticated,56,-4276.359431
0x0d6daf587d9432dbe6ab06d15871ed42dd806785,active_retail,33,28.80485399999991
0xd335c467df029695e87db7da68ea067a8535c00b,sophisticated,125,8005.936733
0xb810374cf402658f9f50cad6f51b8ee0b9d6671b,active_retail,29,583.5
0xd134c92ef03e703d5cbb8e78ccd486d4e1828809,active_retail,31,151.39999999999998
0xfd3165159e088611171d78c2a05dff105993fd01,active_retail,34,39.35000000000001
0x546cdfa9714e2ca8c4b7435e6f0ec2b86b08f091,active_retail,43,48.4586
0xe463a41e66860b3de9122939f883cc094dcedf75,sophisticated,58,4587.980713000001
0x7a1a0fe7e8d2a0c7ab1d99581a7fb1d6527a6923,sophisticated,105,8002.1465689999995
0xa127029e2c8bd0c825f3a1a2bf49cb14cd9af279,active_retail,59,15.738300999999897
0x3a1466f01188436e96ca125077b04790233476aa,active_retail,42,23.54365400000009
0x01acc7d73eed8457d1a624c39c24546fc3c3dd48,active_retail,38,15.540880000000051
0xd0715f781d0b9b2aa436e3a3fd4fc3aec478144a,active_retail,25,3033.819146
0x6027671e17f37f51449be0057798b6fab92c6079,bot,588,97.78739500000005
0xbd49ae8a938e7d42931c1f2b7d371ccf743dabb7,sophisticated,156,15.530093999998371
0x67f6dce81fd8bdb2e3412e8ea07773a4133bc23b,bot,841,-7.608359999999898
0x521031383235ca2b667b9240ef297391a7079334,active_retail,234,4.561156999999923
0x08ade717e843bb1a15047534f5fed0737ccc3d00,bot,385,-17.921477999999865
0xf0203891a960013096d13b6add7896cd70b13392,active_retail,36,-2488.4697149999997
0x4fe23b8c2985d1a952817db8edf9b423bff4ec75,active_retail,133,56.6592069999997
0xa10cb02c6b31c5ff5f40fdcbe1c53b6b7b0bb929,active_retail,48,3535.8710609999994
0x02294fe12a103921771464b4a87fae65bab3f6bc,active_retail,177,12.446959999999805
0xd8e303cc7ff4bcd542cdd11f8b8b848ee60d2c54,sophisticated,150,318.6883949999992
0xab10c799a078b5689bf7d3bf55ddb5b318fbe638,sophisticated,129,1765.334319
0x806e140ed2748ebe4d111d948ce5371c360d5563,active_retail,27,1593.955599
0xe8b50493b5cf0bd3cd3d4fc23f6d1f8a0bbdeb06,active_retail,112,1448.678362
0x35bb7be3e917e3f9dc22059f2479a331ed6c7021,active_retail,109,-1241.9926040000003
0x09c208da5b70eff3f7a1717340ed1fa77e0cd472,active_retail,59,-7.996818000000102
0x43a3864355b5ca137e281d663c113e50d3b045ef,active_retail,84,243.63763099999997
0x22625895069b7ca0ef7f55ad516f439e37f2ff82,active_retail,63,24800.327
0x7081212fc0ee0bd6c30da040c84eb674f9c4f8dc,sophisticated,181,2860.2000000000003
0xea91a625d036c4303517a798f94459f38ee6ebf4,active_retail,61,-119.58107000000001
0xf0a5d4a94330809c569af5b6e8af79329b2d4f05,active_retail,37,0.0029970000001640074
0xfc3ec7c506f89978a84a3442c3755c389c391703,active_retail,57,174.34034999999997
0x7730ddad069da235e1b1bf5e3f2748ba452f22b6,active_retail,53,4.5814289999999644
0xd34a68691435ba0fa56aca7745485ec2b4e7c21b,sophisticated,42,1774.70755
0xd74b234cd9ec2e7849a6d1d8d624478c6702924e,active_retail,199,-7336.110911000022
0x614f701f3cf3cc8ef3ceb876a33364c9584a97d3,bot,202,1763.4150000000002
0xf15d6c27d8c882f0ad0ad791312b3bbb86405bf3,sophisticated,155,733.8500000000001
0xb88c61537e4b2785a9140dedeaf37ff1be847ceb,active_retail,45,306.47170399999993
0x0d893e473a2360e24a5c52ccb6ac6ce5f17ac262,active_retail,98,67.86829900000075
0x398d3a03ceb630c745601d2dd46956d694985064,active_retail,85,159.4036840000009
0xd29cdc6ce06a2ba2d9fbf46ecb43b49ee32bc4a2,active_retail,62,-5.394751000000052
0xcba3d54ccd82f35c5e3d3d33d94fbe58ba6f6b4d,active_retail,28,1.374157000000412
0x33560b0b7c0f9a60af3139c771795a10ab8b5b78,active_retail,13,2382.0256950000003
0x52bb6970680f30607050ab530ec99182037b2b47,active_retail,50,471.7578979999999
0xdb1aa95657fa4419cce2a26e0c6c50c6ed2ca86b,active_retail,105,9.746442000000798
0xc096a2f1dea76d2636ad1419e6fd0cb0c79447d9,active_retail,52,-49.72965600000022
0x97a9ae6646a6a609b79354b6c4133df48318728e,active_retail,22,45.662625000000006
0x1cb7bb99ddea622269fe28d9b827889f7c1c1132,active_retail,67,-308.2185289999999
0x8989b5f20b5c6e2613d1c6f7ddf8a195e119e9b4,active_retail,125,831.7845019999999
0x6030291ba9938e4528d00639fe7c0d8c2c74eb25,active_retail,83,-8.72160999999997
0x961f90a8ad3a86ebfffed0b478a7d3453d0798f8,sophisticated,292,2639.338186
0x5e7da689513885c40f365575aaa17437118b2eef,active_retail,78,13.45954400000063
0x9515c89fdfb3e4da888256c2e08780cfdaaac0dd,active_retail,54,9.852062999999928
0xd01e9e48718b0cf779b8f140a2dea4a225c19267,sophisticated,53,-769.5481289999982
0x6d94f91581688b0717ce1f30ed2e327b63d73178,active_retail,38,-2.3855230000000045
0x9aab8e0a54417f2da6255d4a484ce9488fb419b3,bot,5689,-23188.71048099998
0x94410d18d10659d83fdb501b2ffc587cbf324e03,bot,4540,734.2701109999989
0xf8972e91095af654c5492c32e31aa97d5399e159,active_retail,25,2.793562000000259
0xbc0665aae9f4ee5255e7c18a50fb0314413a9097,active_retail,55,-88.73124600000006
0x735e6eae9580191df87d403803492dfb1f35d3f5,active_retail,160,335.90476
0x7c2fd722fd0f22940cd2849b1324dafbdf86ac8a,active_retail,113,10.334851000000379
0x1aaf9236e5a2f4e7a531c42ea8473daa9603b140,active_retail,20,105.66588599999999
0xd68ab872402f483064cddd80f1346825601c6db5,active_retail,21,-0.01661000000012791
0xe2f163b898776bb85b9cbd783ca662ee8e82fcda,bot,338,534.9132310000001
0xdb8789a1b122bf9482cebdecaa3140a419e132fc,active_retail,25,5495.71
0x69f9a4a004f1bdc4ee858d85c728f008c2a76ea7,bot,1488,2333.678380000001
0x70aadb9c5281943e43dba34bdb40a30114486ba5,active_retail,65,404.46286699999985
0xa56296bdad3c625154b43082ac2d23d587fd28bd,active_retail,110,2467.682462
0xeb4bcb60dc2685328ed43c5bd5242bd363cbfd97,active_retail,187,-3.037011000000035
0x4edeb4f475a4991a62d776bda1232fe59bafb5c0,active_retail,15,5169.324366000003
0x9266c5506457cbaf33b1f70c33200c729c464c1b,active_retail,68,75.2705170000004
0x37eb6667df26b8af16b25308df0d8eed0cf76304,active_retail,22,9.988799
0x82f9c40b3edda8ebf58a6bb818c5b9abe9b9e91d,active_retail,92,-16.32353900000002
0x6cd9ab4837694466930941ae683bf4bfc46b3dab,active_retail,53,2336.4190300000005
0x73973f2964ef6a66ecf0218619c3a47113e678b1,active_retail,33,904.515988
0x620eecfac3cae6d1d65e533d42e4e52fad3c9586,sophisticated,437,-25.014079999999936
0x89c34a4972b0d539dbc10ad0a47f06a738ad99ff,active_retail,64,3.777577999999643
0x971653d8f7923ed75195cacb3d41c4b34fab8e6f,active_retail,43,2292.3827960000417
0xd8c2dec488a6a19c9fd988fea3b005be8d735cbf,bot,25,1.5
0x9b008e690fb470c37e825f3da1f5334c820ba757,active_retail,15,3253.36
0xf24ef4be57b131b80b26b3aff5ba59f41b728062,bot,114,-109.83876099999988
0xa8ee91a08c2662ac3d5650e5214d5e5cc14c8462,active_retail,40,50.91000300000002
0x2f5ba2f293498483222d26f7a89fd8c18db905cf,active_retail,35,21.01248599999995
0x035f02774d34d4380abf260759d2a4ee5acced49,active_retail,73,83.31660000000001
0x9eb737a1b3df4a52a983d8913a43e2bb347e007e,sophisticated,55,22135.573162999994
0x89924c5df337d9f44f4a62e87cd969112d394f48,active_retail,62,-46.84057599999936
0xa72dae54c63920bf27b03bf9eef7be423bac970a,active_retail,53,-5042.75
0xe4042ac29be54df64e6380f9f05ad70c2355bd4e,active_retail,50,3966.02775
0x863a28c8371f2c45731bc49c70d5ac50dc0961df,bot,350,-50.617600000000024
0x38bb8519bff7c7f1f1c96635e98b93af48f249f0,active_retail,208,12.823776999999865
0x5ab83089ce38f51a5a4e033e0c91929ec8abc7fc,active_retail,28,-93.74348299999974
0x889a8fa933500733b741fb1962ba3415ee2a279c,active_retail,32,48.20284000000004
0x728e8831705c052cd702f7cb5daed5143abe9ae4,active_retail,30,14.028301000000017
0x8c406b32ed37faf3aca58b7eb36c5dd89355015e,active_retail,29,10.245000000000001
0x1dc138550c338caf081f6c65ee47f94d7d23eb99,active_retail,28,4.240901000000132
0xb79db8850842906e9a5a8e673a8ade1441be7be6,sophisticated,46,13814.81422
0xed544e82b57cae34e62245a09a36bbbd1b8907cd,active_retail,28,2396.0
0xa9f76fab4296043ab798fe325b8f2bcf3442de6c,sophisticated,45,1987.5747930000002
0x77f3ded849aeb95c0650ab11fe36c6a53a3f9e94,active_retail,30,21.04665100000005
0x3f73f40a7bd985634b5ba57433dd605489cbc4d2,active_retail,48,-7456.665000000001
0x51f9631696caaa84e0907bdb962f5624354d5251,active_retail,37,36.250997999999996
0xa24ece402978c776ea9e5acb1e303216d234c59e,active_retail,34,26.779432000000032
0x493ee3c4157cf70c8c58711e9844cfcc1f4eaf2e,active_retail,32,25.425661
0x5ae80a13da6e0c363edfb770ca6189c4348d0827,active_retail,30,938.3600000000001
0xd4f6aaa069b58b08fae3572dc0c1777a48014ba9,sophisticated,76,548.089416999999
0x35459792d64d034c6242d6c7797a5b2be66207c7,active_retail,66,-0.5170959999993616
0x43ab1a5e85387dd7b61d3a28d679831c13241e4c,active_retail,99,2751.8051010000004
0xe3ec11fbfca8749d65a9625f44b11c583c6cbe8a,active_retail,47,1210.59
0x6508d40adb52d36fd7233fa50e0640674abd983a,active_retail,177,115.77043400000008
0xf9d535772359fc53979a44b98bd69f5a82ebfba3,bot,130,11494.755788999999
0xaab075aac8ece123e1d084ed14d7e1f33682e4b5,active_retail,367,-159.69345400000242
0x93080037d88e02debafbf81196d6c9fec2f0342e,active_retail,78,-5.885153999999712
0x701d52214a1920914edb871b34e30d23512dd115,sophisticated,103,-526.231892
0x63094267bf562c3db352da62380da5669c6b0943,active_retail,79,-153.71290400000007
0x396f4c220259d742e490f877f9cc935c09371699,sophisticated,112,-4511.9414410000045
0x09ed29aa30ceabbfa5f56b267d1f8aa18fcc8d60,active_retail,168,-55.21901099999999
0x598d9f317d516b9c74a715a4545f95f984beae48,active_retail,171,338.16346
0x1afd1dfb4b0bd985f3ebddd7c3f6e85ea954d228,active_retail,26,-743.7281640000011
0x464f96070c3e9ff71210852b59ad1665bb12875a,bot,94,8.906048999999143
0x162910d3a04ef91f0dce004267dcda084395cc9b,active_retail,117,18.760534999999976
0x7cd1bcb4f78379c81a67c8128332f94b0d52d70b,active_retail,34,-0.900000000000091
0x5d694de65914015c6166d2ca2cdd21be152559a4,active_retail,26,20.49409100000006
0xbe470662a6ad1b0ec31241ae978c2b619b802552,active_retail,31,22.884261000000002
0x9def7b3b0a065cbace5f46d76ba31279477528b1,sophisticated,71,1218.3811
0xc48a8657ff7b732394a75852cd11bfe1e989d4a2,active_retail,20,48.86
0xf83fc69d9431b3c5019222aee20a9c453c13915a,active_retail,59,30.283606999999996
0xf9e03a18d42ad73c7c1e73375d9121791133ba85,active_retail,44,11909.0
0x1b8c81684f5b4abc7a1df8247876485c2b6b237f,active_retail,31,8.998483999999998
0xfb4b735fc9c93d2f5cf48a348f7f9caf7c617553,active_retail,62,87.40205199999913
0x348069260a00f974116e8f34c687403afbee9eb1,active_retail,55,17549.505622
0x5837a3c19ef8fe655eb9f783c467ca756742c3e2,active_retail,36,99.464014
0x62cef0f4a76d87c705cc2cb6e7d562e645b05202,active_retail,38,9.415997999999998
0x16b517df1c255ac8a5b1b00d4c1f56ea97bf030d,active_retail,41,-8037.487855
0x1d969b109a2f13a9ab07b97f6856108063a89acf,sophisticated,45,2365.291303
0x500bbab91803427f8f1d60c23263cc0c92e553e5,sophisticated,75,10499.205612999998
0x8eb4e46bed26ac8ed00a1dd4252dea16ed6ec60e,active_retail,26,14.850000000000001
0x0c0de47bc6db840ec0a0c9492987896e159f0ae0,active_retail,117,65.16499999999999
0x659f4e1062f2afff7f65a5dd87962e5a0d34e423,active_retail,24,14.550000000000002
0x97d872d49d629f94026d81177c7cf9aca568eb57,active_retail,29,-0.9699999999999989
0xc7f92888a0e983da6a5ea049a25c6d9b98f7f606,active_retail,26,27.584999999999997
0xdebc3b34ad9cfb2d4db382c58ea15593592ffa64,active_retail,45,12.491985
0xeea7ee37410a7b8f9ab6c73d8c5cf3d9b06005b9,active_retail,38,15.300001999999996
0xc2c91ad886bd6fa2232f55d6b8212c374639b8ef,active_retail,25,14.400000000000002
0xcc6e4bcd979ab343ca8b3c3bc997396942b05c07,active_retail,29,45.825
0x54714e86c2d303b84c2d0311f6ec81af894e9e44,active_retail,35,3.1668539999999936
0xfd7de4246a4e21d942e87800b9ef23be3c306fc6,active_retail,45,18442.0
0x75c4009e8a48b8e01d5eb66b703d1c78af74fff1,active_retail,19,889.5
0x27f4f8c5dc8a85eeb9d2ef932733607828053e4d,active_retail,15,659.5
0xd6a85bb263ea9f376a9fd28ccac7bd5a822e6078,active_retail,34,38.275166
0xdf0cc9f6448192e9e5eac71399e981dabd1ba77a,active_retail,35,34.13676700000002
0xdf6ed5f6fad03bb4f0c251045494cffa6491f014,active_retail,33,20.70974400000014
0x38d4db6b00e30cf6c79b991c5751d476c2a26bb9,active_retail,31,29.550000000000004
0xf7d964681c0f724a87c9dabd1fbd784a99e1e67d,active_retail,149,11.578162000000757
0x73cddcf26a4a8ed151d80a226acd678bb25e4210,active_retail,36,26.012579999999993
0xdf2706df26dca5bb69342507dadc6b50fd306b91,active_retail,36,-499.91071
0x85956a500896ff809b1991f69f2ba6c32815f2ae,bot,269,23.353400000000192
0x38b7bd7881c4998471bd166860c8045093e9b533,sophisticated,293,303.7795190000001
0xb666958f5131d020e2bf6f22b88f032e9419a660,bot,351,26.79564399999998
0x13770a57b2bd9fee875803d48e509b7f7857973e,active_retail,32,2742.4978209999986
0x8784d36fbf7a954d0f753009753390636368fd51,active_retail,47,186.35855500000002
0x3dfcf402d1eba130c77335b241dddf927a5d7dee,sophisticated,51,-9699.109906000002
0x46e220687bb72ca2737c370af78f0c0ab8c42a21,bot,2515,-1994.7328600000017
0x7600cee8654c4ebb12417bd507f078d58d220591,sophisticated,74,-157.474051
0xb521a2ce601b54b75cdf8f78929fa2b408ac905b,active_retail,49,-468.78379199999927
0xbbd1c135419e4f2fd427a6fe3214996353024244,bot,43,-15.30210100000027
0xc1928af22aa74e216faaf4dab064a64bb2778c27,active_retail,23,2701.211406
0xad0e6d23ad03015f980eb3f637ad2f8656768214,active_retail,51,-144.059662
0xbb44d8d8675553ca1e1a8a1ba6b448c6af3bd3d2,sophisticated,226,7875.108117000001
0xef9f4f0b716df0bcb88854ce21ffdda4e93e597c,active_retail,153,7.984849000000466
0x7d99382b0a284cd8b72efda0c9fceee525c9ea2b,active_retail,78,17.490437999999877
0x83b260d6c6d7034298002021fc011021cf8e0c25,active_retail,30,598.8043389999999
0x36add89acc73291254f5815e69137f6d64437165,active_retail,12,-41.287072999999964
0xe94ce57715312fcdcf643b74d81800aaa4a43969,active_retail,23,-312.5074790000001
0x88de87d4f73c24ece7f3bda96cd6961943e3c333,bot,263,-62.4341
0x990802a2e4f161cec34a0c6936d9de461287792e,active_retail,31,-7.458125000000017
0xdfe83f81a02815d31f1cddff8e0720d36fb3c0ca,active_retail,15,123.21149999999999
0xc399144785ee75015b6ed4c662e8330be6b75a41,active_retail,83,-42.76376200000016
0x2c9a43158aa8383d2fe6110e1ba32bd89608f84f,active_retail,61,2.0670650000004116
0x43b8c53cab434937fc303167b03e47d9259069f2,active_retail,89,650.0557569999994
0x6d682bf40267ce1215a38ad79ba666b05a50de74,active_retail,27,1.7463679999999946
0xef8bd4aa098ca2b374a2a41712b006ccd98e8493,active_retail,54,499.54519799999974
0xb19ead925404e2c7245653541735de4391251257,sophisticated,458,6215.006109000002
0x3cb8f764db6197ad64c53a9710cddee49aa18916,active_retail,59,1779.6303030000001
0x3ee36469dba69c0b694482070644906d587d9687,active_retail,62,-8.204331000000181
0x0542bb575611969a48f14ea72d29a91f72f950ee,active_retail,11,4299.564988000001
0x909719fa7f4837b6b9879a2e94479766769ec4e8,active_retail,28,-1735.6240579999958
0x6f167230af2de35f36f434d8f9c235e2d516b4a1,active_retail,30,-1045.7256900000011
0x8fa3677854a338abc589f7e6750e7a2b561420e0,active_retail,35,-1.7200000000002547
0xa94d64c7ed5af1bd6ef588ceb8373b080f53650c,sophisticated,106,6858.387081999999
0xc72546a7a46503572830f6740b7fd5b7dd9bdfd7,active_retail,39,-5.015385999999992
0x5ad2c505fc65faf6e77693d50241eeb9384d31b5,active_retail,66,-994.1143470000001
0x5dc7ebe53323924ab8768d93aedef8ef816e7469,sophisticated,155,-8927.022837000008
0x7960f86f8f43d8830a16de52537c35ae1b92b94f,bot,3915,147290.59404999952
0x30b6041ee6885608a630568f9aeb3568906b9ec1,active_retail,25,-2.230190999999866
0xe700ecc533b1804cde64d3d1ffde666601b87092,sophisticated,80,2625.6950430000006
0x24f447aa6e9964d1c06e109ca1e913cefedf89da,active_retail,59,-11.914199999999916
0x38c2734df152fcd3a27469770b5b08a0e62fd3a7,bot,5199,-68342.10203000017
0x86790d25b8beec923a5042804319614b36fd22bf,active_retail,56,1116.1
0xed9d989d5982faca492c5ab27c7883a5252c8301,sophisticated,131,-1194.481602
0x21498cc3a16a7bfe3886028375b4d20d6d5a2b72,active_retail,42,54.6733040000001
0x90b9b2e6ae6875c99a067a1e587c64af783869ca,active_retail,66,-14.96161899999989
0xf9cacbc8d8eebe58ab8c9f0c5809db92d1edf130,active_retail,41,27.428479999999986
0xa03ed3c6173287d408e0a602c08937b190ce37e5,bot,1480,1400.941496999998
0x23addafdf82f512e6bae820950ea81468c3b5a1f,sophisticated,142,507.2559259999984
0x717fbcf064242896d3bf3fc3e2d5fdb8fb35363b,active_retail,510,-217.29549600000496
0xe4b837b5d355c44adb7bff994906f8928e794708,active_retail,60,-259.5123009999994
0x6e7c31abae07a41edf8ad3900d79d6909962022b,active_retail,61,-7.327362000000363
0x74cd38bf7d6345e649a66a57ebef470357dee38f,active_retail,92,1789.2947729999999
0xd2c085de255b8ff8d77b91edbf8b9d1292a246eb,bot,4356,-19084.372344000025
0xb5b0b7aafa88903a6cc452845de9b8511f1564f3,bot,1948,-325.46436200000005
0x99662f2fa1660a56d56a4b8aee93383a6807202b,bot,1183,271.9477649999993
0x763114d460cd791cd5f891fa5474f23f849c1733,active_retail,65,162.72550500000006
0x1b24e7d2da234bf315fedd37e23de2d51cef2a64,bot,57,12.836870000000204
0xe37d86b29d4d1a9220fb096ca6b1f94c6aa7ccf1,active_retail,95,190.46666999999997
0x1f3c631b0c4913474cac0ff8ebce906e1229e55e,active_retail,55,-19.31756100000002
0x51e9c70440b4107219d288e45fca0112d6c7a05a,sophisticated,78,598.0668299999998
0x7c563b39a51e5dbf433975b0f702c83aed4f04cd,active_retail,33,-25.533938999999787
0x3ce5d5719484742159a33dd1fbdb0143298e576e,active_retail,78,73.86720699999975
0x8bec23845aa8bb84678d7330779f345e68521f5b,active_retail,141,98.21040999999997
0xec6a4500992b67f0d73a90e7cb3b8be7456465e1,sophisticated,137,-576.093541
0x66193987c93dc2ef65031c384e91746c2b9fb1ec,active_retail,21,-0.05000000000006821
0xb657fa911a10fe07b177bd38ae61a2e922a53a45,active_retail,63,974.55185
0x2539bdded456a0fcb27684546757ba2c65a5205a,bot,126,8294.227130999998
0xd93e5025d6fa0efb28db90ac0920c0873bb65fb1,active_retail,75,34.370208000000005
0xb56213ff1ee70147bbd5d99f5a18522ef2004672,active_retail,76,224.21099199999992
0x4a33f16315a18faaddd8dc93b736eb12640efadf,active_retail,174,-2.5997320000000093
0xea838f095375ff98902efff78b7208c40c68e3a2,active_retail,194,-10.06645500000019
0x350966ea06f108c076209d965aee2c7f573de2de,active_retail,13,-0.007002000000056796
0x36703f3d3859f3837e93a6a71ecc9371ec50a31d,active_retail,34,658.2273730000002
0x669d66e9d560c2db7d5407de452be08a832eec4c,sophisticated,38,170.226482
0x7118e4aeea68fb9a9c52b4c8566d9b082e99a2a5,active_retail,25,193.0075
0x5ab30c55eb716939b3d3adcd1685a63111e83378,active_retail,64,-99.9
0x2c33f706dd8ed0a7de188944b6f19f8ba79dc58d,bot,51,1430.43
0x9e29f8f3c63401ccc6f0ec03050494756d8157c4,active_retail,46,-9984.999999999996
0x269988750eef3366f16dd9aa5a4ea78025dfe210,active_retail,50,801.0
0x2bdda11b7179904255fdb7652e6299b37b4c57db,bot,4259,-276.9860759999997
0x887a47188f28da8a7ca1d88889f3309bac6e2b5b,active_retail,200,44.701050000001004
0x54c67b7ea1e91c53ad690a6660d6fe32e5bbe0b2,active_retail,73,-1785.5
0xcf918bd7c7af70b9823e89c9fdade29e6e9f72c6,active_retail,78,-9.729200000000013
0xbebe49168cc3fe33fd9060c6fc83355c3359a8b5,bot,1966,56388.91454699997
0xb5ac1a067363d491734be33b4f59a1b1058dfd58,active_retail,41,2878.5199999999995
0xc4e7cda50270497088818ccb19f0463bda10be52,sophisticated,17,-5.549600000000055
0xb12a42dc31a653e3d9084b531fd8a51b73fe1e93,active_retail,122,-75.58257000000208
0xa36e727f108a657735956a579db3629f8aee4667,sophisticated,93,-7347.705322
0x3d3e5db04e95bb97f4a9dad7ebf166fdfbc51696,active_retail,61,-8.105283999999063
0xa13a8829143adb6b3881708c6db627b7a15a0f5b,active_retail,41,998.8447000000003
0xc9355254811930e1463354b28380e45e45fafca4,active_retail,22,0.04152199999996121
0x481f12d29ec2579fed980366a3152d4c5917f4f2,active_retail,29,2757.6899999999996
0xdd414bb025b60270e4d805867a324104a2505afe,sophisticated,320,-212.93441600000014
0x3cd6151584b61149f4fe5e909fece94e2eadb917,sophisticated,118,5138.981857000001
0xc77c4f30b2c26b512d89a868ff09b256f51debed,active_retail,116,79.80808000000127
0xcbd2657470324062bb0e3fdea3fbd2e6f77bbfd9,active_retail,51,2810.0735100000006
0x5064299dcc8a50550275f64090bf38268ff47c3a,active_retail,49,78.0
0x363348ecf3bf4af6db27191a75b537d95963eccc,sophisticated,71,-2078.98167
0x9ac610419188e6ee2655e2da543bf483d0abfb37,active_retail,62,29.552101000000118
0x58b8dff637445a20a42289682080457091d1d375,sophisticated,172,1.0480839999981981
0xb94a1b834d90f8c44d2281cf3a3aacd1a29394a9,sophisticated,72,6870.135565
0x8b4dffb0ab5afa904651e4e7c1a1a900769f45e2,sophisticated,60,-1855.549771
0x7a6fa352d534b09d1c7dcad58f7d138fb0890424,sophisticated,70,10488.790259
0xcfff54418d7b59de0129eaa171c6470d6ec9a76a,sophisticated,123,11925.210475
0xff166f1e5718d7bdedb6c6a076395bb158e87004,active_retail,32,196.79427700000002
0xd2fe3502ccb4d53affaaf9ebd2dfcdab15dbda13,active_retail,181,380.71829999999994
0x3436a935fed73352bcd907c27c4f8aa64ff9f36f,active_retail,49,23.12342899999949
0xce054ad1bb55749beb8f6baaa6460aa68aa15b1e,active_retail,124,14.406468000000105
0xd1bba7db6017dd1a09c5adf5f6bb4906fa6b63fd,active_retail,176,4191.647910000001
0xa34c47fc93704a4c731b28cc5851fd0bbc486131,active_retail,124,18.79518599999905
0x8a0077bd873e4b42b7485a73b528517d1b8dbfc3,sophisticated,170,13618.055939
0x8cb3ce3776745a66a57fac5db2647b96bb4b8ed1,bot,134,-6263.559191999999
0x39c3e860e4ef9f9c0c821f2933ee06ae1868e010,active_retail,67,-6.748663999999968
0xcc2a89fb7cfe685fbbf36408ced12341eae1fd76,active_retail,23,24.02469999999994
0xad4c3f5f9c22804f190abf57f13f50eaff0a6f24,active_retail,92,7.526824000000183
0x76e1f6bfef9805e08205e8f9783b4cbcd6d26c8f,active_retail,39,8665.425591
0xebd832c5e6f9429231d73f621919d813401977f1,active_retail,12,-50.35449999999999
0xcdaf4e5cf34383355dc40c243486dd5526228f6d,active_retail,44,23.997682000000065
0xa45a633d319ca123bd1fd3aa1e0bff3783192fd6,sophisticated,80,6095.762654000001
0xf40577b8aa991a9af8b09f219c20bc57f1089d96,bot,79,-2.0645149999999948
0x3462e279d6a24afe72b31b016475fe97449d2bdc,bot,1333,1519.9829000000009
0x4fceb790b2f396cf24e6cda163ad8247b7ddf2e3,sophisticated,80,-393.77321
0xa196170325f3902a8d5fc79134a12727171aa8aa,active_retail,65,-1050.0758490000003
0x253477370e984fc03b2555cac0d08241b92ddb13,active_retail,28,3165.4699999999993
0x387adb0b0697d56ebd111d47e8aee547c88e3c68,active_retail,155,2114.840323
0xe282bb0492e8e84de613315a5fb2305883a86edf,active_retail,49,-2.514854000000014
0x30c5e19ea034cf763d7986f2a5abf3181436fbf6,active_retail,34,3310.6484
0x031116af70b3e217c0a5cd2dc826ae4fe307e202,active_retail,19,462.93109999999996
0x8765f003242914d36c243837ad3679355edfc9bf,active_retail,49,-9.318103999999892
0xce5acf463f1cd79f049b91e534bf543ecfef645c,active_retail,54,-10.397517999999877
0x335fcd60252c52f2c958d01c3eeae56555987670,active_retail,40,123.68391099999992
0x26c94d7f6903df423fd68d27923bed700311d0b4,sophisticated,185,-355.9995700000002
0x7a8f279c2cfa1927a9bae041dcf8de1f54968d69,active_retail,78,61.77535900000002
0x3d07417a36c63d261a9d6c38745d09a7ab3031a0,sophisticated,245,1607.2028789999993
0x9929fee338bcc3e387f863c685f22ccc166d89c5,sophisticated,238,4985.733938000001
0x0def7c0e5fb2b3af2bd6c18d7c88836660c36b7b,active_retail,172,-49.06245700000045
0x0b72c124d003a51100e3af178fdcb815637725db,bot,1533,50.670986999999755
0x7e1570ca6c2bf1ee33dc4a3f567831635684cfdb,sophisticated,698,111073.768099
0xb4043e8248a83160db372d6bdce1c5b06a0aca32,bot,3516,-3084.3715160000024
0x6274b24f4e3ba32405df862fbf5619d9522c1605,active_retail,86,-273.158765
0x23255405e1cdf1426f6fd7e63c3cb168c69b3c2b,sophisticated,55,15361.011086000002
0xa7f3b6cf27c9f253634386b2bea337380c8b1e8f,active_retail,39,298.8453300000001
0xdb455375c946f3ecc508d97ec03070051ab19cdc,active_retail,31,-199.92372099999994
0x3c968862af5925740cbd4cb9c015b2ced1846194,sophisticated,118,3172.5368650000028
0x2d8a59bed57fb36e91a8899e94caa06d9d147a6e,sophisticated,75,109.8728740000004
0x51af6456fd85d892a57ff034aa9bfe6bdd58af2f,active_retail,67,-55.42586999999994
0x8aa6a7984f0b04ec06a45ffd7c0ea769d4c90c8c,active_retail,152,-18.532167000000133
0x5d917976b4d146b43bb49e58989c8a8eea00ad3f,active_retail,42,164.84537699999987
0x44ca9e16db728e9289f4d926dad4cdcb768cfbbc,bot,1574,-588.588676000001
0xaa93e17a09774cb2a3721a4049da8a4006479d2d,active_retail,42,1089.9699999999996
0x9833cf53dbcb678b072d7cb3259304f97bafcca1,sophisticated,83,1206.8543929999998
0x49a0a5c53ea8176cb9c3f90870b16fa099e4740b,active_retail,24,3.5577220000000294
0x9454ff8c36d00f8f4684d7305e0576acc9ea6d22,sophisticated,297,11452.315382
0x5f8fd4648a4a803b931acf17e55cbe70b93ab839,active_retail,92,70.06929999999981
0x4000e0138863d36f8f6511ac1084e9ffd5f6c7de,bot,425,1.3396599999999648
0x5180e260885c6bb28080095983c0847513e15e66,active_retail,243,-30.922927999999906
0x300b0d363132d9992e0b54d457a9c2d00018af38,sophisticated,80,1683.2999249999991
0xad1d25c5beac72554d9da56a126068423c1c35ec,active_retail,37,-519.032418
0x697a3f4bedfa01dd5669d8304183783fde520c53,active_retail,31,-0.4126949999999493
0x7a21086df191543d168c335e98084a232b961f96,active_retail,24,11.352403999999758
0xa213d2b2cdb3966b74d817d0bc1e7a0361b6b945,active_retail,54,1023.5941399999998
0xaa6702e73250d678e8785c75b39a8db131e01e4e,active_retail,77,-1.567901999999996
0xdaf3fd565128b8161f87f037ad9b0be2c16c57f7,bot,559,-1500.8685079999998
0x4696f667129d3eabf431efb986d1ce0f995ce741,active_retail,39,901.553737
0xb8dbfb488bb38d3582bc02d15f2944f344550883,active_retail,93,-0.023628999999971256
0x45ce13e0bfc69870c0c9a705d92124488a611746,active_retail,143,-10.58235700000003
0xf56ceab1a41346c6d7381ad23be8a1eefab9e783,sophisticated,169,393.77032899999983
0xfa75e252716076d28e02390b16560e0c38b05b28,active_retail,100,-146.9646999999999
0xf3fe4591cc7b4492685cbcc58b1757e452f2f83f,active_retail,38,4693.9800000000005
0x31533d1eacc1018baa5b24306de8f672c2be85a9,active_retail,92,-1531.228227
0x57bc129e23fdf76dfd4b0b0aef0eb080d727ec65,sophisticated,73,16321.487297999995
0x0327246621744c3169412fc08361753c68a13b52,active_retail,57,-7.25517700000006
0x8ad69aad1d5c531f95b106eee3a0ccd9e1d4209d,active_retail,46,6.361150999999953
0x276e575254c7b36088329802d34b938e2b5fe914,active_retail,20,14.984859999999996
0x52b7554b1539a96a0851b4b19dcba6444dd6d3dc,sophisticated,679,-13978.288439000007
0xca57be7ceb4f3809ae326a19f458948847a47dcf,active_retail,47,1592.6599999999999
0xb4e025df6969eaa58171ad290720e028ec4708ef,active_retail,82,-549.4477309999994
0xf9dcf97a55c3b3f8c65f7e195054b603c5b4a6d8,sophisticated,86,-10520.130230000006
0x43ea6360c6e709a9015f8dd2a22dc8731a34e833,active_retail,207,545.678264
0x52ddc73d68b875be39dc3d58f37e9ed5d05d7dd1,active_retail,68,-73.44777100000056
0xfc07ecea775bd139f786e644bc326e4f25ce2787,active_retail,46,326.4499999999998
0xd69efb1f67fabb5cf56bb2ead1f70b162d83654e,bot,1182,2682.808235
0x8cda138bf8cf7f4766d9c39356977a7c67280f1d,active_retail,35,17.541650999999995
0xce8345c021042621f56fb616e7dcdc0af38a8b1d,sophisticated,47,9309.692336999999
0xdcc7bfa2615ebedb1926d84ac8262ac6fe6d7047,active_retail,47,90.99999999999977
0xdc4cf6719ee0bfe1ab34b292c2eaa0242829be01,sophisticated,81,5774.92275
0x95930ad923aa1345b25985f69ec59429bcdf34c7,active_retail,80,1963.2348
0x8220d61b80d11077db2859be365a738c72f589be,active_retail,39,30.83330100000005
0x2b031a311fd49efc5b345e69272e3efb49adec9a,active_retail,72,-17.96304699999945
0x812a242e5c7dc76b41b54c9ea3d1647e63aa39db,active_retail,33,29.440000000000005
0x62eaea7b2458c86b627c2df99528d0dab43ee3c2,active_retail,53,116.0
0xa57e08a3461c4653785121767d0dec5366a1cb67,sophisticated,55,2512.506036
0x80aef3a43efc7572485287de6252ca9fa47509c8,active_retail,46,31.369500000000002
0xc739270e18294f0eeadf2a643fc77f94454de746,active_retail,33,26.875000000000004
0x165ead1255f22d93f8be3404967b6fa55a1671ad,sophisticated,41,15795.901002
0x2658dcbd2d9de542fe05416ac65ca61242d5fe26,sophisticated,53,1642.846166000002
0x621a2735140400337b5364233fbde457e3b6d17a,active_retail,66,372.5200000000002
0xdab3b867e54691a394d7590af95d1d3331de7826,active_retail,91,-418.480818
0xd2607db94f6c0c184831c79d44e871d5b78b6858,active_retail,72,412.4982
0xecc945922ebc171c3303b327a887d328513792b1,active_retail,114,116.10300000000001
0x6095156546880e6f542dc65f119a44c7106eb9fb,sophisticated,376,54970.264525999984
0x0ebd1286cf373c71c26d571f1b1de6aca001f21e,active_retail,89,-34.93872
0x392f4849ed2c84c27898074cb88915271b5e79c3,active_retail,70,-46.96786899999995
0x05ba84315913910cfb7550020005d168cab43ded,active_retail,115,0.4119260000001361
0x12b0c419fdb6a72559175bedac5ebbe9e19853b1,bot,55,11.038302000000026
0x0cae70f262d7bd6e3d8aa6988113922ab96b6667,active_retail,35,-5.334502999999518
0xb2af70169a8b24af70f4187df277c026b03f19b7,active_retail,90,29.422887000000856
0x2ae9c371f6c4d763a677973edc7a5cd0e7e7f88d,active_retail,45,2291.188
0xbf6a0312b5c48de0b9d2f63df3aef97e217b9821,bot,792,-21610.828
0x12281a923d0f8d69d60b1d54b61e9587c068ac29,active_retail,22,1039.991791
0xed943d61b090ce6c1a06f376ede7981b73c8fd08,active_retail,44,1675.565896
0x4db2cf9baf837c13cfbae7059f2d83aece165ba9,active_retail,41,1228.7940000000003
0x15ff0e9d9fe7322155d22df9118ddc1c35c7b983,sophisticated,40,1329.745093
0x524a3bbd62e73c70a426231e262e10874425c233,active_retail,38,4182.373709
0x71b82b10ceb012d5e77da3f1f961099a203c1528,sophisticated,78,400.52147099999996
0x5fec41f92bef1111d37277a68a4ca21d242d2292,active_retail,101,21951.703100000002
0xefe51564d3d19cd5381364999be7fb223c0f1315,active_retail,21,6.5547630000000225
0x909efa26ed4cf443a2857b805bde9c6ef0d56d8d,active_retail,48,-444.356018
0x1ede8a954f06ff64717c95ea2dab774d4bf42de3,sophisticated,297,3792.5033129999997
0x6df48ebc3611c532f2b5a71cbf0450e10f473c39,active_retail,21,9.990199000000032
0xe69322ed035cca37276867ad7d4c84fd10a67475,sophisticated,80,5037.244701
0xbe86c7c16fc541f79b4c3f8de1b717b3bff4ec62,sophisticated,198,40.2962909999996
0x57395fed15f537f9640baa5dfa8b25462bafcb60,bot,1519,229.7522049999999
0xa357470b276dbe040a28ee2200eb64cd031fb704,active_retail,38,529.9549129999999
0x5c2f729f175d93b55bedb9c40cf4917a993cae1d,active_retail,61,-1810.548485000001
0x0e88a89ce8ab6649c57958d5db329a98864a48fd,sophisticated,243,4235.294721
0x8add8720d07946e649b80b8ae70f17e5ff5067a9,sophisticated,110,-39.341576000001616
0xb5b530d49711be9e076838e22db46dc384c76cbb,active_retail,94,-8.452994000000427
0x410739889ea5674d90cf2b70a018a4b5067ed982,sophisticated,250,9370.343620000001
0x47aa2e0410e1125b8320cddb7074c0fa5e7da209,active_retail,15,659.271119
0xd05e00ff2e7a5b3db2e38c72fdd6e88b5ccf369e,bot,1254,2898.7531600000007
0x031b38414ea31ce4b2c5ab6237fe8cc1613be92b,active_retail,74,-3055.2185430000004
0xfd2e8726011c28921f91dc0d26f0122c7a75dc54,active_retail,89,0.10186100000001375
0x63a253ba20ce852005f766f970b903e27bc007d8,sophisticated,171,428.15000000000015
0xfd3772f82d433ee09bc2f686294e43b9873f56cb,sophisticated,118,1299.759342
0x5d5e8aed0fb7f80abc69087a305829ebb4f23ff4,active_retail,72,4219.384188999999
0x186abad3f46ae6a687332e77c721a01e070d064f,active_retail,62,-29.93624899999987
0x6f200f6d5f1362c0b904458ee365be1ad2e9019e,active_retail,134,24.136453999999997
0x687a16f6613c6d69231a3692ad6bd7b6a23858f1,active_retail,25,-47.30109100000016
0x6439a54763fa29509894bb4a54c8c90e573fd97a,bot,206,-3.000957000000021
0x067981fabe244ee9bc0bb6e7ce5d1b101aaba22b,active_retail,73,16.50878300000046
0x8b116072611bb0696abe1836493f9f4f87a2aede,active_retail,201,-29.41092700000081
0x51130736e7c3f24693a77fe11a1eb5ad99975a8d,active_retail,129,-153.09637899999913
0x135e1f713cf542ffd28e90030f85b1a3638d87d4,active_retail,39,-297.95790199999925
0x4b805327942664029d72e2440a622cf4dd5842f3,active_retail,32,-0.8991309999990298
0x099a7262fa86cf63b8811addcb03d0bbdc84c946,active_retail,36,-332.9600239999994
0x4c5b4ab2f42f33022c3bee1f783a2486e9bec710,active_retail,37,-313.0435950000001
0x9befcd857148b71dfaada0f83133aa6516c6a3b4,active_retail,40,714.7156100000002
0xca07b90cc3272477f3bf27dcf70195de0ecf2ced,active_retail,70,128.67484499999952
0x61269c56eedfef7b8bcd8e8cb96a91c04172e892,active_retail,18,192.83079399999986
0x4bd3e08c78828916440b7a09aadb5f083b98fcfb,sophisticated,66,14362.730786999999
0x56b575e70f581fd664fae8267f19c92d43d2471b,active_retail,60,997.2921490000001
0x5683bb3729ebdd4669f4662cfa152ab33764906d,active_retail,59,-8.644487000000197
0x0f69576ae53a542127465b5131ddb9845b7701e8,active_retail,40,-12.668055000000003
0x90383fe85bc6c3c48c7e2efe16a6fee2a4ffe776,active_retail,35,-1154.9749629999992
0x82510112b56f6444e81a34691782b41bb66d6d55,active_retail,54,-8.068316000000102
0x13195fb71a894748255205605aeaeb157113d7db,active_retail,197,27403.106419000003
0x2bee1f73251522ae2c1800eb3b92cb4077414414,sophisticated,243,734.6109799999942
0xa72dd7a8adc3c9f4c17682fd3fccf5fce49bc04c,active_retail,50,369.168908
0xdbd63318f2ea48f5ebcd3206f5d18463d182de90,active_retail,477,811.3197449999998
0x2083456decc3d6b2f477580437a840a8cd563aa3,sophisticated,111,8946.759053000002
0x1f2ffc2c7acb217bb035ea7fada8ec6ebd8981d3,active_retail,125,-117.420391
0x5a7c576b4e6b704b070b50620ab860cd226aeab7,sophisticated,152,-3516.160153000001
0xdeade3e9e8f24833daf118ef448cdda7289e09d3,active_retail,415,162.48559899999645
0xf4fd87d75f198e0f410b832779b9a041bd4e83e4,active_retail,10,116.81559499999999
0xf68eb3f77bada0daf2dbd493f2b58902b4543527,active_retail,14,397.93747399999995
0xbff7e55a22d1df4f23b042c78b56f62aa0b23005,active_retail,235,-2251.1138690000002
0xef10dc1b55d13039206e05c9261f86b2d2e1ca2a,active_retail,89,786.6377409999998
0x80b5a1072325ef6ef70fa30e35c537331edb17f5,active_retail,36,1625.8710839999999
0xb983deb8715dd75516dbceff45b897b1533977dc,active_retail,31,556.3800000000002
0x4d15105427b9497f79bec06d881abae75df6fee5,active_retail,50,3302.0899999999997
0x04bf75f0a5868ef37db9ae81b224797f41b6b67e,active_retail,60,-6.8825950000000375
0x9f6278550f69e74c4a448acc0d723ddb70788083,active_retail,42,2403.0942680000003
0x232dead042d4652a2a42785d08d5d574abec5764,bot,253,38.08748500000001
0x203cdfc49cad862bed1d5b031eaf322b05c724b4,sophisticated,74,-2992.5037759999977
0x4ed23024d0efec86c9beb0b72f89c4a62ee5f4ad,bot,89,9718.02005
0x5c45bd7dd1c1c009c2b8badcb9d866c1e611794b,active_retail,119,-8.197127999999731
0xf2bc381ca779d82ec7f1de86056e28b7942b3b0b,active_retail,78,54.81761900000049
0x237c76e3e3fcef197dbbf6f128b7193f7626f45b,active_retail,89,15.461431999999588
0xc7d48c3c5510ac97344c37c9e3fb61ca4531983b,sophisticated,293,279.1366000000001
0x293f8cd1f6d5426017cb7f51715c99f647be3e52,active_retail,119,-2750.549161
0x9c233381a641f35fc10c7a501a9ddcfc20cb2890,sophisticated,87,3616.928287999999
0x51fdc0db46dc750304d138f5303ac0ef5cf57816,sophisticated,94,-2033.31191
0x6d6a39df9cb35408fa8bfbb3946edbd837755128,bot,1349,3046.7931600000015
0x16cd83cf27ce3b93fddefbc9768d502023a5cc58,active_retail,60,172.56483700000055
0x4ee75033cc039595e7682775c43f4b3d56bfa527,active_retail,50,1052.821018
0xfa997c3bbffc25b147c6d1707553084c6d27bc0c,sophisticated,190,-3.099748000000318
0x0ad2b7327bc8037a6e8a53d1fa0bac87188c39eb,active_retail,191,-3.548545000000008
0xf60bcdb05c87bc3cfa22ec2d2a1c65a26ddb4848,sophisticated,211,4701.928432000001
0xb0b4cb0bc54746e3d5ada49ee480cb248a5b3762,active_retail,88,455.9456
0x0119caae85d6066b20de19591e024c7ba2cdc528,active_retail,89,157.72098900000003
0x8c6448c448cbff77d3387b2761c5b3612270e1f1,bot,207,-2.421342000000015
0x8a2aff025d247cafefeac5237b9579a9843db7ca,active_retail,51,-38.340644999999995
0xe2504d593c88c37d16c934b29948f4960c3307c4,active_retail,42,2974.102704
0x6628176a4eb75f2e08dcd1702b0781e2f439e42e,active_retail,72,-37.976337999999714
0x3d0e88e4bc6e0468fb8138ca3dad1369930c4fdc,active_retail,52,854.6884040000001
0x9f8549cf4cfc49a08d165d557b7bb6f5e953a5bf,active_retail,56,1421.1399999999999
0x32e1a2a31743b45b7e4a5d34d347930d5342f093,active_retail,42,-9902.6039
0xc06969d01cf1e353d2a66e030387f7a5504d80eb,active_retail,374,33.7230440000001
0x2dcc61a185a330d2c2f323e28467a31a43d6d8b0,active_retail,33,66.80089000000001
0x0feecef3866450788e28bf3ebaef56b6b2b31502,bot,554,68.52573399999983
0xe1887bd63a7ca60d432d6f8b57e8e600bfb0a011,active_retail,73,5883.912267999998
0x962a7eaf2dea625376beb61faf6404f6ba26e2cd,sophisticated,127,323.89400499999994
0x18903bd1237cbf9b1271199f5c1ec08a65085831,active_retail,46,1202.0006849999997
0x0a9878bbf6a41f845c54f62bd7c8347a24d4fe4e,active_retail,29,-26.90629700000046
0x851163cf2080e4952cd73ff2c9b5542b94779873,active_retail,28,143.76297200000005
0x20d7e898950b036906c7048bae1feb5ec311a000,active_retail,18,2145.73
0x9b26df92a76a206bcf1fed98c3029bcd1bf9e5a9,active_retail,80,-0.8038180000002573
0xee622b94f2e89bda0269db3002ddf581f66110fc,active_retail,115,121.01559899999741
0xb4cad000b94c74c044d1fe311a0c898786049a7c,active_retail,134,-68.67186500000102
0x485395fd43d6690cdf0dab5b5fb30e980426099b,active_retail,18,-9.399999999999984
0x870a09ae03866e6378a9c33c152b63e163177473,active_retail,159,-325.5888600000001
0xfaf42f64e243a405bf6934f7ee4209804c347c5c,active_retail,40,-215.21888999999987
0xcff2d71d6c9da3c1ebb301388bf3181fff357817,active_retail,109,61.17645399999856
0xcd0a0cffa02a6d5c3c6696904384e6c5cffdb8e0,active_retail,130,133.43727600000034
0x537bfccbc488ffb94c508a5db02e1009b43ead92,sophisticated,126,509.5815120000001
0x8ba4f1d02ebbd526621cab2adc5f6882f6dadc61,active_retail,98,233.524344
0xc0f0ea6ef09e10f067797f21a8fec2d7598aa85a,active_retail,38,-116.54824700000015
0x53646e4940164c5651c1ea749502837f84ce84e5,active_retail,231,-26.126324000000864
0xab8b5a8e7e3f214aa324465d45f50bdfb8ac467d,active_retail,136,-301.4514660000003
0x568eb9ec5381e80fc11c962f4d57a4a0119ac24f,active_retail,55,206.450318
0x3d1bd902d84dbd76b12e4b836d5bfa998540b977,active_retail,143,-6154.343886
0x1ccfb3dc8dd929c729b89f4ad03b8066bfb632cf,active_retail,13,340.9945930000001
0x24c2b19c7a83e1e9dbd2c802b480b6feb747c43e,active_retail,14,14.405287999999999
0x51c41eb88214be7cda03aa9f6e2efd00cb34868b,active_retail,74,1.6515929999988153
0xd1f52290463a117971b47af12df1efb5b3c6f91b,active_retail,117,-10.894428000000033
0xb6cdbee9fca75f56acbd3f86ebda93171c63d1c9,sophisticated,62,215.39013900000003
0x1a8e063d22be08fff3264b24a048815d06e34457,sophisticated,200,65.27464399999945
0xb533994b74a52afbc7d9efd9f6dba043a4a4190a,active_retail,33,-27.40779300000007
0x3ca189329043d98c6e398ffdc32d6ddabb169496,sophisticated,154,4643.928523
0xfb498ac2428fcdc27bc752f732d53971982543fe,sophisticated,461,-1472.1542040000013
0xf214e75c36eb543a9c33bbbce6193d11a5f073dc,bot,135,21.46549300000001
0x9f128313c704843254e3ecc9d3c021859ddeb26c,active_retail,55,5.104400000000002
0x829b55564a6510a43e4f96cee761536710691932,sophisticated,51,3048.547572
0x6364d901879f30ec42b14adfcfed947db0d2540f,sophisticated,195,3796.5667000000003
0xb245baec095a77c33445fb6b23c290c59e53e8ff,sophisticated,63,7437.563829
0x73d9421fa31a50f6fbfe6029bb9da4d36d7bfdc8,bot,68,-3.0700000000000784
0xf32fe10da4e23ef82a116a8149238d50acf73300,active_retail,14,-3229.3547229999995
0xb0ec9c9b092df266623c53098f8c64c04f0d70cf,bot,56,0.004417000000103144
0xc33aa965d9752fb7c1afb4549775b5b6b968cc64,sophisticated,253,61.028180999999805
0x3fe84fd253a55c8e9cd297392ac82df7b51c4d61,active_retail,16,-97.404813
0x3021ceaa30df21d7a01596fe153e5993c38a51ca,sophisticated,363,-47.62857300000201
0x95e9fee39d958eed02b1a6acf1be0401feb48816,active_retail,44,6433.636663
0x52ad122d063238ba304551413f4e28b295150b9f,active_retail,121,1464.709537
0x19d45345cf8854930ed70ed40848f85a436e9423,active_retail,53,22.72784099999986
0xf1ce975e9be620e9d01050de166f95d18ab014b6,sophisticated,54,2024.0400559999998
0x976338923ff6e27011f70b12a5594e5580613181,bot,75,-91.43000000000006
0xe3417f55cdd72c24afd3909e0388475d732c2e5e,active_retail,37,-210.01951599999973
0x1039219c68c6ce6720123e24a053eb1306f89e5c,active_retail,191,-172064.06686199986
0x53e3e536eb99a6356567b565d1996ced27465ac2,active_retail,43,347.7986059999998
0x043469a45f8e08c09d461cc859ec5df823c70ee1,active_retail,119,34.901711999999975
0x1c95f6144451ee0545c524d43d9795571213b751,active_retail,14,1.2726600000000587
0x39f7ac333989640fad4243a1cc1908f9f34a9b8e,sophisticated,49,14680.550412
0xb0c5c797786b0f070e7cf4e043652ed9bbfb0544,active_retail,93,179.0422529999987
0x35c6598e59e749fff413bd78a2f4c708bb14a5dc,sophisticated,206,-182.39193000000014
0x1c90a3a183a878288064683cf94a1d5966241b59,bot,558,706.8106909999998
0x1acba3c85a2c02d12c79fbc2a1fc924bd2c90093,active_retail,17,509.96000000000004
0x61a522ff931ba9759058af4fad5870d156c840da,active_retail,32,2367.168177
0x91ce3e65c6cae4a67b3486ca0e4a94d43e73d165,active_retail,132,390.722187
0x56a54be0c94052002b640d8b34089851bc15042e,active_retail,48,0.18214200000033998
0x29d81d5632d025c2dd2e1694302262496286b56a,active_retail,66,37.94169699999999
0x848cf002ce9a40d1e3c1d77194bacd72b8fc7ac1,active_retail,346,18.664161000001286
0x2d65cd88ffa974f9e4fdc18e41ad936af0cb9eca,active_retail,76,1311.3965660000001
0x07698afcb34da0d7eabeeffd9c88c6c9393394bf,active_retail,122,-124.03472600000391
0xe89ee390b762762b0e4447ee9f49c069d8a14b3e,active_retail,128,96.61719800000014
0x3d8841aeff580b6d729d23d9d92005cad975a6fe,active_retail,59,333.831277
0x7aaf9725c69b926fb11ede2b6ed05b6ee50ba31e,sophisticated,226,-5235.854374000001
0x44874d0ed85c31e1aba37718c37052b2d8cf3065,active_retail,178,0.2322309999999952
0xc0b89ce7cc85841edf50b0c5e1434dd2ea7e1b4b,active_retail,94,-13.893908000000067
0x90f8b2bd04626a1ee9e3f96b595eb6c1777d7cfe,active_retail,36,4.547473508864641e-13
0xd5b399a43bc70e358908ff806eead2bd01ec7565,active_retail,57,-6.636046000000064
0x8740d94c258cf71ca6ceb89e58421903ec19e390,active_retail,257,17129.352126999984
0xa2c598722198ab2944155dcbac4daf8ca479058b,active_retail,71,986.0848649999998
0xc3d3c0b834cd8f87f503947d6a2b41fa145f4f7b,active_retail,62,160.10000000000002
0x759a0b7041ab2bc70db94082bfecc8838dda9778,sophisticated,78,-89.80217299999958
0x5425dfebd726f65fe2717ffde1f0c61620a11d8c,active_retail,62,278.8337439999999
0x0118de61d6efef4a8c2f9ef84db0b72b8dc2e40c,sophisticated,324,455.91205600000006
0x8e0a0b9a2eec39554abba9abcb943cc926b6006a,sophisticated,110,80.13729299999989
0x852e912f877d64768f3264f6d026da2bda1274aa,bot,1231,1689.2109499999997
0xf9dd4c5aa7a8b7023e9b0813b5e0be69454db0d0,active_retail,106,8424.567948000002
0xb41d08d63269f42a6e6428e1f1c466d94fda93fb,active_retail,102,5.575561999996353
0xfaeac9f6b95c0003647429325e88528f0a790023,active_retail,206,-22.0247410000001
0x65f968272d892172b2a81a80b7cda2020bdc9562,active_retail,32,-8.167186999999757
0x8125845a23d40bfb7db3742637b2269db4137a70,active_retail,24,3736.15
0x5091e7ef4a71f0568102aa09ebdf8eb294cf383b,active_retail,67,-511.7786689999999
0x0696adf58c7e0db2afa9975116e84b0fcf5d894e,active_retail,33,-126.8900000000001
0x79a0177e622702ddb0cc3b10242f1cb80a5665b8,active_retail,48,3.8094690000000355
0xfdecce7e1312561138655f928e8467930a13a64d,active_retail,23,286.881993
0xca7a757218b1894b6be0dc275ad0ff0ffb358b82,sophisticated,152,1007.6063120000001
0x2a85476937cf718cfb3573a6e2a0bbe659efec08,active_retail,178,336.7711779999999
0x1faa5ad0a519e736bed0ed5f46739204b0e1421a,active_retail,24,2025.24
0x1d6eff65e9ce7461dc49c23a9f774be30cd34f7b,active_retail,73,-7.539453999999923
0x0cd8fba1e19bc0f5fb585328647fde5e9482b0c9,active_retail,45,36.71946499999999
0x085126f03df313007e53e387896012c3badc9c80,bot,65,1.0950000000000273
0xd16c57a51f3e78d6aae47ab55dd3b90be898355d,sophisticated,67,244.00704899999982
0xb9f3bbe6caa2d720f40ce740ea9568595fb77e22,active_retail,33,1267.6
0xab0e0b5c32b9b0201b5db39b9c21fb5ed951118a,sophisticated,109,-1773.1183509999992
0xe84014da3d3256e7208f7f3245c25f1cfc461c0a,active_retail,58,1375.6365999999998
0x72789b08a5fffc693113ea88bb630316a664c48c,sophisticated,81,5752.8268
0xe3175fd2f38947be00d26072cd7e97b3c716816e,sophisticated,44,2373.1390429999997
0x034a7c2a175fb37dc5da01b8402b3912d1a2d53b,active_retail,152,495.04708600000015
0x85f8899ec2ef928b26d7b88644214df304ecbf1e,active_retail,53,1160.7529199999785
0xb98f360164e7f872dcc9da743865cb220160afc8,active_retail,168,-89.86301999999989
0xa87f1999d6bff0c44a2bdaea2e39e9097f2eb796,active_retail,31,30.000000000000007
0xcc43f4ebff496f2a9e2a81b2e6b83febc3dddbc4,sophisticated,44,6622.535
0x0aeae6b924831ff558b761e1aa97b19845143e05,active_retail,33,9.806831000000024
0x3e338281eedf4d6b8a3fa8e7059200d7317d9cc9,active_retail,40,82.66876900000001
0xad883c669a78f70f070c00a8dead7ca0b930f2a5,active_retail,32,14.025000000000098
0x2a4dab91365cb133d4b585fab5ad1971ece0f97e,active_retail,55,7.588301000000097
0x62706090a4573643de35a8896ca7e636e5f231b7,active_retail,25,344.48601399999995
0xfd19f248d60addd558b27ca6176cab6db854371c,active_retail,56,-6.569266999999996
0x12cf1709482e0468143acaa63937903fb3753db1,active_retail,115,15.443787000000514
0x0c41a0723ca1a38e4d12d279ed744443b67602e2,sophisticated,30,15800.0
0x788e4ad9c0943f7e78075c4c037aff18f224d4f8,active_retail,24,867.7335249999999
0x309fa279387c7464db9164cb836b0c3b56f9e088,active_retail,56,-124.49107200000005
0x9a95b65aecd54cf46b0225bb9d9c8e449c26c43e,sophisticated,374,-1008.9756809999981
0x3b729245886544cbb24998bbb82c8812bd4b7dbb,sophisticated,326,4235.039067999999
0x9fa2b5bb916e6c8190c120224426d9d5b655a115,active_retail,110,18721.996173
0x05b4bf68b8ad90a0dc2586f8bbbf2db26eefa084,active_retail,16,-94.54675399999974
0x8fb2ed1f39d1b401060ca58196e0b25462e0e352,active_retail,59,152.99036399999932
0x936f6ebaf6c01ebacf567a0e2f116e8a5d2ee0f9,active_retail,18,184.650062
0x24c34cc938e1df56b3565216b2051739b0bd8616,active_retail,137,10.695099000000365
0x48487a2d08130c67410554413a6b6006e3ecc4c4,active_retail,204,145.00647500000002
0xd8a4256da9ede60097083728a961d91acd7675c1,bot,2420,-11938.727869999982
0xa4df6337cc08aa2e62f719d53698eba03d0efbb2,active_retail,82,-3.1772340000005617
0xd2f22f40cd9568f4fe955d8395762e03e9249a77,active_retail,53,450.97196799999995
0x5482d5ef1c5c3f24636d61cd4e2c22f982bafed1,active_retail,23,188.10448200000008
0x959531c2e51c99da048e46d10be967e3142e39f0,active_retail,74,-14.289416000000204
0x41c77f5054575192058db33a251056f8b9c05b5f,active_retail,160,184.04750300000012
0x81447dcd019acdf71bdffd95ded8f54744ce29c9,active_retail,30,179.8959850000001
0x20a5e6abccdf9ec432f8909d327ce2b366e9c50f,active_retail,69,2754.9872159999995
0xa68026f62cc8871bd4941f630ad2f4b4aa0a750e,bot,95,772.9991
0x46b2f91027bfddfadeda5768b2c50bef74878f9f,active_retail,17,3839.64
0xb870716705e2dc6ce3aef36af6de07ac3177e5c9,sophisticated,282,51437.799354999974
0x1b2ee22b9c0e7e6fb3611eb677399748303ecacc,active_retail,54,513.4613579999999
0x5ff26d2d3c1bdc4a8452ff3dcd9a35402591cf9e,active_retail,15,779.9000000000001
0xc8981e21ab5eebb28808be83db6e11bd3d22e5b3,sophisticated,35,13673.3
0x403538fdc98b87f5e5ef3bb98fdaddfb0f7191aa,sophisticated,131,1369.7498449999996
0x07b3af84715643783bfb91dc2f4fb4c08f51b4a8,bot,787,-14.375160000000033
0xdd04841e476b013ef34f6415668f6d097e4e4224,sophisticated,112,5555.9564500000015
0x1491f92929be6d221ee23319ebd8c9988043c8d2,active_retail,173,-2554.770522999965
0x948fb1d1e8847d4ebdb3b3984f579a7404e9e98f,active_retail,73,2.4865810000002284
0xde47141dbaeb7481f56c085cb797a213b5e3eb04,active_retail,61,75.84519600000061
0x73620e7702505f7791d8b48b58fd2e1c37cd3abe,active_retail,57,-9.623062999999973
0x057f236f41350b78034a932f2b209c0f05fe684d,active_retail,30,-335.30508699999996
0x4e9bbe644370fbb1f70834a43c79599dad18945a,bot,269,-2499.2445429999943
0xb9195e529d6c62089c4a3e59bb0458923fbeaeb7,active_retail,38,3.251246999999978
0xdc360eed13efb1c0190ba16bf65a54d21d2fe248,bot,2305,30.992187999999867
0xd649b04374a851e35bb64dda6b3187d89c96ebe1,active_retail,20,-244.81050399999995
0x39a3cbb7d70357257297b461839ca105f1a9edcc,active_retail,52,59.43770200000003
0x4fad32d7f464fb1ce60a877d00dde278ca7974d1,sophisticated,624,-905.3601690000036
0x758f173171f34777ce38074d4963ad466ccd722e,active_retail,37,913.3188910000002
0xcae5b251b285b40f0cad61362312b779c9ec1cfb,active_retail,127,22.668747999999407
0x3994725f0b2bee9deae31dd22e3610601cfa4af8,active_retail,56,-5.937276000000338
0x8eec6f7d56fd8876ca7ce479cf22bee5b65d6875,active_retail,49,8261.583107999999
0x7cf0946fe82a49f9c2080d2c33cdc52cb6f8cee0,active_retail,48,159.7818510000001
0xee7e5caf5505c06f1f611ac9433461c1b2c7b1e0,sophisticated,809,-1327.3969959999981
0x66e374247be017c1819bec0edc2afb4281d7b3e2,active_retail,36,62.43432499999972
0x10e486c232338451f694638bda12ce4e8bde6a75,active_retail,61,2531.2151609999996
0x4124c723acbd0ce09dbe2cdcd829cbfe47c9e7ae,active_retail,68,7586.409109000002
0xbe2a64104473398a7bf56c9717295825b518b76b,active_retail,23,-52.33695800000004
0x1f55e2fe3eb904c8e10dc782278ac01dbbc5d246,active_retail,14,-101.50890700000006
0x9c7838b6240333733938144a11bbcf23ed8984b2,active_retail,34,560.8521629999999
0x29c0ea79a562735fbc85af2214d144967db26453,active_retail,70,-7.004357999999911
0x9d7314e0774d4ba765fd383a2b5ba0db8a37b90e,active_retail,64,6015.160045999999
0x462619b11c3b6d343d47dc45dbb8cb1efeb38502,sophisticated,60,4.605866999998277
0x08cc88878ac312fc6622542fa178038c3416f6c3,active_retail,45,79.690321
0xc97a6bf9964c3bfe44c66cd465e35d1ca2057dac,active_retail,31,-470.61400000000003
0xb31e9dffb2e4dd7eed65e2cc4ce5a16b280cbcce,active_retail,138,-50.163994000001615
0x6397b25724f2eb126ce0bb049a8011fbf1b468f1,active_retail,16,406.0168980000001
0x555310d3a451f3bf46b87cb4dcf515cf6e307a06,bot,110,4116.2100270000055
0xc620817b6121d7edef3cb7b8f0f84de6ad8e7a70,bot,1182,-651.0914610000002
0x530da91cdaa38abeba7ab36676346d172d51c1f2,active_retail,25,2409.41417
0x02f7f87d7f9daf05cfe0bc0c6b4b5cdbc2c6c067,sophisticated,87,2218.837304999999
0xa550c085cc4946f0dd100e4293b711ac38891eda,active_retail,27,1037.1996480000007
0x6f41e81534f98b4484b511b22ac3d46545e065ee,active_retail,68,1092.5958959999998
0x939e6b76729b18953262b180d351960cd6afd1e1,active_retail,69,1106.4375390000023
0xdd8e67a862bd81067891ad41e86e9673229ef023,bot,13151,123643.03974999982
0xbbbaacb7d04cddc6c0cbc17fa79e47622b67e3b7,bot,168,-3.2197999999999336
0x4fc34926591328b546403aa130b3bbeec47700e4,active_retail,36,67.05000000000007
0x07854a32b27eb58850186b5d6e5a1dd1921c14bc,active_retail,83,120.99387300000085
0xac1b3552756b41b3d218220aec24138455f98eba,active_retail,59,-7.395046000000138
0x197ad06412db78463402a2b2f1effc8b7df2ee08,active_retail,87,89.70111300000023
0x4e4ae5de09e74450f375427aa601f25dab522a73,active_retail,20,3835.0
0x1bda66ec6bb2d8ea3f600a810f7e163b7d828254,sophisticated,58,-278.8935910000002
0x023e524ddb3df775003185b6ea6077f6f5d5aece,bot,100,-6109.838199
0x6dd0313d00ee02f77112f8e9c0d676fc614941a1,sophisticated,38,1457.961648
0x0deb39d16ae9eba9ad3166f4fd8deb2141d0a528,active_retail,82,-65.36037600000002
0x5e4853c4d57ec76f25eb90a49cbbfa51928ff910,sophisticated,77,1973.1312020000005
0xf3e08b8bf61f0cfb46103135c3f710e40df38875,sophisticated,61,6846.102539
0xffb10fd75ed464ea8d7756d49ac1e85d95ce0441,active_retail,44,1200.8783820000003
0xada33a56ffaa224ddfccdfef811edc1c2bb523cd,active_retail,16,44.50189300000001
0x4cadf42f5663c6d177f77f46e380b66ce7e9b991,sophisticated,68,-1298.840987
0xbf0065129dc212840c87f274ed57eb368b4b3d07,active_retail,95,-7.008672999999883
0x24996ed9419a4d9b2a8a299afa32773ac42f3fef,sophisticated,84,226.22023999999976
0xa3e68569ab757c8df30ba305dcf3a99b54737b20,sophisticated,27,357.5889619999998
0x545399399cbfde0b511ffb0d2b8c29ba39a7b234,bot,554,-13098.235418000002
0x861e3cc4f8a2cf4bfd2460417199aa81d944c8f6,active_retail,32,440.48148799999996
0x69b8aa3c6dddd0e4b489f33037bfca0a6d1dfade,active_retail,56,1006.64
0x643461bf482041977c78449e4dbbc5c053efd256,active_retail,178,-3.4185929999999694
0x41eed635629ffecd83dd83f953ae0a98cd064469,active_retail,132,7702.931063000002
0xcc605b245a51795669fc2cdb3081b3c301163e66,active_retail,151,-772.52717
0x83c6b211407f4a1f5a284bdecedbdc609ddf2c17,sophisticated,38,-800.4230659999989
0x6edaab68bcb39070d5bb21fef059886aa551054a,active_retail,78,-29.80282100000001
0x6233c2523f37e795d2604fe5128e0b625b389b17,active_retail,65,327.8098810000001
0x4ed1490b0bebd9ccf7cb42862ea7df70ebc0fcfd,sophisticated,315,40564.74854400001
0xf152e0957157ce2fe66778e4b3bd3504ac01d1dd,active_retail,141,17.468896999999977
0x685702932e9e98276e60e6caef59e8b60475e656,active_retail,58,-6.510155999999997
0x7f4cb82bb0c40ae6332f92e99c09f8d67dab7aef,active_retail,52,-2083.511413999999
0x547493db0bf4b8f271d8570a90617d8c820c9559,active_retail,55,1042.0887290000005
0x513242a29969e203651a501165dd85ea9155150d,sophisticated,136,5103.440703000002
0x40e712df541a36d5e1720c1f959c9c2b3e0ae79e,sophisticated,57,74.9772679999994
0x3a0997a1f1a83de1b15f208c12f5974da2d012c5,active_retail,85,1814.6885800000002
0x9ff797f302b85a9dcfb1b122c085959acc8d9ab6,bot,4094,158.9843019999995
0xca43c387f42e4762f03e382cb4b922dcf0bb9d5c,bot,189,501.95199699999995
0x3978852021f57a60578f9f748644f803ce46d992,active_retail,103,72.68380000000002
0xa85b812e3da21cb74de4e2ad0d6fdf44f59ffc32,sophisticated,62,-2449.6320000000246
0x6920e551874082947e024057e12a5180f5bf5d00,active_retail,49,347.54999999999967
0x691d03d923717bb94e7c5978932063938b811626,active_retail,62,-8.045963000000212
0x35d711c171c744cea4b596756c306067d0372ae2,active_retail,38,3553.8200000000006
0x8153d8657ddb45f3525e0596618cc6f9b1321750,active_retail,126,-102.44149799999795
0x1778bd6032ade0798bbd08a61d80eeba3796f051,active_retail,136,71.18021699999944
0x58bf0db4352406ac338ca6016ef9292e275ff798,active_retail,22,18.755919000000176
0x72422be52076fd42fc1a99ab42f2832549fa6d7d,bot,157,-85826.75198400003
0x9293d0dcbeeea7b78030eada6d6b65c9efccc143,active_retail,229,-8.379107999999746
0x95398d1d33d1b2570d3c1f365057733d1044e9bb,active_retail,82,11076.978744
0x01658bbec6cd054f0ffae040950c5bb229f9b7c5,active_retail,147,38.06802999999891
0xa783684fa5715f747d6acce2fdb6ba1d93abeb05,active_retail,49,-1.7841380000000022
0x102c43bd20f308356e7401395c78eaa6505f28b5,active_retail,19,440.95193299999994
0x57005ac4c3af94568709abb1a2b2b104d332f20e,active_retail,19,78.439797
0x3d55eb122cccda9b8c505ed11f18207ea01ccebd,active_retail,41,-606.8099080000001
0x53ae0010f44f3ede94cc223d392dc78c2b752af1,sophisticated,10,1368.0
0x1bf524d4b98a8f337f76ce9bc3da826de5addbdb,sophisticated,87,11223.956348
0x07768dc9acf65e66cc00a482f7296c9c08fe31cf,bot,780,147.610696
0xfe772bd5bf8d7c99bde876e354887f1b2e4b1d86,active_retail,40,1467.1999999999998
0xa50eaebd22b9743826a5106764e7f72680d3ee04,sophisticated,72,-1103.0066389999993
0x5c64ec6cc5b3fac4e34bdd4b8f004c0b82e787f8,active_retail,100,-52.49762599999997
0xdcd0bee020cee69307745a1d6ce70b38013dcd98,active_retail,47,457.98188500000003
0x326e4fdc13a81a2f4f548f3242f13d658716999e,sophisticated,76,74.75565800000021
0x905176b116a1d3bd101daae86413d8998f86129c,sophisticated,110,2205.9803389999993
0x9187a07df98ce241321e90ccb93e0719255f7131,active_retail,53,-8.785180999999852
0xe1bd2eb225d462c9fc901c2d6db7cc906f3f213d,active_retail,62,-7.320167999999882
0x27ab2fd23f340f214857f1c05dc99cc221c28b78,active_retail,17,2365.47
0x009d6e3bc32f83c3ed6bccea7fee01560ef7a4cb,active_retail,23,8.469404999999906
0x2f42d1600d568beecc51b94fcdd5484edb97ae0f,active_retail,35,-0.06910000000022819
0x50497ed7d44938da69806a0f91948c4237d6ec17,active_retail,28,20951.641294
0xcb710b464ce1570135ea1b179ea58ee2804c8c25,active_retail,38,-1.7656589999996868
0x61bbf525263f245441920c52f515e8a98a67dccd,active_retail,116,-99.75132
0x10fa4a451915c1f76f24b147b901536083a2a4bd,active_retail,32,249.111399
0x641bef85840d06d68ce92431fb50672bb3716924,active_retail,26,647.1509679999999
0x4d068fd81b0e74b5862f45033ecc1df676d64c03,active_retail,86,648.946644
0x8d49f25e588ad6551c991bf80ba4694a3c566727,active_retail,28,-68.604832
0x1c73cc70170eabb317b0b534f275d1f28720378f,sophisticated,158,-49.932484999999275
0xc68105757deceff6e7eff40e83230209f75a14cb,active_retail,57,-435.44775599999997
0x470a29d985b53925ca00add5dc2a64288f1217a4,sophisticated,94,676.1085329999996
0x8ddd35311430603d2ec6ad88dab5ad5a78064b3a,sophisticated,169,1024.4674029999999
0x348750dd0b08d42e27dc5bea3d59ef5c3e381fb9,active_retail,41,67.17380000000001
0xd85fd738447d8b1395e804453d6a507b66ef385e,active_retail,98,-169.64244000000008
0xbc1ac8b1b5d222ebdbe36cb093365c3167c05e24,active_retail,129,18.8243769999998
0xe176259d55bad355e9f6612b453d6b5343a5674d,active_retail,22,-28.622131000000138
0x70984ab072ae23b713e1414e4cbd5e23d81d1802,bot,30870,127.54826100000861
0xac9eb00fac1009f29a64b7c10508e1b648734e9c,active_retail,39,24.21938099999999
0xcdc433a9ab4898d78047eb281de3d9e02ca0ee77,bot,69,-30.225424999998722
0x02420ed5315502770e70a22d7751292737bf565d,sophisticated,166,-2681.0864430000033
0x1511d12cdec24396d509f17d49cef1b388596c5f,active_retail,41,-66.21338500000006
0x27692dfbab9c9fcbe7a384d0a16b7c97170a5ccc,sophisticated,136,23809.879039
0x7ec42afe3b076b3ffab6dd32a64cc03e5b76a2c6,bot,2597,-349.87870499999923
0xca695af8dcd9957b13b9507332c3ad1c29343025,active_retail,28,-1.0022020000012364
0x3cce19dc2693dd4350036e330f6d2260863b64ee,active_retail,21,-514.8008759999996
0xacc2e3eb58eab1c345922c8c19adc1976074809c,active_retail,41,292.72782299999994
0x3db90d193055dd1237b9c6bc56f6dbc2d8ab4100,active_retail,105,688.6605950000002
0xb190b56afe074f86d3435395b8e827d90e20aec1,active_retail,38,2529.503311
0x7512c3ef5ec198fa0c415758c8cf3eccdb035498,active_retail,71,1.9001839999994874
0x7f2bdf386c63004f41f70b016003e5cebc59d05f,active_retail,109,-10.13798700000006
0xc473d64e2a2f943f4895fd32aced4deac3deb826,active_retail,68,195.10000000000002
0x73212e79866cfb18dc0196a41a53e1460f361892,active_retail,92,-346.782717
0x43f4484acabdbe6d2f0411935fa63b9f5d93e222,active_retail,28,1198.460616
0xb0e043b487f2cf24c1389d6d917c3e6ecf3e2b21,active_retail,39,1900.5996090000006
0xc84447849aba32e0ab8e8c3fe0dd8bf8fda5ed79,sophisticated,49,24395.491388
0x99c54827803ad1b34a3631167b2d0fdbc2c27bb1,active_retail,51,1.1029529999997294
0x31616c21f03903bbc51cd538be106b78d8a391b1,sophisticated,232,1000.2419360000008
0x5b6f00645f7ca94b03c3f1dbb5b9d2eb6f963aa8,sophisticated,198,5989.986978999999
0xd911b7c266121301eb7396c303a7bf319ae28fc7,active_retail,21,239.39639699999998
0xf192d0924346880d6aaf4dea6ae3944464a5ed44,active_retail,35,379.0699999999999
0xd632abc0b66636253b3448eab445e90d136034df,active_retail,52,-56.5738840000005
0x1026079cadcc757fcd0147154ccd84976e21b7af,sophisticated,18,3621.5456969999996
0xfad47c6ea9fe2d74ab7050889a62f25a4902dcbd,active_retail,26,1012.1850939999998
0xce7483e285cdf9e910691bafc04c8392b56ec07f,active_retail,55,-5.905505000000062
0xfb79d32527f59c6b6184a659c76bc4d3a15ad07f,active_retail,44,-1738.0596610000007
0x3a659583fa849cb7f88b6bd51f610dd7fef3280d,active_retail,33,204.22858000000008
0x03d8b0ebcd99b91774ac0d22742ddfe24472cdf0,sophisticated,277,-89992.37125800003
0x7aefcbd5cbd4a40221a02bc38280bcb1e731b2e5,active_retail,169,-15.676821999999644
0xffc9fe3848619aca3353e9d7cbfc262affdc2639,active_retail,84,70.76617899999961
0x6210371951c4531cb3db4d8d07d2371449793ff0,active_retail,57,-91.58899000000004
0x0b3f1eff0dfcb14bee48ce0bec56d2aeb5cc82b9,active_retail,114,120.48500000000001
0x8bc39e2ee8b4ddde66c9688b8eb7ce3e9c63e32a,active_retail,55,20.545
0x82ede0aeca48857ff84a09ca877be98d6373ee4b,active_retail,24,1157.5308469999982
0x4e82b366345029c79004e09fc9083270a757453d,active_retail,35,18.682758000000188
0xcfc157ec55c555c3d09c35e12a19ce594297b099,active_retail,19,157.62168800000006
0xb79fc7fa615bd4df13cdc1deb461f3d78be40791,active_retail,15,-69.79999999999973
0x86b06cf6c886976ccfd88a5a8b522b7707cac3b4,sophisticated,219,10065.293672999986
0x0858a932804dc1531895089c952c4a0692b037b0,bot,2176,27.550658000001036
0xd93fb3793f04cdbc452591c7b5033cafdf5dd17c,active_retail,148,775.9655059999998
0x7d422b7330e56ab7e41f54224c1fc247eec73588,active_retail,26,3664.7972929999996
0xe44e72f5a5e2a10acc62d4f87ade6a58085b84ae,active_retail,35,39.5
0xe469c2a9c21f59b72ce0b137bc7fbe4286a2db41,active_retail,34,10.796831000000024
0x9632dfaf815f8b6c2404beedec8312e9c61135c4,sophisticated,58,2553.54712
0x9c2c115a59d432f120493c3490606cbf8f8632cf,active_retail,27,26.51573400000005
0xa7a6540d119ce05a7047c64a2c49b280b334b904,active_retail,32,20.569585000000078
0xadfab48e742361d79df841bf75f1d359fa9004e5,active_retail,33,28.25
0xe89007b8abf6ac9910aa8fc17ee47fc26cb25b07,active_retail,115,5998.928086000002
0xf9bd4ae2a73cda679bbf3ea53e48490e18155a3f,sophisticated,54,861.9247640000001
0x251ffd23b57b8e9cd5b105007d3d9994008f2b26,active_retail,38,55.0
0x072812c7ee0ce671989f9a94e108035389a2c67e,active_retail,31,21.03830100000009
0x9ac95a3cc890fb32bfa280c1882262cf676bfb44,active_retail,73,3341.5
0x6ae885d8e0c0f46a5f43a888dff71776fe183f5e,active_retail,30,16.50971
0xe72f42c3e5fdfab5ddbb06beae4709cc5c212370,active_retail,22,15.55
0x6618701de9eefe1b5681fad08adba260528d9cef,active_retail,29,1813.2
0x5c06264af9771c3e3dc8ad5b0434ff236d2a3675,active_retail,35,18.417481999999993
0x01df6b01085a31cfb9b1fa77b696f80e0bfee642,active_retail,37,42.5
0xe475bc8514db2f970c0955aaf0af5d63b42f3857,active_retail,27,29.35000000000001
0x193ed266c34f7707b876c7f0b531ca25b61c0b31,sophisticated,173,5418.951458000001
0x522fc24c26b42d6f7532fdc3bded5a5df3efcf6c,active_retail,46,42.0
0x7340b03e43f4bdada3e3779f836b6805cdc3f91d,sophisticated,30,-4315.7409370000005
0x04502a5f064dec0b57cb8c76c5290303785fa03b,active_retail,56,1699.0218899999998
0x8fa71e1e1eb4e735368532bc022b0a7de0256378,active_retail,30,7031.355518
0x26ab15ae1c1ea4788916951bc4ff0a077693653b,active_retail,588,-940.9476650000006
0x070bcda385f3127acca7d0da2d6e0a8f0e811c36,active_retail,129,-177.7930400000023
0xffe6ef06e4e6460d935eea8c4b0396b1a12f4448,active_retail,180,-3.520102000000019
0x8154273ed8aabd574ba95df7d235787d5b8a9119,active_retail,66,477.78063699999996
0xe8db1024b221609f34aa5aeb62b1d1484305a828,sophisticated,50,1008.3627120000001
0xd5668dd602522e0d8adde2a85c516c808e920df3,active_retail,76,-0.9351760000008653
0xc168852f9ec2b526a3bebc4ba600184f8b076428,active_retail,35,3166.44
0xd92ae96b9e7ceb074fe00809813465a6bc62b389,active_retail,113,1075.592274000001
0x2eeb0d12209e1cc33d51f6b824dd44f801e2a560,active_retail,44,135.94726999999992
0x5a8db00e5ced5e02c7fea5d087bcf795d4b1ea4e,active_retail,13,-6.39805199999995
0x4eeb392643472f8e352c4888d8955f63b4d8a31e,sophisticated,97,5700.628194999999
0xede323961d70b7600100e9431123b1ebc3699ec5,sophisticated,40,-1457.988068000001
0xcc5cea0dfb0635cacce85b87199184f6c638bbf4,sophisticated,45,2557.153557999999
0xd5e49e0febed1628b346fd8adc91e73b61a5dcf5,active_retail,35,43.47500600000001
0x26b56c9d631ea81de38e239788bb75ad22ef8b3c,bot,57,603.0
0xb3d62a3334f6be38961c02599c20fea178a68805,active_retail,41,74.66418300000001
0x57e3456cd320440ff23c6848b4466ce921d07257,active_retail,36,46.29000599999999
0x0107b8ffddb91526f1027aa18255ed6557d88832,active_retail,33,27.885476999999963
0x8263b960195f472c22ff8916c4345637797f6134,active_retail,35,25.669332000000065
0x20392c8af2dd51849d4ec78b3ac54b1d90dbc747,sophisticated,54,507.93103599999995
0x1626dd91e21416752e72895126fcbdcfe9b585b7,sophisticated,70,40386.4715
0x8de674db0dfe57e85594a32c06b94703d2842938,bot,2955,11176.331487999998
0x0afafbc7725eafb8cf045b2e1bdefdb5c067e66d,sophisticated,53,504.365517
0x0d3c2e992166c76f05dd4a4c7b38f2b76a9c3293,sophisticated,28,-99.61481400000014
0x345e130f54e819760596b628a11da973af1ae418,active_retail,24,86.61019399999995
0x405500608b3cd7c58d03ee5afd522104eeec8e4b,active_retail,49,354.6368130000005
0xfd1c6d60fa5e36562f9043828c24bd6e3e682a17,active_retail,137,1245.3821159999998
0x36023a328d4446ff4c639861a9f67c524f7776bb,sophisticated,125,-6.559925000000135
0x6204bad10670eede693eaaf96c039d751298421a,bot,1727,13372.601406000002
0x5a4926e008befb39a938aeb746ecb51827d977d7,sophisticated,110,-185.98714399999994
0x2e22c28a5b90eb11ecc42776c267bdcd68820de2,sophisticated,260,1991.3724690000008
0xa7831ce52b0690c16bbf750df2c80a121b5726ea,active_retail,65,-9.340778000000057
0xd8f4de179b45668cd79e9d04a1b1a01641dec5ba,sophisticated,47,244.41167900000107
0xb05ee1a489cd5e7ff67f95dc38f74320e464ed23,active_retail,19,634.599199
0x3665b50552a2e9d29e420e875863c089ec535acd,active_retail,50,-5.503143999999736
0x836ffd95ef3cf3c7987612279b2152b11ce6906e,active_retail,113,1245.3980850000003
0x8d79b0ed9796d1969eac6b8a9d5315acab511f0b,active_retail,13,61.765302000000005
0xf962b82758da200cd355bbdad15e2a447f31df22,active_retail,145,280.04743999999994
0x69aa45d4db84a349612d37225e2be1bc2e5d2283,sophisticated,287,-210.46976500000008
0x5d9b95c8306c238b185cc05bd4801f88576cb6fb,sophisticated,71,-582.9766590000008
0x36ae655a2573dbbf973186c56a488f3a79a27cbe,sophisticated,70,67.20162699999855
0x37a9ce5d5f556f68a5c096f43a580d0534e28904,active_retail,76,8743.872897000001
0xec562ded0dff9f19d19267f321e9c4a411c384db,active_retail,16,-225.16649999999981
0xf6bd9cadb9fcf6e7b039b1660bc04bfa6568adfd,active_retail,30,-2.912555000000858
0xdfd15fd52646fa4a25d64e1280412297644a1809,active_retail,62,1432.385385
0x3efa127239fccedd3db6112013dad11b7b077ad1,bot,1125,1663.64231
0xc3da4e939a4c6366f7a2310ec76628901b12df10,active_retail,54,82.35638199999997
0x38e70cbc0bcf2dfad363e806638b937f1c302e81,active_retail,30,1365.3023939999998
0x34c3b1ffe159814949656d6835d064fea2b82d3e,active_retail,56,1124.1000000000001
0x33324d2c8797eb684b90152f7b5fd01dd18a2686,active_retail,224,-30.636968000004345
0x5b0bc42261f5843ab6281c894e7f2adc319988cc,active_retail,72,1.398337000000082
0xa70a324ceecc55234405beb8ab85920c520b8bef,active_retail,188,400.46648000000005
0x7bcdc1cbc3cb8d9f17b98fb0769b0d87c0147742,active_retail,82,574.956905
0xaf7f7b24c54e3a72afbbf803fb5b9984077617b4,active_retail,21,-82.60081400000009
0xe21852a08e04a5022cbd011a97563336987e10e7,sophisticated,79,7713.987964999999
0x8ff4f8f34fb3316fd5b7d6d0e84a15c2eb89bb28,active_retail,43,843.7753719999998
0xe9ab23e445fa1d16f09e7d27ef10aacf42b6bd51,sophisticated,145,-2.1256390000013425
0x3b1d407f2f08aed244456b05b56e3c5656fa6690,bot,52,81.15878899999996
0x9eca31758605e4ed29561936cfe81ab0e0223a90,active_retail,333,-109.26260400000001
0xd1cbbea65654da15f9503fa82ad51854c060a3e1,active_retail,46,-124.04132200000012
0x0670fee985af6e0b8e378cf6855fa2b8688c29bf,sophisticated,181,3935.1741649999994
0x6257007b0333e2f574947fbfb2b883f64bbacd5d,sophisticated,478,1265.619377
0x01a2758e026f11242a6d1855115c34ac6f358727,active_retail,19,21.213681000000097
0xe020f3aff832aa45e16dcaafad8565a8c75148fb,sophisticated,12,129.73632
0xbbb910624847bbeac1981eee167acfc70da97608,active_retail,61,597.469455
0x26b376d229c03c6b026c54b36ac0ef395cf99bd7,active_retail,68,1434.679892
0x39cbc5eda89553094ebf6a6ece83b14a343246e8,bot,1022,33711.15537200001
0x7c4b422c121e28da29d62190b5a488c5168fc6a4,active_retail,158,5.619445000000141
0x0756c00ccfb8f3f07cfcfda3740f9ff38e8b4583,active_retail,51,19.977742999999997
0xdedcba225371c15fe82c100537073e5cde45a3a8,sophisticated,74,6159.092374000001
0xf2a5f5732e1743154b16c5788a6e50379544c5c7,active_retail,67,65.14600000000002
0xd6fed45eaacbd8566485ad8c3676c5fb99fa6795,active_retail,68,43.869941999999895
0xafd6bd5de00d41c28cf848b2fc3dbbb4ddbb77ad,active_retail,120,-1062.041635999999
0x9a9156a3c02d6dc15a686a0cb4bfed93e2169e12,active_retail,72,2898.3149999999996
0xff79c6725836c61c78f4d0f97d86a33579faed76,active_retail,60,-1567.8320580000002
0x4b0066b50ad7b9d9b9bdeaeb244198838e01c434,active_retail,44,-2.3175169999999854
0x7c53e0b1924d70b9ce91aed580ff418c505a31e1,active_retail,95,-132.05412799999766
0x2467abf307683a65ed3733d1a670a56cbff38407,active_retail,35,1049.110655
0xacaf725afcd0b1e467813c7ddceb20271adf87c7,active_retail,166,354.1187140000001
0x09101f9b6df2c6b609b19a3a53df76b97898d3e7,active_retail,15,1.7112209999999095
0x0ec838dea9d3a98fa5110041ccda33142aa1e747,active_retail,51,24779.395907000006
0x24a78fca6fa3dc141d25ca62c6cb9a2a02fc571c,active_retail,14,-182.8980039999998
0xb7992cedc5c6f566c30006c6ddbd212bd45efb1c,active_retail,71,4.681445000000167
0xdb2a58c5d1d3f29ac11b08a0092cb18c9bfcfd8e,active_retail,38,2198.4
0xe2f6543ae95fe075a8fd63cd5cbbab993356ca1a,active_retail,84,413.66882500000156
0x988ac1b7ba73c255a1afcf9b35bac5899255ce59,sophisticated,125,-337.2685129999999
0x6ff1078da4fc7a80c9ec4850e053dd299b15efdb,sophisticated,98,12440.186051
0xd52d1fbb63f967815af5d7ffbbe249f0343527b0,bot,4420,188.96662199999963
0xe19125dcc086f6f0097a9516b35626b4a8abaca4,sophisticated,45,30564.991538000002
0x2c566b1053405e90e0373d2cf31d96b310d82845,sophisticated,192,-256.58783799999986
0xc25686c333e3c5069f99a80b99e929c04fecf4f3,active_retail,53,-1.1396240000000049
0xdfe5d67eaf3a95eff2b08dbbebae2acaa4a3fd84,active_retail,84,213.440453
0x1a0e8abeb9e7975fb971797b857d50a4d45207aa,active_retail,122,61.39449999999998
0x998eef5a720987a9829fe35417a4cca85f75c336,sophisticated,122,11951.180007
0x055b883d8a5b042480cd3e1a1f6e219c053f9db2,active_retail,34,-123.74208400000003
0x613637a4dc48fe4ac1618e2bd19458f2332f5dcd,sophisticated,392,-2982.2133240000016
0xa65c449514f6637fec3fba0fc6041f2f03686ee5,active_retail,37,1425.0
0xdb3f1dd87dd4b3d2a9087893ab68c6658a3880b8,active_retail,51,-6.5
0x08852f0a7f4b213340f0a453cfa88ff8fcb3ce56,active_retail,194,-364.21000000000004
0x80bd92c9dc241526ab8c2fe2109d6feb2626df1a,active_retail,35,4004.690839000001
0x1380ee07af544150d31ef4d61040a7b561582a4b,active_retail,120,6388.539143000002
0xe780ecf17272b7377e5744307a30a73bda45d32d,sophisticated,166,1596.2248909999996
0xf543f9d15ca00ebc659abe74558333cc097b9050,active_retail,21,9.019084
0x20d23cccc4aa43443dde5b8548fcb50821f4a3d5,sophisticated,13,2066.558
0xcdf22188fab4ffaf9ef3eae5deff1909840d1b2d,active_retail,18,2553.47
0xf381b0805ad572264a2f4ff0253311c9ac16a4d8,active_retail,51,0.20982099999998916
0x9e320e24e87a720fc08a0b86763b07df1360c4c2,sophisticated,200,4063.157741000001
0x74966cdd4b5e2c118250080c3ba2d39f6a0755f5,active_retail,38,39.36
0x87bb56034e8606a62fd2ca0bb6b75bf3698ca988,active_retail,52,35.252029
0xc7f1ee0621e28f606bdba0af3927957f86d0c2f8,active_retail,54,23.500682000000015
0x92bf415f1267b56d0feda875aa80cd14d7800f35,active_retail,55,8967.856001
0x624eab15b2d9be3188cf453cd5dff01847c403fd,sophisticated,64,39394.218329
0xb925da511e809eab0f9248bfd2b9c36c291779a4,active_retail,49,28.404452999999858
0x286e5febb8dd1e52c04744b5a731a4f6afa94bfe,active_retail,38,40.431983
0x1c8df6b150b87755058a597161680ad38aa5b895,sophisticated,53,-157.63672899999995
0xe456eeae41ba40f2bc3b099f038fcde91717ad4f,active_retail,97,-1735.7123720000004
0x6114b367754461605f18d4def40ef18fa1fca90a,active_retail,397,3244.777759999998
0x5d08eb35de8db47265d1f9a526a2f18a41c77864,active_retail,38,-218.11542599999999
0x2d3d34f601ccbde837b2347cd884c0aca7bf541d,active_retail,146,239.615466
0x86f733b8b45fd5391244ecbfb0ea958034e96c8a,sophisticated,246,-1310.9348269999998
0x5692d30ead0a928167f5b33cb30ba0bf9df783c8,active_retail,82,33.7919
0x508cc8676b38f8b23ec20479b5157b7f667c44e6,sophisticated,262,5495.872316000001
0x463e0e30572dbc598d38b9047a7793cbc189e423,active_retail,133,275.2329349999999
0x5df2f3f334eafc121d72b820c41a8a9f212a4466,bot,88,43.178449000000015
0xbac226da80f11dff1f05d512dc76cf6160a1727b,sophisticated,372,2617.411907999999
0x8aaec572570faf58c8c6c423f159ed4e0336419d,sophisticated,365,5108.665163000001
0xaab1c083236808f290b8678d21b50754f824d1bf,active_retail,52,175.03040200000044
0x1d0c779e8b20103bfdb8a691064feeb8844759bb,active_retail,67,1836.3131980000003
0x9998af6ffed7559b0c4b64f430c27d094f570d3d,active_retail,43,-2128.549999999999
0xffd0bca48e1895768af6f6b5e77f0a3b023d4aeb,active_retail,13,2900.000000000001
0xafe5c81e038a20c757a4d9321128d7eedc776d1d,sophisticated,231,743.1103580000006
0x6bc0651dd376b718956f3e8de3e1dc3911a498e0,active_retail,45,3.880000000000109
0xb72c1c09c23cd249854f259bd1e391eb0bffded3,active_retail,214,-26.681000000000154
0x866e5bcca27aee5146a553293e1ebdaf1a3c013f,active_retail,45,445.026316
0x7a69f4327eb5dc7becbc1ecb25df75d5017ce832,active_retail,46,-6307.628214
0xaa49b8b10e5c2959cf1483d2d17d33c733a7a7c1,active_retail,43,295.1015639999999
0x9244cc441b88696fcbd2f43831cd94a46c5cf154,sophisticated,37,-401.3041810000005
0x15c542d32c885b195263447bb1ccd6dc32d3aaa2,active_retail,79,15717.530902000002
0x98e6dbee1c4273b0f3eb1e378c7cda437195c1d8,active_retail,78,1875.0975989999997
0x3cf28a16740519e93d573304e6b50e18d24fbbfb,active_retail,66,726.1319080000002
0xd06424654854b51f588996e68aa611f4a6a4f3fb,active_retail,74,-37.26612999999745
