date,week,wallet_type,n_trades,usd_volume,accuracy,pnl,directional,execution,pnl_roi,directional_roi,execution_roi
2023-03-06,2023-W10,active_retail,2667,498403.189511,0.6239125239665169,205692.863816,122871.48481090274,82821.37900509727,0.4127037469760419,0.24653029394024556,0.16617345303579636
2023-03-06,2023-W10,bot,7175,903744.022611,0.49595374530353786,-82438.411617,-31387.603908726538,-51050.80770827346,-0.09121876278509462,-0.034730635139411326,-0.0564881276456833
2023-03-06,2023-W10,casual,548,94288.965342,0.3613222900529211,-36726.782214,-18806.43424419332,-17920.347969806684,-0.3895130472668412,-0.19945530397941694,-0.1900577432874243
2023-03-06,2023-W10,one_shot,80,9272.379577,0.003012792763952596,-13987.564185,-8348.242790020726,-5639.321394979275,-1.508519368609105,-0.9003344525205179,-0.6081849160885873
2023-03-06,2023-W10,sophisticated,1314,240364.228325,0.30870339657582746,-72540.1058,-64329.203867962155,-8210.901932037848,-0.30179243519513005,-0.2676321860213812,-0.0341602491737488
2023-03-13,2023-W11,active_retail,4606,2870543.652752,0.46874141542813724,162937.24554899998,4659.659553103844,158277.58599589614,0.056761807260025984,0.0016232672680788576,0.05513853999194713
2023-03-13,2023-W11,bot,7193,1463585.896926,0.5805215107344072,44546.053477,71519.56090269727,-26973.507425697248,0.030436241269173887,0.048865981185601266,-0.018429739916427365
2023-03-13,2023-W11,casual,1047,592105.992475,0.4251678316879663,-94495.88806499999,-80730.64661084017,-13765.24145415982,-0.15959285882246804,-0.13634492411297255,-0.023247934709495478
2023-03-13,2023-W11,one_shot,94,27612.451762,0.1303653020697489,-17322.185168,-18205.103546838458,882.9183788384572,-0.6273323831329831,-0.6593077537537667,0.03197537062078353
2023-03-13,2023-W11,sophisticated,1858,709657.177641,0.5114428689587427,-95665.225793,22756.529701877513,-118421.7554948775,-0.13480484494077075,0.03206693375176364,-0.16687177869253436
2023-03-20,2023-W12,active_retail,2858,903002.382487,0.3217587467878854,-38712.451525000004,-178738.42750650077,140025.97598150076,-0.04287081881044464,-0.19793793568321397,0.1550671168727693
2023-03-20,2023-W12,bot,7307,1528132.405463,0.5223241475604901,-135371.830324,-3165.72381365749,-132206.1065103425,-0.08858645352984611,-0.002071629266116064,-0.08651482426373004
2023-03-20,2023-W12,casual,306,122249.001878,0.2013957859123131,-8119.401572999998,-29839.63707178874,21720.235498788745,-0.06641691505263055,-0.24408900370055864,0.1776720886479281
2023-03-20,2023-W12,one_shot,15,1480.062347,0.936956319202067,1254.6386699999998,1315.3103795370762,-60.67170953707655,0.8476931208628333,0.8886857923270148,-0.040992671464181604
2023-03-20,2023-W12,sophisticated,1480,570760.920319,0.7341841139497965,180949.04475200002,210428.4780124099,-29479.43326040992,0.31703124427451523,0.3686805990410149,-0.05164935476649974
2023-03-27,2023-W13,active_retail,1962,243120.146456,0.4077411091129606,-25450.535694,-31837.08949292169,6386.553798921686,-0.10468295641063234,-0.130952082569116,0.026269126158483654
2023-03-27,2023-W13,bot,7123,963667.89715,0.518629072024541,9091.589926999999,-1652.65280875415,10744.242735754147,0.009434360067288663,-0.0017149609462365498,0.011149321013525212
2023-03-27,2023-W13,casual,136,52062.96299,0.7699239659268361,26594.78049,31795.439587899546,-5200.659097899545,0.5108195723533483,0.6107112957440909,-0.09989172339074251
2023-03-27,2023-W13,one_shot,7,222.199148,2.7890602398213488e-05,-116.919897,-55.22220528090881,-61.697691719091196,-0.5261941733457952,-0.2485257291846538,-0.2776684441611414
2023-03-27,2023-W13,sophisticated,1106,213309.906298,0.4443660897559899,-10118.914825999998,1749.5249190572003,-11868.439745057198,-0.04743762257278191,0.008201798732277648,-0.055639421305059555
2023-06-19,2023-W25,active_retail,5065,713797.971696,0.32471209384157546,-85202.263506,-104734.96411705908,19532.700611059085,-0.11936467583895975,-0.14672914223643205,0.027364466397472312
2023-06-19,2023-W25,bot,9952,2392653.21864,0.5595444672665124,99423.56576499999,64645.09983022209,34778.46593477791,0.04155368817780999,0.027018165159331694,0.014535523018478299
2023-06-19,2023-W25,casual,1395,193985.406992,0.26200730788771104,-36703.720367,-30008.657734533772,-6695.062632466229,-0.18920866747731013,-0.15469543920781287,-0.03451322826949728
2023-06-19,2023-W25,one_shot,93,9579.115958,0.016733497481872535,-4024.737118,-5077.171570003186,1052.4344520031862,-0.4201574691909581,-0.5300250662236723,0.1098675970327142
2023-06-19,2023-W25,sophisticated,3167,720838.129236,0.5441184257891176,26507.155226000003,75175.69359137394,-48668.538365373955,0.036772687446617644,0.10428928568339046,-0.06751659823677285
2023-07-24,2023-W30,active_retail,2610,326225.229886,0.3898745936511662,-31961.724108,-3746.16478091634,-28215.55932708366,-0.0979744090276803,-0.011483369272896043,-0.08649103975478427
2023-07-24,2023-W30,bot,6849,1437536.0843779999,0.5638987899354705,66769.593573,20763.635180779693,46005.95839222031,0.04644724699337909,0.014443905378391807,0.03200334161498728
2023-07-24,2023-W30,casual,540,64425.123037,0.21726725073452455,-11716.599242,-7659.132221992233,-4057.4670200077667,-0.1818638240748262,-0.11888424671837283,-0.06297957735645336
2023-07-24,2023-W30,one_shot,48,4963.14879,0.137258171291862,-2030.667449,-1302.222499575544,-728.4449494244561,-0.40914901706986706,-0.26237829141840896,-0.14677072565145807
2023-07-24,2023-W30,sophisticated,1565,244413.740883,0.37402518887213637,-21060.602774,-8056.115678295578,-13004.487095704424,-0.08616783450027729,-0.03296097694504014,-0.05320685755523715
2023-07-31,2023-W31,active_retail,2278,504601.491623,0.4202031909081921,-21790.365706,-35991.46225699065,14201.096550990655,-0.04318331607763084,-0.07132650785717602,0.02814319177954519
2023-07-31,2023-W31,bot,6301,1625158.59526,0.543377110279075,53776.974221,54424.69464574519,-647.7204247451966,0.03309029308145555,0.033488851367787946,-0.0003985582863324003
2023-07-31,2023-W31,casual,390,84074.879377,0.19783455784148551,-13700.83375,-10659.974633138223,-3040.8591168617777,-0.16295989779020814,-0.12679143535059803,-0.03616846243961014
2023-07-31,2023-W31,one_shot,28,3898.912909,0.15102070639529638,-753.710092,-1161.0848630944079,407.374771094408,-0.1933128822293476,-0.2977970757988039,0.1044841935694563
2023-07-31,2023-W31,sophisticated,1471,311989.523533,0.47368292136959067,-17532.064673,-6612.172892521909,-10919.891780478089,-0.056194401896785436,-0.021193573481715067,-0.03500082841507036
2023-08-07,2023-W32,active_retail,1776,233920.593354,0.33530102985320903,-5458.604666999997,-9716.749578195078,4258.144911195077,-0.02333528907708995,-0.04153866677095158,0.018203377693861614
2023-08-07,2023-W32,bot,6819,953602.16964,0.5702638538821859,37071.04721499999,40420.64936193482,-3349.602146934816,0.03887475133261799,0.042387329484783215,-0.0035125781521652202
2023-08-07,2023-W32,casual,243,26198.148732,0.30928093203945684,-1627.4161580000005,-1186.7504216177724,-440.6657363822283,-0.062119509842013226,-0.04529901840614424,-0.016820491435869
2023-08-07,2023-W32,one_shot,8,16111.42675,0.01365081344502729,-1205.616551,-2602.157696681784,1396.5411456817842,-0.07482990610996013,-0.16151007214068014,0.08668016603072004
2023-08-07,2023-W32,sophisticated,1280,152805.81274,0.36749325198123145,-28779.409839,-26914.991665440182,-1864.4181735598181,-0.1883397583046683,-0.1761385328399529,-0.012201225464715382
2023-10-02,2023-W40,active_retail,1404,162861.132506,0.46563733509485483,-3309.0035,2389.56806856406,-5698.57156856406,-0.02031794479802044,0.014672426943095373,-0.034990371741115814
2023-10-02,2023-W40,bot,8078,1508236.396011,0.5095446130279292,15110.824007999998,7735.6983152506855,7375.125692749315,0.010018869752755781,0.005128969394791257,0.004889900357964525
2023-10-02,2023-W40,casual,75,5599.31712,0.3531687168762175,-321.4527359999999,-162.29606122446543,-159.1566747755346,-0.057409274936726554,-0.02898497401491442,-0.02842430092181216
2023-10-02,2023-W40,one_shot,6,137.571341,0.11269949359511311,-206.472283,-101.09620764225488,-105.37607535774517,-1.50083790344095,-0.734863867048115,-0.7659740363928355
2023-10-02,2023-W40,sophisticated,1473,153749.347062,0.42750408632673104,-11273.895489,-9861.874114948027,-1412.0213740519735,-0.07332646092118857,-0.06414254306375161,-0.009183917857436953
2023-10-09,2023-W41,active_retail,2114,141289.020439,0.3019355229924868,-13461.807927,-19885.337432941687,6423.529505941689,-0.0952785141065649,-0.14074226978965407,0.04546375568308918
2023-10-09,2023-W41,bot,8436,1280393.901255,0.5230197463826126,17073.490645000005,6426.496039791204,10646.994605208798,0.013334561050521353,0.005019155459497397,0.008315405591023953
2023-10-09,2023-W41,casual,151,52165.377505,0.07654939855612876,-3291.141128000001,-4401.006292125188,1109.8651641251868,-0.06309052642597188,-0.08436642276198147,0.021275896336009594
2023-10-09,2023-W41,one_shot,6,863.19809,0.4721808752579575,117.621373,210.8337513006725,-93.21237830067248,0.13626231842102432,0.24424724028371345,-0.10798492186268911
2023-10-09,2023-W41,sophisticated,1579,204182.759261,0.5372491096074666,-438.1629630000032,17649.013933975,-18087.176896975,-0.0021459351640944085,0.08643733681458803,-0.08858327197868243
2023-10-16,2023-W42,active_retail,2263,207068.565245,0.36462495317881183,6562.276725999997,-16.68922475247018,6578.9659507524675,0.0316913227183258,-8.05975775836558e-05,0.03177192029590946
2023-10-16,2023-W42,bot,8783,1754263.271598,0.5354227863321024,67385.505378,38290.44217664967,29095.063201350335,0.03841242444562893,0.021827078521555087,0.016585345924073843
2023-10-16,2023-W42,casual,180,21230.515101,0.2637904113786902,-2534.654618,-1511.5315320602838,-1023.1230859397162,-0.1193873349724149,-0.07119617799518617,-0.048191156977228734
2023-10-16,2023-W42,one_shot,16,939.369877,0.02959306510323719,-578.719253,-549.8143873529935,-28.904865647006364,-0.6160717595588814,-0.5853012756901439,-0.03077048386873743
2023-10-16,2023-W42,sophisticated,1822,394800.857409,0.3984684848803715,-70834.408233,-36212.40703248392,-34622.00120051608,-0.17941807091775894,-0.09172322286769788,-0.08769484805006107
2023-10-23,2023-W43,active_retail,1657,211517.379865,0.17236879599721308,-13808.482950000001,-39877.07263282557,26068.589682825575,-0.0652829708783893,-0.18852858643709056,0.1232456155587013
2023-10-23,2023-W43,bot,7058,1486262.002016,0.5218571979372497,22279.459548,25719.144709678996,-3439.685161678995,0.014990263841623904,0.017304583360667876,-0.0023143195190439684
2023-10-23,2023-W43,casual,202,20624.885584,0.24406523098087846,-2697.868527,-2261.197388149798,-436.6711388502024,-0.13080647240501075,-0.10963442094941601,-0.02117205145559475
2023-10-23,2023-W43,one_shot,20,1432.808287,0.6425744382950046,44.47249999999999,239.6440702894725,-195.1715702894727,0.0310386954092205,0.16725480475216745,-0.13621610934294706
2023-10-23,2023-W43,sophisticated,1615,232668.824456,0.6103308508366604,-5817.5805709999995,16179.481241006904,-21997.061812006905,-0.02500369606715472,0.06953867274154989,-0.09454236880870462
2023-10-30,2023-W44,active_retail,2214,137167.61398,0.5644731117677046,20511.235707,15935.896951296658,4575.338755703342,0.14953410000986592,0.11617827626293932,0.033355823746926576
2023-10-30,2023-W44,bot,8391,1199689.592446,0.5335533588519745,28320.255126,38777.035925999735,-10456.780799999735,0.02360631892142945,0.03232255757669678,-0.00871623865526733
2023-10-30,2023-W44,casual,247,36115.513593,0.218781762187829,-6450.235638000001,-2910.0385271060104,-3540.1971108939906,-0.17860013596069146,-0.08057585889267378,-0.09802427706801767
2023-10-30,2023-W44,one_shot,15,1453.609244,0.13614844862765343,-816.587186,-670.8638809430543,-145.7233050569456,-0.5617652676402489,-0.46151597047979026,-0.10024929716045862
2023-10-30,2023-W44,sophisticated,1683,266721.515955,0.3435883819009331,-41564.668009,-51132.03046924733,9567.362460247328,-0.15583545204509333,-0.1917056833085565,0.035870231263463156
2023-11-13,2023-W46,active_retail,2472,206292.010716,0.4832360977067627,-4627.529797,-5467.650377597101,840.1205805971018,-0.02243193898270094,-0.02650442137153027,0.004072482388829332
2023-11-13,2023-W46,bot,10511,1567954.924361,0.5022737567259528,-10458.686775000002,-35768.80795241036,25310.121177410365,-0.006670272603188708,-0.02281239555849316,0.01614212295530446
2023-11-13,2023-W46,casual,222,24278.610296,0.47156938063127496,-1181.7222259999996,2037.1669000243571,-3218.889126024359,-0.04867338828675434,0.08390788744444688,-0.13258127573120132
2023-11-13,2023-W46,one_shot,15,1487.261972,0.024097805604703985,-1343.802295,-1202.9226476882013,-140.8796473117987,-0.9035410844216757,-0.8088169201761862,-0.09472416424548956
2023-11-13,2023-W46,sophisticated,2272,389672.984057,0.5041310689151519,17611.741093,40402.214077671306,-22790.47298467131,0.04519620762424684,0.10368235862037951,-0.05848615099613269
2023-11-27,2023-W48,active_retail,1703,208532.360388,0.4727959829002894,-18891.086561999997,-2734.01895274762,-16157.067609252379,-0.09059067152383839,-0.01311076586703686,-0.07747990565680155
2023-11-27,2023-W48,bot,8065,1354445.726312,0.506379564000231,19378.652652999997,-1343.3887756079514,20722.041428607954,0.014307441248137598,-0.000991836549453956,0.015299277797591557
2023-11-27,2023-W48,casual,246,32459.910935,0.4324002202477137,-837.7484329999995,-726.1869968094363,-111.56143619056404,-0.025808710155661416,-0.022371811132310376,-0.0034368990233510643
2023-11-27,2023-W48,one_shot,22,648.042152,0.3367703101021064,38.25870699999997,-128.05338241437687,166.31208941437683,0.059037374161426424,-0.19760039068319257,0.256637764844619
2023-11-27,2023-W48,sophisticated,1256,159797.427903,0.49517763392153963,311.923635,4931.648107579385,-4619.724472579387,0.0019519940908519716,0.03086187413838092,-0.02890988004752896
2023-12-04,2023-W49,active_retail,1305,137825.967135,0.41182735073555005,-7789.559410000002,-1959.7679884752529,-5829.791421524748,-0.056517357156435966,-0.014219149186565602,-0.04229820796987036
2023-12-04,2023-W49,bot,8068,1413278.075536,0.518897074454388,9202.007150000003,4549.814154711781,4652.192995288226,0.006511108683625513,0.003219333996238651,0.003291774687386864
2023-12-04,2023-W49,casual,115,18101.717029,0.1654821259128995,-3598.907146,-4470.357631066119,871.4504850661192,-0.1988157885925596,-0.246957657326338,0.048141868733778403
2023-12-04,2023-W49,one_shot,10,451.937991,0.08923806600666412,-116.674399,-65.08340137807082,-51.590997621929176,-0.2581646184288145,-0.14400958245192275,-0.11415503597689174
2023-12-04,2023-W49,sophisticated,1162,158707.449657,0.4196366264185744,2303.133805,1945.394866207667,357.73893879233344,0.01451181913626332,0.012257741337360486,0.0022540777989028377
2023-12-11,2023-W50,active_retail,1482,173449.485296,0.6214157091339801,31068.015838,33462.75875207462,-2394.742914074619,0.17911852424918365,0.19292509686591913,-0.013806572616735492
2023-12-11,2023-W50,bot,7959,1152454.236447,0.49326365744290146,-29663.675373000002,-31216.787019077292,1553.111646077294,-0.02573956903004903,-0.027087224838808526,0.0013476558087595002
2023-12-11,2023-W50,casual,122,23344.111293,0.13644146840418866,-3532.4118919999996,-5091.404832364517,1558.9929403645172,-0.15131918485409354,-0.21810232004382332,0.0667831351897298
2023-12-11,2023-W50,one_shot,10,908.639427,0.030571650563896786,-175.14421500000003,-178.82571965735508,3.681504657355081,-0.19275436415769798,-0.19680603146153716,0.004051667303839195
2023-12-11,2023-W50,sophisticated,787,112826.099013,0.503438662893251,2303.2156419999997,3024.2588190245456,-721.0431770245468,0.02041385514653502,0.026804603238795712,-0.0063907480922607025
2023-12-25,2023-W52,active_retail,2940,789776.784085,0.2810372231612216,-134052.137568,-107631.27927247572,-26420.85829552429,-0.16973420879078738,-0.13628063199803028,-0.033453576792757095
2023-12-25,2023-W52,bot,13591,3139573.972764,0.5763951636613538,187090.094284,143919.94582915487,43170.14845484513,0.059590917719097636,0.04584059718855787,0.01375032053053977
2023-12-25,2023-W52,casual,595,216566.713796,0.12059710600943817,-52179.677789,-39113.054781840765,-13066.623007159233,-0.24094043297046955,-0.18060510821937395,-0.060335324751095584
2023-12-25,2023-W52,one_shot,63,41969.853706,0.25426034781480383,-5642.868496000002,-3821.128655252266,-1821.7398407477363,-0.13445051620928805,-0.09104460268123352,-0.04340591352805456
2023-12-25,2023-W52,sophisticated,2337,674741.835979,0.4820221298577605,4784.589568999998,6645.516880413877,-1860.9273114138787,0.007090992901096634,0.009848977084356609,-0.0027579841832599756
2024-01-01,2024-W01,active_retail,8008,5427217.565246,0.4275360478987215,-53575.25250399998,-38101.03743211966,-15474.21507188035,-0.009871587394446305,-0.007020363008128761,-0.002851224386317549
2024-01-01,2024-W01,bot,26296,11917591.038772,0.5395330687556585,84829.433864,77055.8362560539,7773.5976079461,0.007118001749516395,0.006465722477417198,0.0006522792720991959
2024-01-01,2024-W01,casual,2287,1086428.761559,0.17600338513781755,-199896.092737,-200898.16225937224,1002.0695223722796,-0.18399374152259532,-0.18491609332128509,0.0009223517986898038
2024-01-01,2024-W01,one_shot,264,168144.196229,0.009121322401671099,-33452.070610999996,-34692.64102617987,1240.5704151798695,-0.19894870808053786,-0.20632672315927603,0.007378015078738157
2024-01-01,2024-W01,sophisticated,5527,2737303.653746,0.5835859179135682,202093.98198799998,196636.00446161788,5457.9775263821075,0.07382958105924214,0.07183565630087166,0.0019939247583704734
2024-01-08,2024-W02,active_retail,2951,1088212.098121,0.3179249635408222,3597.9432159999988,12436.399603537897,-8838.456387537897,0.0033062885647131795,0.011428286475597585,-0.008121997910884405
2024-01-08,2024-W02,bot,22691,7698925.304701,0.5368703792485495,235935.826192,129580.8491482564,106354.97704374361,0.030645293577265448,0.016831030828307128,0.01381426274895832
2024-01-08,2024-W02,casual,334,70330.392313,0.10979316638811179,-2974.9315190000007,-9610.543933567384,6635.612414567384,-0.04229937330308491,-0.1366485187626481,0.09434914545956322
2024-01-08,2024-W02,one_shot,22,6107.352601,0.10554278797175463,-1037.7106339999996,-1299.0506831625396,261.3400491625395,-0.1699116952622136,-0.2127027483151762,0.042791053052962505
2024-01-08,2024-W02,sophisticated,2856,1106629.190104,0.33301303109789543,-235521.127255,-131107.65413506437,-104413.47311993563,-0.21282750298034875,-0.11847478388198217,-0.09435271909836658
2024-01-15,2024-W03,active_retail,2682,544579.334535,0.2823724825288859,-8616.67337299999,16871.39836707171,-25488.071740071715,-0.015822622759560846,0.03098060704319177,-0.046803229802752644
2024-01-15,2024-W03,bot,27352,11818130.310779,0.5277599988674215,72382.46511599996,-1152.6694716956376,73535.13458769565,0.0061246968185806735,-9.753399576617621e-05,0.0062222308143468534
2024-01-15,2024-W03,casual,259,52547.714359,0.30898762702791827,3045.169383999999,-2032.438333510074,5077.607717510074,0.05795055829061848,-0.038677958847547336,0.09662851713816582
2024-01-15,2024-W03,one_shot,20,1164.11287,0.018405318869359963,-926.510123,-1748.497018236702,821.9868952367025,-0.7958937203400217,-1.5019995597477607,0.7061058394077393
2024-01-15,2024-W03,sophisticated,3349,1514192.570615,0.32763439017063434,-65884.45100399999,-11937.793543629292,-53946.657460370705,-0.043511276096963376,-0.007883933507070817,-0.03562734258989257
2024-01-22,2024-W04,active_retail,2395,1549557.62923,0.1451490953036596,-205079.205617,-152348.42907226997,-52730.776544730004,-0.1323469367957016,-0.09831736890481081,-0.03402956789089075
2024-01-22,2024-W04,bot,22773,10126408.055223,0.5333902714511105,328810.789023,198263.1633554964,130547.62566750357,0.03247062405839018,0.019578824226151564,0.01289179983223861
2024-01-22,2024-W04,casual,282,32497.229555,0.17466930552625265,-9783.362025999999,-6588.139595672423,-3195.2224303275757,-0.301052186908491,-0.20272926910653452,-0.09832291780195647
2024-01-22,2024-W04,one_shot,35,7792.21829,0.11905049452681006,-4868.341585,-4198.7810426983115,-669.560542301687,-0.6247696617082323,-0.5388428412082269,-0.08592682050000514
2024-01-22,2024-W04,sophisticated,3087,1109341.0352,0.3559722348474874,-109079.87979499999,-35127.8136448557,-73952.0661501443,-0.09832853589097988,-0.031665477549491894,-0.066663058341488
2024-01-29,2024-W05,active_retail,2700,1177474.605768,0.33433811478041225,129944.53591800001,10366.24098376451,119578.2949342355,0.11035867379343145,0.008803791549290525,0.10155488224414093
2024-01-29,2024-W05,bot,26897,10752695.481806,0.5271006509130965,-178915.180567,-28078.439139427057,-150836.74142757294,-0.016639100481338077,-0.00261129306478891,-0.014027807416549168
2024-01-29,2024-W05,casual,471,109530.006659,0.11054937860327521,-14521.927235,-14881.756815165243,359.82958016524344,-0.13258400759721622,-0.13586922222598458,0.0032852146287683666
2024-01-29,2024-W05,one_shot,74,31686.627545,0.026818777754447957,-6069.925541,-6901.043998127861,831.1184571278611,-0.19156110988396446,-0.21779042242117097,0.026229312537206496
2024-01-29,2024-W05,sophisticated,3408,1610540.429182,0.31156262932997936,69562.497425,39494.998968955646,30067.498456044337,0.04319202186084274,0.02452282367665574,0.018669198184186993
2024-02-05,2024-W06,active_retail,4702,749647.872361,0.26114254955666666,-324008.274524,-281739.921203889,-42268.35332011095,-0.4322139586730805,-0.3758296816297966,-0.0563842770432839
2024-02-05,2024-W06,bot,28931,9110810.705274,0.5225188011612928,37982.57457399998,93443.94746174476,-55461.372887744765,0.004168956616781962,0.010256381181056982,-0.006087424564275019
2024-02-05,2024-W06,casual,574,80716.973364,0.4335928512344918,2603.3357060000008,3602.27657090296,-998.9408649029574,0.03225264275284504,0.044628489161234894,-0.012375846408389835
2024-02-05,2024-W06,one_shot,38,6562.595055,0.04447772843449299,-1651.692236,-1659.655537611156,7.963301611156177,-0.2516827904445493,-0.2528962283520259,0.0012134379074767057
2024-02-05,2024-W06,sophisticated,3901,1355240.847312,0.4177597546171189,285074.05647999997,186353.35270885247,98720.70377114753,0.21034936856088646,0.13750570836059717,0.07284366020028933
2024-02-12,2024-W07,active_retail,3300,636275.822817,0.38859703301570897,53426.543366,36459.02062409579,16967.52274190421,0.08396758363293345,0.05730065376785786,0.026666929865075604
2024-02-12,2024-W07,bot,24207,6285694.38561,0.5356606448942253,41297.840414,94211.36820451633,-52913.527790516346,0.006570131775503466,0.014988219665944436,-0.008418087890440972
2024-02-12,2024-W07,casual,319,37149.157064,0.11779975620341589,-11437.95272,-11087.061364514146,-350.8913554858541,-0.3078926582451082,-0.29844718536718146,-0.009445472877926782
2024-02-12,2024-W07,one_shot,17,1754.385829,0.16909160930551845,-253.777355,-64.6102601731852,-189.16709482681475,-0.14465310355627592,-0.03682785115176919,-0.1078252524045067
2024-02-12,2024-W07,sophisticated,2859,754184.82309,0.24156916450634144,-83032.65370499999,-119518.7172039248,36486.06349892481,-0.11009589581079565,-0.15847404183266378,0.048378146021868136
2024-02-19,2024-W08,active_retail,3080,538967.981797,0.07931600151091595,-220888.00719200002,-218886.92203766748,-2001.0851543325302,-0.4098351194360865,-0.4061223104717012,-0.003712808964385254
2024-02-19,2024-W08,bot,32583,7154244.294357,0.5502622220195174,275386.98614,287284.8773590063,-11897.891219006357,0.03849281277090509,0.04015586629961824,-0.0016630535287131538
2024-02-19,2024-W08,casual,266,25199.241087,0.4302831510536948,-3751.7781489999993,167.80985648601308,-3919.5880054860127,-0.14888456902519573,0.006659321838568554,-0.15554389086376427
2024-02-19,2024-W08,one_shot,16,1908.157194,0.27824410664281457,-740.7726839999998,-12.115995191450732,-728.6566888085488,-0.3882136578313788,-0.00634957918013684,-0.3818640786512418
2024-02-19,2024-W08,sophisticated,3315,916102.378299,0.32167828202759013,-50006.428115,-68553.64918263344,18547.221067633447,-0.054586069526258524,-0.074831864654606,0.020245795128347493
2024-02-26,2024-W09,active_retail,4397,1140007.156345,0.3343856207604263,-142261.22157499997,-161437.0135583726,19175.791983372605,-0.12478976187404521,-0.14161052644262256,0.016820764568577357
2024-02-26,2024-W09,bot,40645,11285985.391329,0.5340808417425967,304572.887234,362537.77311456867,-57964.88588056865,0.02698682274283314,0.03212282849427625,-0.005136005751443109
2024-02-26,2024-W09,casual,654,123768.31167,0.27270468971691975,-22464.566219,-27189.59054217535,4725.024323175346,-0.1815049903799015,-0.21968135603780553,0.03817636565790399
2024-02-26,2024-W09,one_shot,17,337.996832,0.18370028066139524,-123.85654,-108.42320448189417,-15.433335518105853,-0.366442902044715,-0.32078171810170747,-0.045661183943007645
2024-02-26,2024-W09,sophisticated,3673,1488666.860016,0.31716633141506084,-139723.2429,-173802.7458095388,34079.50290953881,-0.09385796557498316,-0.11675059778496769,0.022892632209984526
2024-03-04,2024-W10,active_retail,2958,356719.30064,0.33447185745638897,63715.367254,60286.30870621528,3429.0585477847235,0.17861485806819674,0.16900209379771136,0.009612764270485378
2024-03-04,2024-W10,bot,21630,6588017.780477,0.5127528199947017,-28791.43767100001,9606.071001716171,-38397.50867271618,-0.0043702732188004795,0.001458112488734153,-0.005828385707534633
2024-03-04,2024-W10,casual,216,27906.446056,0.4325318553537973,-8149.640812000001,-3678.058602262723,-4471.582209737277,-0.2920343491839153,-0.1317996062587814,-0.1602347429251339
2024-03-04,2024-W10,one_shot,24,6854.327595,0.12683698437639743,-3553.571513,-2858.8852420119642,-694.6862709880355,-0.5184420300529858,-0.41709200536277613,-0.10135002469020968
2024-03-04,2024-W10,sophisticated,2694,998929.031866,0.3453585264177224,-23220.717257999993,-63355.43586365676,40134.71860565678,-0.02324561256831597,-0.06342336026144797,0.04017774769313202
2024-03-11,2024-W11,active_retail,2386,224637.040478,0.3141443332474815,-93342.211747,-65979.28762142205,-27362.92412557794,-0.41552457933197146,-0.2937150858158843,-0.12180949351608712
2024-03-11,2024-W11,bot,26129,8361307.638132,0.5085599356083407,190232.11852,162490.82761514848,27741.290904851507,0.022751479404063614,0.019433662131280047,0.003317817272783565
2024-03-11,2024-W11,casual,223,24223.735325,0.5068968382697117,-265.3947249999999,543.4057680809976,-808.8004930809979,-0.010955978565621975,0.022432781765088807,-0.033388760330710796
2024-03-11,2024-W11,one_shot,11,753.250313,0.25409586935216993,58.930972999999994,35.74138692644313,23.189586073556896,0.07823557718189755,0.04744954805806118,0.030786029123836416
2024-03-11,2024-W11,sophisticated,2449,590837.934454,0.47137129957186674,-96683.443021,-97090.68714873386,407.2441277338711,-0.16363783938542514,-0.16432710475581846,0.0006892653703933381
2024-03-18,2024-W12,active_retail,2180,348188.453523,0.40179757063763255,154387.18245700002,111911.12068544448,42476.06177155554,0.4434012124609462,0.32140962617547586,0.12199158628547037
2024-03-18,2024-W12,bot,25357,12475097.060868,0.5219776048752272,-64286.44258200002,90427.03473521917,-154713.47731721916,-0.005153181756289041,0.007248603701759686,-0.012401785458048726
2024-03-18,2024-W12,casual,232,29513.744224,0.28521283231905836,9516.454687,7501.183949694851,2015.2707373051485,0.3224414569284437,0.254159007842693,0.0682824490857507
2024-03-18,2024-W12,one_shot,14,3554.753537,0.004387239410139916,-449.70999000000006,-320.7619037993508,-128.94808620064913,-0.1265094711403054,-0.09023463946534384,-0.03627483167496153
2024-03-18,2024-W12,sophisticated,2617,1300215.996326,0.21672437725685953,-99167.48457199997,-209518.57746655913,110351.09289455913,-0.0762700081003587,-0.1611413627109592,0.08487135461060046
2024-03-25,2024-W13,active_retail,1874,434609.073686,0.3160748678628137,245352.132103,185320.03531414852,60032.096788851464,0.5645352270768835,0.42640627298094586,0.13812895409593762
2024-03-25,2024-W13,bot,23225,8336454.771882,0.5208386722825619,-227576.044998,-155164.50032920088,-72411.54466879912,-0.02729889997911228,-0.018612768206043014,-0.008686131773069263
2024-03-25,2024-W13,casual,183,21409.150324,0.561274960608343,13535.763868,8994.0471295044,4541.716738495599,0.6322419929401025,0.4201029463286047,0.21213904661149782
2024-03-25,2024-W13,one_shot,13,1606.333463,0.23398925882298782,51.736540999999946,83.92775317434844,-32.19121217434845,0.03220784612391527,0.05224802639521956,-0.02004018027130426
2024-03-25,2024-W13,sophisticated,2103,526160.402417,0.32970599020526736,-31363.587514000006,-39233.509867626395,7869.922353626402,-0.05960841479124325,-0.07456568317836373,0.014957268387120512
2024-04-01,2024-W14,active_retail,1962,279833.803094,0.24372258529483048,-33475.302554,-23821.34505949371,-9653.95749450629,-0.11962565702884434,-0.08512676022736179,-0.03449889680148254
2024-04-01,2024-W14,bot,23957,7853478.550434,0.5102774996340393,40860.99599299999,-3489.798198137622,44350.794191137626,0.0052029168642399775,-0.00044436337041307237,0.0056472802346530515
2024-04-01,2024-W14,casual,235,36569.859153,0.20644621860594373,-9411.112176,-5627.840088880093,-3783.272087119906,-0.25734614225955976,-0.15389285655529836,-0.10345328570426135
2024-04-01,2024-W14,one_shot,22,1319.8810859999999,0.30601391116970794,-56.74087899999989,111.0087004941438,-167.74957949414366,-0.04298938715150275,0.0841050770949102,-0.12709446424641294
2024-04-01,2024-W14,sophisticated,2126,430150.626079,0.5112884477832615,2082.1596160000017,32827.97464601728,-30745.815030017286,0.004840536058216964,0.07631739361920215,-0.0714768575609852
2024-04-08,2024-W15,active_retail,2013,373170.934079,0.27202475082387795,-263189.697115,-142234.12886028402,-120955.56825471601,-0.7052791980290805,-0.38115007325348965,-0.3241291247755909
2024-04-08,2024-W15,bot,20960,6626086.7951,0.5182521556777309,450456.009118,184788.59990553523,265667.40921246476,0.06798220775663742,0.027888043972226058,0.040094163784411364
2024-04-08,2024-W15,casual,286,54366.135344,0.63587260046699,50853.194527,16205.072449765032,34648.12207723497,0.9353836575880926,0.29807291519303236,0.6373107423950604
2024-04-08,2024-W15,one_shot,39,1807.539477,0.13879372559236872,-1060.653827,-931.8223940713704,-128.83143292862968,-0.5867942805655249,-0.5155198024321603,-0.07127447813336454
2024-04-08,2024-W15,sophisticated,2276,753382.886648,0.43161567915718907,-237058.852703,-57827.721100944895,-179231.1316020551,-0.31465919508437157,-0.07675741263281907,-0.23790178245155247
2024-04-15,2024-W16,active_retail,2206,430549.221265,0.32658131780639743,-18800.926023999997,-9221.784827009842,-9579.14119699016,-0.04366730932356781,-0.021418654062165633,-0.022248655261402194
2024-04-15,2024-W16,bot,28825,12379812.194979,0.5065911741052946,-176578.111008,-113404.26195914728,-63173.84904885274,-0.01426339174027345,-0.0091604186051499,-0.005102973135123549
2024-04-15,2024-W16,casual,229,49821.026069,0.2844082124423537,10422.793523,3464.8838730104108,6957.909649989588,0.2092047142619037,0.06954661809276458,0.1396580961691391
2024-04-15,2024-W16,one_shot,22,4374.281868,0.07600220536062224,-774.6497550000001,-657.8589388102894,-116.79081618971074,-0.17709186979168853,-0.1503924435283532,-0.02669942626333533
2024-04-15,2024-W16,sophisticated,2512,893612.608953,0.49561191936602755,185730.893264,119819.02185195699,65911.87141204301,0.2078427401350249,0.13408385317250926,0.07375888696251562
2024-04-22,2024-W17,active_retail,2280,340102.080342,0.2957916120163278,74007.61796999999,45618.29029274638,28389.327677253623,0.2176041319582032,0.13413117099099636,0.08347296096720687
2024-04-22,2024-W17,bot,26489,10991323.039279,0.506387186906258,-271423.670367,-157142.7452355338,-114280.92513146623,-0.02469435839498396,-0.014296981780442869,-0.010397376614541093
2024-04-22,2024-W17,casual,258,29405.803515,0.3660781119110498,5820.951443,3394.0013184381455,2426.950124561855,0.19795247016564987,0.1154194380951656,0.08253303207048429
2024-04-22,2024-W17,one_shot,39,6080.346316,0.8541013946726839,5152.118425000001,3664.333232521305,1487.7851924786955,0.8473396344945955,0.6026520599458081,0.2446875745487875
2024-04-22,2024-W17,sophisticated,2060,645276.93344,0.49058253504728333,186442.982529,104466.12039182795,81976.86213717205,0.28893483226661176,0.1618934677161237,0.12704136455048803
2024-04-29,2024-W18,active_retail,3660,419093.573791,0.2629252084868633,-7194.453500999999,-9015.502222433435,1821.0487214334323,-0.017166699636840147,-0.021511907569667064,0.004345207932826908
2024-04-29,2024-W18,bot,29397,8710493.832499,0.5134549998999982,-340778.727569,-206478.77338186282,-134299.95418713722,-0.03912277927315083,-0.023704600146949997,-0.015418179126200839
2024-04-29,2024-W18,casual,706,36722.511929,0.31464417120456106,-5436.883443999999,-2028.0197543175273,-3408.863689682473,-0.14805314665052796,-0.055225518293480005,-0.09282762835704797
2024-04-29,2024-W18,one_shot,53,5749.010448,0.44141356580033725,1695.9979210000001,1651.5084206068689,44.48950039313118,0.2950069296864844,0.2872682934819514,0.007738636204532983
2024-04-29,2024-W18,sophisticated,2622,935128.504203,0.4951722005165035,351714.066593,215870.7869380069,135843.27965499312,0.3761130850061748,0.23084612004420854,0.14526696496196626
2024-05-06,2024-W19,active_retail,20422,1899568.975071,0.3783500979386976,-65005.988504,-104218.34321108334,39212.35470708334,-0.03422144147283216,-0.054864205816578984,0.020642764343746824
2024-05-06,2024-W19,bot,53503,11728848.515271,0.5354792360536964,86264.43605300003,115100.01825998891,-28835.582206988965,0.00735489387050088,0.00981341161582301,-0.002458517745322138
2024-05-06,2024-W19,casual,3412,170450.267468,0.4150407526168204,15536.700449999998,-2785.7202651872444,18322.420715187243,0.0911509303023935,-0.016343302398808088,0.10749423270120159
2024-05-06,2024-W19,one_shot,156,15821.554813,0.24711509929441564,-3719.856129,-3459.244467732498,-260.6116612675023,-0.23511318406858017,-0.21864124661693563,-0.016471937451644582
2024-05-06,2024-W19,sophisticated,6455,2186166.500971,0.39133476998354066,-33075.29187000001,-4636.710315985866,-28438.58155401412,-0.015129356275155346,-0.002120931920750977,-0.01300842435440436
2024-05-13,2024-W20,active_retail,45293,3766208.369227,0.38647830938571665,-908441.417547,-881119.9481058972,-27321.469441102716,-0.2412084856933856,-0.23395411557824766,-0.007254370115137932
2024-05-13,2024-W20,bot,80509,12487115.108634,0.5547098003713522,940646.2280420001,956691.200798172,-16044.972756172156,0.07532934707966346,0.07661426938690462,-0.0012849223072411767
2024-05-13,2024-W20,casual,2469,227348.68007,0.3784797997077097,-15366.543502000002,-38149.75209993844,22783.208597938443,-0.06759020328276676,-0.167802830824407,0.10021262754164026
2024-05-13,2024-W20,one_shot,110,7470.668492000001,0.264893818240656,-1112.0141969999997,-819.0387944583699,-292.97540254163,-0.1488506949800818,-0.10963393641886818,-0.039216758561213635
2024-05-13,2024-W20,sophisticated,7483,2035553.841161,0.41413892433683935,-15726.252796000002,-36602.46179787804,20876.209001878044,-0.007725785718853973,-0.017981573888019305,0.010255788169165338
2024-05-20,2024-W21,active_retail,35700,2084677.374535,0.32551047375505854,-12369.184505000001,-55854.01628950678,43484.8317845068,-0.005933380702497922,-0.02679264281935489,0.020859262116856982
2024-05-20,2024-W21,bot,80118,15277237.785134,0.5608821628173273,-713498.421753,-245065.30466965263,-468433.11708334746,-0.0467033656075768,-0.016041205099793707,-0.030662160507783098
2024-05-20,2024-W21,casual,2732,271159.217073,0.3297826755230999,56170.606427,-117832.22413731505,174002.83056431505,0.20714990636618508,-0.4345499496909703,0.6416998560571554
2024-05-20,2024-W21,one_shot,1115,11018.809204000001,0.23725347633993846,-1896.686859,-1061.455216287135,-835.2316427128648,-0.17213174526258906,-0.09633120935625332,-0.07580053590633573
2024-05-20,2024-W21,sophisticated,7891,2702913.832814,0.35757102948385755,671593.68669,419813.0003127616,251780.68637723845,0.2484702540409158,0.15531867690939108,0.09315157713152472
2024-05-27,2024-W22,active_retail,42973,2370967.034631,0.42767369106138553,-76226.104541,-422.0346915929688,-75804.06984940702,-0.032149795179612556,-0.00017800107948723597,-0.031971794100125316
2024-05-27,2024-W22,bot,100635,11877058.283577,0.5274794211776108,-284024.834874,-169603.28165885204,-114421.553215148,-0.023913735884140204,-0.014279906489418423,-0.009633829394721787
2024-05-27,2024-W22,casual,4315,287436.165942,0.32563831898670254,-64706.516263,-56385.76241033444,-8320.75385266556,-0.22511612639606643,-0.19616794645706548,-0.02894817993900098
2024-05-27,2024-W22,one_shot,123,5204.849271,0.2009823675277009,-907.7773280000001,-541.3588838563965,-366.4184441436038,-0.17440991674012304,-0.10401048246924276,-0.0703994342708803
2024-05-27,2024-W22,sophisticated,8200,1808753.547707,0.3723493620397405,425865.233006,226952.43764463585,198912.79536136417,0.2354467990102242,0.12547449481569717,0.10997230419452703
2024-06-03,2024-W23,active_retail,40576,3050730.572273,0.2976368223541965,-622926.116132,-463325.4353096439,-159600.68082235605,-0.20418916104671872,-0.15187360021912233,-0.05231556082759638
2024-06-03,2024-W23,bot,94797,16592886.512883,0.5678284467567696,689915.878612,652156.1702542452,37759.708357754804,0.041579015084345784,0.039303358686139385,0.0022756563982063954
2024-06-03,2024-W23,casual,3017,222302.213775,0.3605225098022714,-42148.095563999996,-19085.512239068274,-23062.583324931722,-0.189598181899617,-0.08585390093499204,-0.10374428096462496
2024-06-03,2024-W23,one_shot,106,15457.32006,0.4209925643867055,-276.9395089999998,-536.2307262277203,259.29121722772027,-0.017916398698158278,-0.034691054086106586,0.016774655387948294
2024-06-03,2024-W23,sophisticated,9876,2312541.543201,0.3336212573317174,-24564.727407000002,-169208.99197930522,144644.26457230526,-0.01062239399729776,-0.0731701415167174,0.06254774751941966
2024-06-10,2024-W24,active_retail,39008,4299991.171211,0.3591217038417271,515253.14275899995,253609.26247357635,261643.8802854237,0.11982655829823251,0.05897901934578921,0.060847538952443325
2024-06-10,2024-W24,bot,123038,20563185.318064,0.5401968070531333,-125004.19687100001,4422.601481024183,-129426.79835202426,-0.006079028853627479,0.00021507375499549142,-0.006294102608622973
2024-06-10,2024-W24,casual,2679,299688.412582,0.1547279097213985,-55364.135423,-62554.9389529465,7190.803529946496,-0.18473899256232137,-0.2087332587002521,0.02399426613793073
2024-06-10,2024-W24,one_shot,130,18365.896936,0.14706782667714163,-1771.9142499999994,-1176.1137332679266,-595.8005167320732,-0.09647850340087519,-0.06403791425849513,-0.03244058914238008
2024-06-10,2024-W24,sophisticated,12905,2985418.435729,0.39976322200035497,-333112.896215,-194300.8112683861,-138812.08494661388,-0.11157996890096186,-0.06508327574554568,-0.046496693155416186
2024-06-17,2024-W25,active_retail,55359,5139132.336728,0.38363836454461875,-135844.190421,-18286.56208726291,-117557.628333737,-0.02643329292187283,-0.0035582975664148124,-0.022874995355457995
2024-06-17,2024-W25,bot,200714,37060654.882144,0.5378976832823172,95317.476781,27187.223520249372,68130.25326075043,0.0025719317989419672,0.0007335872398020767,0.0018383445591398848
2024-06-17,2024-W25,casual,3938,364876.283201,0.3136168230543607,-34680.823108,-21055.378443445385,-13625.444664554607,-0.09504817031063462,-0.05770552763454503,-0.03734264267608957
2024-06-17,2024-W25,one_shot,322,30563.434714,0.0783869001093044,-12111.067314,-16193.208261453427,4082.1409474534285,-0.3962600220600324,-0.5298229211795985,0.13356289911956618
2024-06-17,2024-W25,sophisticated,30837,7786026.123059,0.4106945594357184,87318.604062,28347.92527191236,58970.67879008776,0.011214784369063223,0.0036408720987921544,0.0075739122702710845
2024-06-24,2024-W26,active_retail,54469,4161228.59238,0.36237811966934297,-66417.058104,-302966.8718785278,236549.81377452784,-0.015960925152158727,-0.0728070725153907,0.05684614736323198
2024-06-24,2024-W26,bot,175520,29332062.686829,0.5468795446903965,609883.0341340001,909157.854993856,-299274.82085985615,0.020792367746024772,0.030995360425235145,-0.010202992679210376
2024-06-24,2024-W26,casual,2685,179712.8567,0.358660688207564,-3391.292526999999,-17226.501991086694,13835.209464086696,-0.018870617212775068,-0.09585570174227102,0.07698508452949597
2024-06-24,2024-W26,one_shot,194,9158.709371,0.1304997075712749,-1142.684967,-2852.256449629909,1709.5714826299093,-0.12476484630227272,-0.3114255878302298,0.18666074152795706
2024-06-24,2024-W26,sophisticated,23314,5144930.54713,0.3199183253790162,-538931.998536,-586112.2246746117,47180.22613861171,-0.10475010179420845,-0.11392033756443283,0.009170235770224399
2024-07-01,2024-W27,active_retail,61621,6681297.811771,0.34827308094198023,-564210.5165799999,-710064.6784837348,145854.16190373493,-0.08444624569585615,-0.10627645982682506,0.02183021413096891
2024-07-01,2024-W27,bot,245695,43919503.796834,0.5430475208187188,852571.686526,1398329.3471882078,-545757.660662208,0.019412142962039997,0.03183845959773818,-0.012426316635698187
2024-07-01,2024-W27,casual,3672,328424.28076,0.265428534209658,-18188.962496,-34024.82360744938,15835.86111144939,-0.055382514514180525,-0.10360020741680008,0.048217692902619576
2024-07-01,2024-W27,one_shot,259,15194.185931,0.35320083511437533,-1321.538249,-818.9850044758143,-502.5532445241858,-0.08697657478994818,-0.05390120985717812,-0.03307536493277007
2024-07-01,2024-W27,sophisticated,35499,8991319.776544,0.37706557189672474,-268850.669201,-653420.8600925478,384570.1908915478,-0.029901135304114205,-0.07267240809265309,0.04277127278853888
2024-07-08,2024-W28,active_retail,108255,16597530.7252,0.3574504501230259,-1437517.494122,-1581216.2317590595,143698.73763705973,-0.08661032281985295,-0.09526816114630243,0.0086578383264495
2024-07-08,2024-W28,bot,412042,97525738.667129,0.5495585384964716,2970096.199755,5254584.111332837,-2284487.9115778366,0.030454485557832228,0.05387894706716937,-0.023424461509337146
2024-07-08,2024-W28,casual,6356,972862.135147,0.17869103551356114,-153746.511348,-255577.49371918305,101830.98237118308,-0.1580352506213728,-0.262706795223935,0.10467154460256219
2024-07-08,2024-W28,one_shot,317,38598.276828,0.08587025115892322,-7204.173943,-16925.05631767655,9720.88237467655,-0.1866449628076127,-0.4384925366771492,0.25184757386953655
2024-07-08,2024-W28,sophisticated,68268,21005267.935208,0.3639066385700259,-1371628.020342,-3400865.329536917,2029237.3091949173,-0.0652992394371197,-0.16190535345833668,0.096606114021217
2024-07-15,2024-W29,active_retail,201416,15564230.751096,0.41079497079601346,-1271702.952736,-1944170.5795145587,672467.6267785587,-0.08170676553651386,-0.12491273167340147,0.04320596613688762
2024-07-15,2024-W29,bot,440273,76802986.057531,0.5389923611791319,1950883.05819,3083223.0123292115,-1132339.9541392117,0.025401135533046168,0.04014457211363701,-0.014743436580590852
2024-07-15,2024-W29,casual,4915,809109.492843,0.22368456468428824,-83002.89279200001,-158783.24452650722,75780.35173450722,-0.10258548877031398,-0.19624444643281128,0.09365895766249732
2024-07-15,2024-W29,one_shot,287,31823.775799,0.1362924415494669,-9437.164048,-11972.393067762132,2535.229019762137,-0.29654444864133767,-0.37620906907402046,0.07966462043268296
2024-07-15,2024-W29,sophisticated,81605,11669835.742839,0.38453362046385975,-586740.048614,-968296.7952203836,381556.74660638365,-0.05027834680312816,-0.08297432942143704,0.03269598261830888
2024-07-22,2024-W30,active_retail,186107,9650972.114634,0.4300205601888053,-77373.90118399999,-465004.2250954686,387630.3239114687,-0.008017213215928382,-0.04818211259675816,0.04016489938082979
2024-07-22,2024-W30,bot,404473,87616904.118815,0.5236986101219461,492863.77415099996,1467302.497618299,-974438.7234672991,0.00562521329768329,0.01674679689239565,-0.011121583594712364
2024-07-22,2024-W30,casual,4083,594583.248451,0.2877708336074391,-33609.25550300001,-50294.657690256565,16685.402187256565,-0.056525735614917465,-0.08458808387434982,0.028062348259432372
2024-07-22,2024-W30,one_shot,157,28019.778576,0.2798162852902958,5516.632122000001,-794.8696232672055,6311.5017452672055,0.19688350166782562,-0.028368162193402963,0.22525166386122855
2024-07-22,2024-W30,sophisticated,62504,11186895.90873,0.4177586554596122,-387397.249586,-951208.7452093067,563811.4956233067,-0.03462955700550355,-0.08502883668265876,0.05039927967715521
2024-07-29,2024-W31,active_retail,159014,9514589.758742,0.41415611858833307,-58878.222552000014,-395930.8239284335,337052.60137643357,-0.0061882040156174606,-0.04161302105165937,0.03542481703604192
2024-07-29,2024-W31,bot,354983,55926387.513366,0.5390964109436315,1102228.587052,1371025.4113310063,-268796.82427900645,0.019708560414143955,0.024514821576904842,-0.004806261162760887
2024-07-29,2024-W31,casual,3919,544392.574634,0.40310929627233044,-32013.328646,-29223.8939878091,-2789.4346581908967,-0.05880559386307363,-0.05368165428681056,-0.005123939576263065
2024-07-29,2024-W31,one_shot,214,35924.420947,0.0866212636009315,-2478.039662000001,-3254.7208773561138,776.6812153561136,-0.06897925134704054,-0.09059911869304357,0.02161986734600306
2024-07-29,2024-W31,sophisticated,55698,9924610.188981,0.4050389121230153,-1008858.996192,-942615.9725374077,-66243.02365459234,-0.10165225404138352,-0.09497763182517396,-0.00667462221620956
2024-08-05,2024-W32,active_retail,168785,11730109.67555,0.40700270904701974,196282.785273,-297493.0177940732,493775.8030670732,0.016733243823127058,-0.025361486467101117,0.04209473029022818
2024-08-05,2024-W32,bot,404188,68643931.429487,0.5376970038843579,-39841.310538000034,442489.9830844054,-482331.2936224055,-0.0005804054299967676,0.006446163176696016,-0.007026568606692784
2024-08-05,2024-W32,casual,4974,615715.62036,0.2912870509209055,-22751.386525,-34235.45687146298,11484.070346462977,-0.036951127716554594,-0.055602709659121535,0.01865158194256694
2024-08-05,2024-W32,one_shot,257,66706.640801,0.06973158669416474,-6113.394588000001,-6058.6142635532,-54.780324446799504,-0.09164596679718214,-0.0908247543393367,-0.0008212124578454008
2024-08-05,2024-W32,sophisticated,50878,10962771.203938,0.4117249516195227,-127576.69362199996,-104702.89415531601,-22873.799466683904,-0.011637266823207293,-0.009550768889321076,-0.0020864979338862124
2024-08-12,2024-W33,active_retail,294470,12283418.670308,0.4601316583952336,-42769.895033000015,-961763.6936303346,918993.7985973348,-0.0034819211313203238,-0.07829772146048808,0.07481580032916776
2024-08-12,2024-W33,bot,529828,67900388.304155,0.5272916659069694,562993.286588,1723670.2737965556,-1160676.9872085557,0.008291459012960445,0.025385278594807086,-0.017093819581846643
2024-08-12,2024-W33,casual,4566,407843.599817,0.30918974123288107,-27365.766609,-114333.00871045061,86967.24210145061,-0.0670986785652124,-0.2803354245641025,0.21323674599889011
2024-08-12,2024-W33,one_shot,295,45371.630289,0.14015052427198016,-6035.668068999999,-4584.682090670027,-1450.985978329972,-0.13302735719556677,-0.10104732982851505,-0.0319800273670517
2024-08-12,2024-W33,sophisticated,54355,11216319.610419,0.46990524418692353,-486821.956877,-642988.8893651004,156166.93248810034,-0.04340300328325025,-0.05732619180785637,0.013923188524606115
2024-08-19,2024-W34,active_retail,345377,10043371.615402,0.4853927222495683,232.79012000003274,-163557.9445264664,163790.73464646642,2.3178483174219876e-05,-0.01628516306970483,0.01630834155287905
2024-08-19,2024-W34,bot,595694,55784971.105178,0.5148199495467412,490639.3267909999,519627.97386810393,-28988.647077104044,0.00879518832887696,0.009314838093012326,-0.0005196497641353676
2024-08-19,2024-W34,casual,4133,495517.755742,0.3543380744984011,-23421.876077,-37486.67178002818,14064.795703028187,-0.047267480944103664,-0.07565152074902896,0.028384039804925314
2024-08-19,2024-W34,one_shot,247,17374.601963,0.12686205314648658,-1424.50356,-2760.523219734278,1336.019659734278,-0.08198769462653273,-0.15888267400962258,0.07689497938308988
2024-08-19,2024-W34,sophisticated,44889,9479091.371555,0.4390389294603479,-466025.737274,-315822.8343418751,-150202.90293212485,-0.04916354521831671,-0.033317838383708484,-0.015845706834608217
2024-08-26,2024-W35,active_retail,204506,11874431.041665,0.4550698365984204,720979.8308609999,305255.908274104,415723.922586896,0.06071700010983482,0.025706992377405043,0.035010007732429786
2024-08-26,2024-W35,bot,489029,122547582.58036,0.5166869080508927,-1260988.1655479998,-511337.47601278516,-749650.6895352148,-0.010289784090364351,-0.00417256273233687,-0.006117221358027483
2024-08-26,2024-W35,casual,8349,788975.374008,0.36273555110125955,-32388.517502000006,-45158.46064610214,12769.943144102137,-0.04105136683476713,-0.05723684430947048,0.016185477474703353
2024-08-26,2024-W35,one_shot,302,59568.044574,0.3278890405921474,3895.217076,-4757.517034655623,8652.734110655623,0.06539105159245344,-0.0798669331632243,0.14525798475567772
2024-08-26,2024-W35,sophisticated,58476,13171523.933527,0.4500968005903623,568501.6351129999,255997.54541943897,312504.089693561,0.043161416855184626,0.01943568160460301,0.02372573525058162
2024-09-02,2024-W36,active_retail,217973,14215546.59268,0.37567465012899653,-934375.0237850001,-1339743.7828234846,405368.7590384848,-0.06572909579615722,-0.09424497145353228,0.028515875657375074
2024-09-02,2024-W36,bot,496261,89045141.960779,0.5491896704824617,2015185.222076,2193757.541917649,-178572.31984164935,0.02263105182047565,0.02463646520866816,-0.0020054133881925156
2024-09-02,2024-W36,casual,6008,1291218.351788,0.1890142901025609,-232544.8505,-281183.48775256705,48638.637252567074,-0.18009723156272225,-0.21776602490446437,0.03766879334174214
2024-09-02,2024-W36,one_shot,271,75715.730996,0.032291868061961965,-17755.177871,-22403.039812828436,4647.8619418284425,-0.23449787299732985,-0.2958835570644094,0.0613856840670796
2024-09-02,2024-W36,sophisticated,57093,12892534.878399,0.41605279594295,-830510.16992,-550427.231528769,-280082.93839123094,-0.0644179114311718,-0.042693483998324566,-0.021724427432847228
2024-09-09,2024-W37,active_retail,303037,16789502.85393,0.46154147167766063,378293.883359,-7522.544633026962,385816.42799202714,0.022531571461655932,-0.00044805046930059184,0.022979621930956533
2024-09-09,2024-W37,bot,553676,63308751.569138005,0.5275634959120264,220191.26658,386142.3454270996,-165951.07884709974,0.0034780541571655266,0.006099351761902975,-0.00262129760473745
2024-09-09,2024-W37,casual,5968,574214.5413640001,0.4054351931245204,-98760.826925,-80272.6624354064,-18488.164489593604,-0.17199290476065213,-0.1397955932023686,-0.032197311558283544
2024-09-09,2024-W37,one_shot,295,14720.972561999999,0.3409757814201613,-1832.3213429999996,-1340.1081283619615,-492.2132146380379,-0.1244701282665158,-0.09103393968828195,-0.03343618857823383
2024-09-09,2024-W37,sophisticated,66376,11073289.943402,0.44947932631605103,-497892.00167100003,-297007.0302303043,-200884.97144069572,-0.044963331062027156,-0.026821932031796513,-0.01814139903023064
2024-09-16,2024-W38,active_retail,383160,62367378.410146,0.48578997911699223,-373011.017876,-17842.51274738087,-355168.5051286194,-0.005980867360224302,-0.00028608726552595054,-0.005694780094698355
2024-09-16,2024-W38,bot,643008,123722593.155322,0.5165203021598633,927704.720231,381587.2587698379,546117.4614611623,0.0074982644363617125,0.003084216463930652,0.004414047972431063
2024-09-16,2024-W38,casual,8472,750088.557212,0.4428762428223164,-37065.945869,-54030.871053174866,16964.92518417487,-0.04941542636881465,-0.07203265605597546,0.022617229687160813
2024-09-16,2024-W38,one_shot,653,39172.767376,0.12098033741861747,-7390.146631,-18682.155764609954,11292.009133609954,-0.18865520937200173,-0.47691692509975586,0.2882617157277541
2024-09-16,2024-W38,sophisticated,101349,23969044.501784,0.47915315234253786,-510237.609855,-291031.71920467226,-219205.89065032778,-0.02128735710833293,-0.012141982513446082,-0.009145374594886853
2024-09-23,2024-W39,active_retail,715002,140968199.458673,0.49099708552250826,-518130.14431500004,1126565.4014759238,-1644695.545790925,-0.003675510833682017,0.007991627940216359,-0.011667138773898383
2024-09-23,2024-W39,bot,1206331,280264229.088885,0.512942927960473,830224.5947490002,-771570.1333997782,1601794.7281487791,0.0029622923961719594,-0.0027530096720087558,0.005715302068180718
2024-09-23,2024-W39,casual,9701,1784048.321127,0.38638194968026984,-9844.301599999997,-130457.11657218324,120612.81497218326,-0.005517956819567117,-0.07312420578932091,0.06760624896975381
2024-09-23,2024-W39,one_shot,496,99734.060544,0.16796999595582035,1643.6466330000005,-6555.8112227411,8199.4578557411,0.01648029393403538,-0.06573292200259762,0.08221321593663299
2024-09-23,2024-W39,sophisticated,163174,45219579.544577,0.45594199791875206,-303893.795467,-217982.3402812214,-85911.45518577866,-0.006720402943318492,-0.004820530011039502,-0.0018998729322789924
2024-09-30,2024-W40,active_retail,765410,122743611.731637,0.4611203887593603,-7563773.926034,-8443768.922643606,879994.9966096054,-0.06162254653685123,-0.06879192166110291,0.007169375124251683
2024-09-30,2024-W40,bot,1484991,243902597.176911,0.5355658591205773,8526892.426699,11148100.490240984,-2621208.0635419837,0.034960236280362975,0.04570718237229299,-0.010746946091930012
2024-09-30,2024-W40,casual,9126,3822758.309109,0.33599589499808086,-272829.819633,-772318.9215390615,499489.1019060614,-0.07136988466754274,-0.20203184692549184,0.13066196225794907
2024-09-30,2024-W40,one_shot,887,673563.336753,0.05726215420593304,-17715.443695000005,-95715.71611326764,78000.27241826765,-0.026301080727463007,-0.1421035126031024,0.1158024318756394
2024-09-30,2024-W40,sophisticated,185642,37438801.02422,0.4484851761362986,-672573.237337,-1836296.9299450493,1163723.6926080491,-0.017964604072173606,-0.04904796306797079,0.031083358995797176
2024-10-07,2024-W41,active_retail,1388246,120898754.155827,0.4779537742908874,-3877912.535658,-3724225.479206807,-153687.05645119303,-0.03207570303544848,-0.030804498402081416,-0.0012712046333670653
2024-10-07,2024-W41,bot,1575032,299353421.096303,0.5296862864176884,6803528.658845,7767941.122400524,-964412.4635555239,0.022727412414158724,0.025949064132798242,-0.003221651718639518
2024-10-07,2024-W41,casual,14830,4191502.064957,0.22674589712066082,-485166.563578,-1239128.3993895368,753961.8358115369,-0.11575004761043277,-0.29562872215887814,0.17987867454844536
2024-10-07,2024-W41,one_shot,2944,770123.397609,0.02890335217809345,-103959.841587,-354972.25528591406,251012.41369891402,-0.1349911480546674,-0.4609290620022654,0.32593791394759797
2024-10-07,2024-W41,sophisticated,168224,32266137.156838,0.48348248876639244,-2336489.718022,-2449614.988518266,113125.27049626598,-0.07241305975564663,-0.07591906575650105,0.0035060060008544254
2024-10-14,2024-W42,active_retail,2084508,171427683.55991298,0.48377711668118506,-5641722.464741,-5453503.840050933,-188218.62469006726,-0.03291021816070478,-0.031812270496818354,-0.0010979476638864221
2024-10-14,2024-W42,bot,2359625,476174374.265953,0.5195801935695005,8486920.753766,8682079.418150445,-195158.66438444413,0.01782313625517757,0.01823298330897019,-0.00040984705379261773
2024-10-14,2024-W42,casual,19217,6069024.684458001,0.22772626001853674,-926707.320269,-1171916.8909749677,245209.5707059678,-0.15269460390269618,-0.19309805972219848,0.04040345581950232
2024-10-14,2024-W42,one_shot,5532,923616.173741,0.10629753897299134,-197132.65794600002,-287462.33566364966,90329.67771764964,-0.21343569282414912,-0.3112357100670042,0.09780001724285509
2024-10-14,2024-W42,sophisticated,241714,37453608.489459,0.49081871195759685,-1721358.31081,-1769196.351460894,47838.04065089399,-0.04595974540862896,-0.04723700660134842,0.0012772611927194572
2024-10-21,2024-W43,active_retail,1783712,182696473.517405,0.4394354041115388,-10866934.518734,-24742506.112280563,13875571.593546562,-0.05948081158610178,-0.13542957691475863,0.07594876532865684
2024-10-21,2024-W43,bot,3157991,1007203197.045378,0.5272487488889156,15089110.271675,40001872.71184227,-24912762.44016727,0.014981197752289486,0.03971579203599375,-0.02473459428370427
2024-10-21,2024-W43,casual,101910,24764045.974154,0.32635346230515905,-2148204.782095,-7806680.0079538785,5658475.225858879,-0.08674692270952256,-0.3152425098912204,0.22849558718169788
2024-10-21,2024-W43,one_shot,9760,2264753.847316,0.09686933234790847,-742338.102501,-2349478.6012352784,1607140.4987342786,-0.3277787135148299,-1.037410137980199,0.7096314244653693
2024-10-21,2024-W43,sophisticated,408673,81210129.052317,0.4537060861703683,-1331632.868345,-5103207.990372549,3771575.1220275485,-0.016397374119269517,-0.06283955031132844,0.04644217619205892
2024-10-28,2024-W44,active_retail,1175276,42612644.732652,0.4785939791550289,-1026349.51811,-1917070.518505983,890721.000395983,-0.024085562502614587,-0.04498830172437115,0.020902739221756558
2024-10-28,2024-W44,bot,1811258,355379099.56317097,0.516386801142804,1714392.1445609997,2650689.363240624,-936297.2186796234,0.004824122033817735,0.0074587654887381645,-0.0026346434549204276
2024-10-28,2024-W44,casual,14558,1756305.836019,0.27634892648229115,-191299.193421,-331896.46440654434,140597.2709855443,-0.10892134473265537,-0.1889741852471723,0.08005284051451692
2024-10-28,2024-W44,one_shot,561,73857.62849599999,0.05969663673418175,-17431.22899,-48665.22575457397,31233.996764573967,-0.23601121976105754,-0.6589058807542081,0.4228946609931505
2024-10-28,2024-W44,sophisticated,167689,28759390.826006,0.461656294671563,-479312.20404,-353057.15457352245,-126255.0494664777,-0.016666285003734384,-0.012276238975627627,-0.0043900460281067625
2024-11-04,2024-W45,active_retail,1181234,47079921.79425,0.48171133217366613,-1093574.225559,-1881193.5205359485,787619.2949769483,-0.023228038277934463,-0.03995744786402139,0.01672940958608692
2024-11-04,2024-W45,bot,1920671,288420612.501886,0.5165916289639909,2148407.926333,3257863.5358764376,-1109455.6095434374,0.007448870965555388,0.011295529496370978,-0.0038466585308155896
2024-11-04,2024-W45,casual,20308,3469118.086574,0.22176827574099334,-678416.898865,-764225.4527784453,85808.55391344536,-0.19555889477806299,-0.22029387115304921,0.024734976374986242
2024-11-04,2024-W45,one_shot,2318,530399.600646,0.039340951175746056,-270492.034746,-265355.62431845686,-5136.410427543127,-0.5099778250521952,-0.5002937860346559,-0.0096840390175393
2024-11-04,2024-W45,sophisticated,165257,25055728.707708,0.4492331901565564,-105924.76716300004,-347088.938243587,241164.17108058685,-0.004227566813110247,-0.013852677856334329,0.00962511104322408
2024-11-11,2024-W46,active_retail,1014808,34230522.147899,0.4924028005750784,-471992.29155,-523773.2593016329,51780.967751632765,-0.01378863838274725,-0.015301351730440402,0.0015127133476931485
2024-11-11,2024-W46,bot,1883842,229614200.249545,0.5100520511010959,875143.5103770001,632604.5623690969,242538.94800790327,0.003811364930504703,0.0027550759564590583,0.0010562889740456454
2024-11-11,2024-W46,casual,9452,940262.377388,0.37385286329020023,-41893.740956,-52217.78338729748,10324.04243129748,-0.04455537301447563,-0.05553533209778718,0.010979959083311546
2024-11-11,2024-W46,one_shot,2838,70650.775601,0.48926420458851405,-10054.849976,2169.81769726738,-12224.667673267382,-0.14231761633849185,0.03071187370286517,-0.17302949004135706
2024-11-11,2024-W46,sophisticated,163614,18686758.308627,0.46669478246302715,-351202.62789500004,-58783.33737743392,-292419.29051756614,-0.018794197586044795,-0.0031457215000365146,-0.015648476086008282
2024-11-18,2024-W47,active_retail,888885,61661892.321889,0.4873715879297275,-349520.8378229999,-720263.3492274284,370742.51140442817,-0.00566834433167283,-0.01168085055624779,0.006012506224574954
2024-11-18,2024-W47,bot,1965477,276716026.484391,0.5124120569813868,474612.240863,1587539.07424889,-1112926.8333858894,0.0017151599308967815,0.005737069494738643,-0.00402190956384186
2024-11-18,2024-W47,casual,11212,1337026.354639,0.32494741106647984,-31352.993373999998,-492975.4432486279,461622.44987462787,-0.02344979458723188,-0.3687103410775566,0.3452605464903247
2024-11-18,2024-W47,one_shot,2896,46891.603521000005,0.16650172631543003,-2530.897327000001,-3945.8828753136695,1414.9855483136694,-0.05397335848978933,-0.08414902837661628,0.03017566988682697
2024-11-18,2024-W47,sophisticated,159622,21371139.718286,0.44016547139885664,-91207.51233900001,-370354.3988975199,279146.8865585199,-0.0042677888751510625,-0.017329651285777233,0.013061862410626172
2024-11-25,2024-W48,active_retail,875173,57865029.304049,0.4946168892939088,-313882.54274500004,444616.4844473589,-758499.0271923591,-0.005424390975345738,0.0076836820061239935,-0.013108072981469734
2024-11-25,2024-W48,bot,2293398,234342552.973502,0.5051435273298657,838561.581577,-307432.89138047444,1145994.4729574746,0.0035783581382755492,-0.0013118952895219036,0.004890253427797454
2024-11-25,2024-W48,casual,14417,1724347.8165,0.4339097789593224,-70173.986926,-52269.83450564675,-17904.15242035327,-0.040695958352785146,-0.030312813926219134,-0.010383144426566026
2024-11-25,2024-W48,one_shot,2323,76901.861234,0.10453489700825759,-17269.665722,-12902.943498665492,-4366.722223334506,-0.2245675910164409,-0.1677845411231844,-0.05678304989325646
2024-11-25,2024-W48,sophisticated,157821,19557072.877141,0.46874284530275423,-437235.386184,-72010.81506257223,-365224.5711214278,-0.02235689302436748,-0.003682085530638945,-0.018674807493728535
2024-12-02,2024-W49,active_retail,1408610,61881829.210166,0.4912623966574516,-570177.927129,-1141570.4850882522,571392.557959252,-0.009213979845239136,-0.018447587921345966,0.009233608076106825
2024-12-02,2024-W49,bot,2190750,216233910.153507,0.5156992240759366,1184856.634916,1984923.8835309602,-800067.2486149601,0.005479513523456411,0.00917952176012467,-0.0037000082366682586
2024-12-02,2024-W49,casual,11806,1478192.381695,0.41848791661750245,-82645.60545900001,-135131.04128650224,52485.43582750223,-0.05590991164778749,-0.09141641031294684,0.03550649866515935
2024-12-02,2024-W49,one_shot,4124,52734.354667,0.08816966999638015,-8305.923591,-11019.400085796817,2713.4764947968183,-0.15750498215914768,-0.20896055627077798,0.05145557411163035
2024-12-02,2024-W49,sophisticated,158386,19578860.201277,0.4271570169104048,-523727.178737,-697202.957070409,173475.77833340896,-0.026749625532483282,-0.035609986991221025,0.008860361458737741
2024-12-09,2024-W50,active_retail,2805873,102312892.35898,0.4905957253884087,-431198.451089,-1264928.0123676003,833729.5612785998,-0.00421450748920357,-0.01236332961763423,0.008148822128430653
2024-12-09,2024-W50,bot,4400481,262641836.987979,0.5103930620580804,634422.2802019999,1832892.9436135471,-1198470.6634115467,0.0024155415887950754,0.0069786785099947264,-0.004563136921199649
2024-12-09,2024-W50,casual,13055,3780189.265255,0.39911215177440656,146411.379904,-314113.8663024971,460525.24620649713,0.038731230007374655,-0.08309474586090809,0.12182597586828275
2024-12-09,2024-W50,one_shot,3109,323173.17719099997,0.15476878194875218,-35989.825805,-61564.32702375141,25574.501218751408,-0.11136390129224585,-0.19049949491125623,0.07913559361901037
2024-12-09,2024-W50,sophisticated,184242,21257675.654807,0.45498902807704633,-313645.383212,-192286.73791969835,-121358.64529230169,-0.014754453323361123,-0.009045520358958743,-0.0057089329644023825
2024-12-16,2024-W51,active_retail,2154097,125828171.531442,0.4942565521828151,-888621.994511,-960287.0724399922,71665.07792899209,-0.007062186342658176,-0.007631733504130553,0.0005695471614723765
2024-12-16,2024-W51,bot,4824239,228148734.226053,0.5118917705144537,532366.995821,901767.8369137249,-369400.8410927248,0.002333420773194048,0.003952543677144579,-0.001619122903950531
2024-12-16,2024-W51,casual,22380,6613320.380973,0.4621999818112777,190144.96952,113794.92778648464,76350.04173351538,0.028751815815102624,0.017206928022704127,0.011544887792398498
2024-12-16,2024-W51,one_shot,3039,500869.04397500004,0.2818732063979992,172099.93278099998,152083.05180622957,20016.880974770407,0.34360265392961686,0.3036383534491713,0.039964300480445566
2024-12-16,2024-W51,sophisticated,172339,21571260.710389,0.48113310909028517,-5989.903610999972,-207358.74406644687,201368.84045544692,-0.00027767981164472026,-0.009612731812498108,0.009335052000853388
2024-12-23,2024-W52,active_retail,1533467,43463922.955018,0.487104299668043,-674932.49464,-597553.9256955273,-77378.56894447193,-0.015528568264270718,-0.01374827408731495,-0.0017802941769557508
2024-12-23,2024-W52,bot,2264976,140536762.607275,0.5155149082593438,1297614.47174,864143.5577666275,433470.91397337173,0.0092332742527031,0.006148879067190739,0.0030843951855123544
2024-12-23,2024-W52,casual,30961,4207431.622476,0.47042692921446,-53547.835076999996,7832.317081140793,-61380.15215814081,-0.012726965018504097,0.001861543522014889,-0.014588508540518992
2024-12-23,2024-W52,one_shot,3833,492814.837205,0.4366896608481196,137849.458721,152385.42457267185,-14535.965851671843,0.2797185642843332,0.3092143601782081,-0.029495795893874854
2024-12-23,2024-W52,sophisticated,133631,16482681.589822,0.43300092902666487,-706983.600744,-426807.3737249129,-280176.2270190872,-0.04289251096014377,-0.02589429222417698,-0.01699821873596679
2024-12-30,2025-W01,active_retail,1033228,49297212.316399,0.48623723073274655,-711931.111533,-721869.8190249972,9938.707491997091,-0.014441609942641159,-0.014643217843473536,0.0002016079008323747
2024-12-30,2025-W01,bot,1758623,110407218.621036,0.5151771206079669,1214001.762937,1161834.2499460196,52167.512990980555,0.010995673816437353,0.010523172890840801,0.0004725009255965536
2024-12-30,2025-W01,casual,37134,7126296.5284710005,0.49499823478648103,-70736.938498,-22941.18355056735,-47795.75494743264,-0.009926185111072993,-0.00321922943550169,-0.006706955675571301
2024-12-30,2025-W01,one_shot,1236,730678.351867,0.2536663211772034,-56575.773096,-34669.60641910986,-21906.166676890156,-0.07742910810405133,-0.047448520036926616,-0.029980588067124746
2024-12-30,2025-W01,sophisticated,126093,17853001.696359,0.4735156802118787,-374757.93981,-382353.64095134515,7595.701141345156,-0.020991312619794877,-0.021416770549533056,0.00042545792973818224
2025-01-06,2025-W02,active_retail,1316088,94785653.267207,0.43012190148455054,-1195259.7631990002,-4893815.587420099,3698555.8242210993,-0.012610133728038823,-0.0516303408662924,0.03902020713825358
2025-01-06,2025-W02,bot,2338516,268256596.509261,0.5522975559806211,2345134.8015630003,6906680.836308825,-4561546.0347458245,0.008742132838780125,0.02574654612853252,-0.0170044132897524
2025-01-06,2025-W02,casual,45231,11643164.388165,0.42588946644014497,-248732.15377499998,-1031012.4010078777,782280.2472328776,-0.021362934120197623,-0.08855087557261299,0.06718794145241537
2025-01-06,2025-W02,one_shot,1548,1652075.578934,0.031794321825508245,-123992.43628299999,-225274.4700720456,101282.03378904563,-0.0750525205166497,-0.13635845293313015,0.061305932416480455
2025-01-06,2025-W02,sophisticated,161231,29939850.884069,0.4519705418564075,-777150.448306,-756578.3778088025,-20572.070497197416,-0.025957058080056165,-0.02526994475484773,-0.0006871133252084372
2025-01-13,2025-W03,active_retail,751490,28579886.506602,0.4797366836053049,-218668.14192500003,-322687.20931592945,104019.06739092938,-0.007651120023674248,-0.011290709962805071,0.003639589939130822
2025-01-13,2025-W03,bot,1472997,134756116.423573,0.5433495671150665,682704.189606,581094.4644033584,101609.72520264184,0.0050662204263892995,0.004312193611879031,0.0007540268145102702
2025-01-13,2025-W03,casual,21492,3187187.654565,0.4828745962848853,-84573.63758099999,-118530.62474963088,33956.987168630796,-0.02653550614124192,-0.03718972260069463,0.010654216459452677
2025-01-13,2025-W03,one_shot,1109,151027.235517,0.07860505197735922,-6262.478548000002,-9106.170667272036,2843.6921192720347,-0.04146588876213047,-0.06029489075993199,0.018829001997801527
2025-01-13,2025-W03,sophisticated,100760,16985185.135465,0.3591365528100562,-373199.93155200005,-130770.45967052599,-242429.47188147408,-0.02197208500087291,-0.007699089449279995,-0.014272995551592917
2025-01-20,2025-W04,active_retail,568015,16948306.557765,0.47370514938497754,-1156083.138209,-1171964.4745889178,15881.336379917773,-0.06821230984161845,-0.06914935545887757,0.0009370456172591246
2025-01-20,2025-W04,bot,1340651,117747366.248141,0.5222764761854893,1643053.201618,1771661.6303856375,-128608.42876763747,0.01395405480370089,0.015046295189754264,-0.0010922403860533733
2025-01-20,2025-W04,casual,16135,1511003.240805,0.49362118790499643,-28103.333035000003,-35925.57106475075,7822.238029750719,-0.018599121614079204,-0.023775972211423645,0.00517685059734442
2025-01-20,2025-W04,one_shot,373,57840.264882999996,0.16203495187856626,-37121.887729,-15243.786098616169,-21878.10163038383,-0.6418000990156358,-0.26354972836745283,-0.37825037064818295
2025-01-20,2025-W04,sophisticated,100588,14494462.98115,0.4262971356986432,-421744.84264499997,-548527.7986333527,126782.9559883528,-0.029096962280939814,-0.03784395457401294,0.008746992293073129
2025-01-27,2025-W05,active_retail,922404,23485888.545727,0.48298082209680193,-792362.02053,-623844.9312553338,-168517.08927466624,-0.03373779190799071,-0.026562543292356532,-0.007175248615634178
2025-01-27,2025-W05,bot,1672845,116589326.51995501,0.5253051484160632,1709600.156249,1298474.5672597128,411125.58898928715,0.014663436244795453,0.011137165004872643,0.0035262712399228104
2025-01-27,2025-W05,casual,24362,4250744.900583,0.48853647939669714,-97549.379287,-150251.66344839425,52702.284161394244,-0.022948772878283254,-0.03534713725770438,0.012398364379421122
2025-01-27,2025-W05,one_shot,224,123808.541006,0.20283146433545993,-56286.5968,-36449.12040147443,-19837.476398525563,-0.45462612145047604,-0.29439907865248194,-0.16022704279799405
2025-01-27,2025-W05,sophisticated,121837,30701030.604625,0.4742259320626699,-763402.1596319999,-487928.85215451044,-275473.3074774896,-0.024865685112114642,-0.01589291442486643,-0.008972770687248216
2025-02-03,2025-W06,active_retail,716009,23191056.285852,0.4835802159496401,-1136314.576454,-1255641.5777420187,119327.00128801866,-0.048997965528082624,-0.054143354328713304,0.005145388800630681
2025-02-03,2025-W06,bot,1284821,100603553.085791,0.5239326496329917,1325542.155597,1408547.856304578,-83005.70070757785,0.013175898016908274,0.014000975244914265,-0.0008250772280059894
2025-02-03,2025-W06,casual,25821,5644688.457495,0.4901071359824132,21806.928814000006,1737.7227331529493,20069.20608084706,0.0038632652586955145,0.00030785095514803947,0.0035554143035474756
2025-02-03,2025-W06,one_shot,1006,488823.38202900003,0.25566699688043176,16292.997109000005,13609.222849819853,2683.774259180134,0.03333105106668855,0.027840777160312823,0.005490273906375689
2025-02-03,2025-W06,sophisticated,97211,32887764.198475,0.4834213310746601,-227327.50506599993,-168253.22414553197,-59074.28092046801,-0.006912221326268846,-0.0051159824404644035,-0.0017962388858044438
2025-02-10,2025-W07,active_retail,736929,24921193.278072,0.48184746426003444,1144177.968376,778056.191525944,366121.776850056,0.04591184521580493,0.031220663587186684,0.014691181628618252
2025-02-10,2025-W07,bot,1519567,128545842.408324,0.516167537235212,-1116455.967467,-498063.6805903738,-618392.2868766262,-0.008685274813638809,-0.0038745996856769725,-0.004810675127961837
2025-02-10,2025-W07,casual,19848,3694869.446344,0.4969228838692789,-27223.018385999996,-28936.245705539775,1713.2273195397897,-0.007367788979103614,-0.007831466341570368,0.0004636773624667562
2025-02-10,2025-W07,one_shot,253,434929.392621,0.22911868914016484,1794.699687999992,-8.494421565919254,1803.1941095659233,0.004126416191797605,-1.9530576020005485e-05,0.004145946767817638
2025-02-10,2025-W07,sophisticated,127323,37342201.800881,0.47683189210247656,-2293.6822109999757,-251047.7708084645,248754.08859746452,-6.142332536336574e-05,-0.006722896848641143,0.006661473523277778
2025-02-17,2025-W08,active_retail,675616,20080880.191238,0.47427399960886796,-16451.660147999984,-294864.38377024344,278412.7236222434,-0.0008192698722030335,-0.01468383760881673,0.013864567736613693
2025-02-17,2025-W08,bot,1560781,122448382.166157,0.5229940278733339,491210.023736,845265.7790808565,-354055.7553448565,0.004011568099523356,0.006903037542250811,-0.002891469442727455
2025-02-17,2025-W08,casual,21124,5875878.439017,0.49324194228032686,12012.337398000014,-38621.465208183814,50633.80260618387,0.0020443475001517574,-0.0065728836307656765,0.008617231130917441
2025-02-17,2025-W08,one_shot,609,412959.040658,0.4301740368192271,122417.838336,121087.44511567554,1330.3932203244678,0.2964406303853817,0.2932190197912544,0.003221610594127321
2025-02-17,2025-W08,sophisticated,123766,37508211.547906,0.46834760278594345,-609188.539322,-632867.3752181048,23678.83589610475,-0.016241471245408118,-0.016872768631204876,0.0006312973857967559
2025-02-24,2025-W09,active_retail,595919,13642780.203224,0.47335183014525967,-12902.121250000011,-384396.55509441026,371494.43384441023,-0.0009457105558990858,-0.028175822623278165,0.02723011206737908
2025-02-24,2025-W09,bot,1298643,119588644.377603,0.5152047496450691,108138.22729000001,745336.0536594255,-637197.8263694255,0.0009042516357034025,0.006232498558190988,-0.005328246922487586
2025-02-24,2025-W09,casual,11581,4298440.099325,0.49267469264231567,-51309.872941999995,-140873.13568343018,89563.26274143021,-0.01193685889680244,-0.03277308335773994,0.020836224460937504
2025-02-24,2025-W09,one_shot,322,582274.1714379999,0.2420683558520439,-56871.832915999985,-60833.59773968799,3961.7648236879772,-0.09767191420417598,-0.10447586501982684,0.006803950815650807
2025-02-24,2025-W09,sophisticated,113653,37651130.903112,0.48398217545180744,12945.599817999988,-159232.76514189708,172178.36495989712,0.00034383030489344447,-0.004229162878311736,0.004572993183205181
2025-03-03,2025-W10,active_retail,605661,18457798.852352,0.44164236655761585,-485410.276428,-371026.722885497,-114383.55354250301,-0.026298383697368453,-0.020101352596451044,-0.006197031100917409
2025-03-03,2025-W10,bot,1273326,139133626.66336,0.5364622270894186,411716.856282,1071591.5229110438,-659874.6666290439,0.0029591470168327263,0.007701887376973269,-0.004742740360140543
2025-03-03,2025-W10,casual,12912,4966423.767177,0.4872915951717073,24406.49828999999,-102059.238438202,126465.73672820198,0.004914300396857407,-0.020549844963434163,0.02546414536029157
2025-03-03,2025-W10,one_shot,191,799213.776645,0.22607212331205012,105770.38364200002,71413.85562331612,34356.52801868388,0.13234304354213078,0.08935513589755999,0.04298790764457078
2025-03-03,2025-W10,sophisticated,103130,28944020.383128,0.4286074362154675,-56483.461786,-669919.4172106611,613435.955424661,-0.0019514725680239379,-0.023145347755530517,0.021193875187506574
2025-03-10,2025-W11,active_retail,679573,14122663.770115,0.46976723070787774,-576417.413269,-462744.3714502139,-113673.0418187861,-0.04081506312490128,-0.032766082870954436,-0.008048980253946843
2025-03-10,2025-W11,bot,1253174,99772551.570279,0.5181834818833313,1203385.937816,934336.5020045182,269049.4358114818,0.01206129259877998,0.009364664803088441,0.0026966277956915383
2025-03-10,2025-W11,casual,8218,4072695.677096,0.49725060997595083,-55254.223841,-61120.005014698625,5865.781173698618,-0.013566990568860411,-0.015007260512594869,0.001440269943734456
2025-03-10,2025-W11,one_shot,127,681397.387331,0.407251442759533,145305.79513299998,148786.33257519267,-3480.537442192674,0.2132467746936272,0.2183547153856598,-0.005107940692032542
2025-03-10,2025-W11,sophisticated,104052,24809965.105889,0.4647987421140151,-717020.0958390001,-559258.4581147984,-157761.6377242016,-0.02890048787971915,-0.022541686605679685,-0.006358801274039464
2025-03-17,2025-W12,active_retail,593501,17058636.147657,0.4306551454203865,-2518782.475807,-2205637.2806934966,-313145.1951135032,-0.1476543877250676,-0.12929739878392565,-0.018356988941141912
2025-03-17,2025-W12,bot,1176174,139049936.407355,0.526900032412647,2774875.316438,2668635.78923091,106239.52720708968,0.01995596249903228,0.019191923838159722,0.0007640386608725566
2025-03-17,2025-W12,casual,17871,4546846.100635,0.498425258848298,-118357.57742500002,-115061.08476004991,-3296.492664950059,-0.02603069793993479,-0.02530569150866593,-0.0007250064312688482
2025-03-17,2025-W12,one_shot,245,677067.569579,0.1433161183525397,-39991.766152,-34532.81951475962,-5458.946637240383,-0.059066137485903863,-0.05100350550866303,-0.008062631977240841
2025-03-17,2025-W12,sophisticated,93847,31229654.541964,0.4789972750784897,-97743.49705400004,-313404.60426260397,215661.1072086039,-0.00312982959586248,-0.010035480983034093,0.006905651387171611
2025-03-24,2025-W13,active_retail,566920,16588694.459325,0.4507314445275032,-803417.637542,-757409.067705503,-46008.56983649706,-0.0484316375536337,-0.045658148057561014,-0.0027734894960726865
2025-03-24,2025-W13,bot,1221856,144482488.75065,0.5244015569759334,1726432.435626,2029840.4811416771,-303408.04551567713,0.011949077362624218,0.014049041504571574,-0.0020999641419473555
2025-03-24,2025-W13,casual,16265,2593567.436444,0.4979966880567652,-149144.30001799998,-137449.9882865366,-11694.311731463442,-0.05750546445111503,-0.052996496777038556,-0.004508967674076496
2025-03-24,2025-W13,one_shot,193,755948.007614,0.1524413728008168,-61534.43552699999,-53594.144949048125,-7940.290577951861,-0.08140035413443476,-0.07089660189489409,-0.010503752239540672
2025-03-24,2025-W13,sophisticated,95220,27090849.383161,0.4314815913807668,-712336.062539,-1081387.2802005894,369051.21766158944,-0.026294342139813836,-0.039917068117943655,0.013622725978129815
2025-03-31,2025-W14,active_retail,555700,17923849.994139,0.44111807622548643,-884521.681352,-836685.502712377,-47836.17863962298,-0.0493488665460397,-0.046680010320660374,-0.002668856225379321
2025-03-31,2025-W14,bot,1218819,105730089.894251,0.5330947779772397,1525073.995464,1457346.3701048703,67727.62535912963,0.014424219226422171,0.013783648264770012,0.0006405709616521594
2025-03-31,2025-W14,casual,6179,2430987.516043,0.4303312794007982,-201638.939943,-209870.4608272371,8231.520884237105,-0.08294527989646548,-0.08633136099721743,0.0033860811007519398
2025-03-31,2025-W14,one_shot,266,658678.524523,0.2777803349463653,38391.328422999984,27071.35263537092,11319.975787629082,0.05828538049088834,0.04109949182717833,0.01718588866371004
2025-03-31,2025-W14,sophisticated,82666,22974408.836074,0.44783794022502005,-477304.702592,-437861.75920062716,-39442.943391372835,-0.02077549442066796,-0.019058673601781848,-0.0017168208188861097
2025-04-07,2025-W15,active_retail,497446,16641470.139622,0.44352516854895746,-997467.449192,-1644370.508815347,646903.0596233469,-0.0599386617181802,-0.09881161309782562,0.03887295137964541
2025-04-07,2025-W15,bot,1144913,122387877.554187,0.527324473902976,1723345.75687,2432646.3783464413,-709300.6214764415,0.014081016774778137,0.019876530478023787,-0.0057955137032456505
2025-04-07,2025-W15,casual,12048,1894627.278478,0.49223339248218434,-216130.941042,-252303.28259110666,36172.34154910667,-0.11407570422802273,-0.1331677662710462,0.019092062043023463
2025-04-07,2025-W15,one_shot,262,732760.593126,0.12036303662107643,-124260.09664400002,-86514.32085123501,-37745.77579276501,-0.16957802836244112,-0.11806628476315818,-0.05151174359928295
2025-04-07,2025-W15,sophisticated,84353,25821773.372573,0.45541052296910617,-385487.26999199996,-449458.2660887529,63970.99609675292,-0.014928768230978717,-0.017406173449192767,0.0024774052182140486
2025-04-14,2025-W16,active_retail,627673,27601340.561477,0.46971761148246105,-1041548.299793,-518922.49149989604,-522625.8082931039,-0.03773542438901253,-0.01880062638059517,-0.018934798008417356
2025-04-14,2025-W16,bot,1598709,186625269.12256,0.5141274762620457,1270108.241929,866414.2477157047,403693.99421329505,0.006805660604807478,0.004642534485224055,0.002163126119583422
2025-04-14,2025-W16,casual,15210,3369600.411502,0.4847374007307908,-410486.596764,-545044.4761770609,134557.87941306093,-0.12182055633742801,-0.16175344539862138,0.03993288906119338
2025-04-14,2025-W16,one_shot,427,396549.994145,0.004407527939480885,-116056.745654,-121383.07626690727,5326.330612907279,-0.2926661136491239,-0.30609778857422726,0.013431674925103356
2025-04-14,2025-W16,sophisticated,127943,33600630.75271,0.48276793918594285,297983.4002820001,318935.7962281594,-20952.395946159362,0.008868387098892979,0.00949195860564124,-0.000623571506748262
2025-04-21,2025-W17,active_retail,375108,23359672.048987,0.31711807392409785,42905.89624399995,-993440.6939734308,1036346.5902174308,0.0018367507965875137,-0.042528024018920745,0.04436477481550827
2025-04-21,2025-W17,bot,1490700,197119647.33453,0.5446112647820651,-655702.834885,2076272.061424925,-2731974.8963099252,-0.003326420495123008,0.010533054870483317,-0.013859475365606326
2025-04-21,2025-W17,casual,10573,4301647.165549,0.3324916615725192,43947.86119299999,-252000.6650031622,295948.5261961622,0.01021651927777092,-0.05858236515104801,0.06879888442881894
2025-04-21,2025-W17,one_shot,359,778149.941122,0.21148450144218092,154387.783727,144131.10943066538,10256.674296334619,0.19840364378154565,0.18522279809318679,0.013180845688358865
2025-04-21,2025-W17,sophisticated,133698,34050539.80246,0.38774987561587126,414461.293721,-974961.8118789974,1389423.1055999973,0.012171944883266051,-0.028632785780640126,0.04080473066390618
2025-04-28,2025-W18,active_retail,639816,28734695.350755,0.3876818281177755,2285256.4737009997,1252475.945520698,1032780.5281803019,0.07952951808973868,0.04358758393754084,0.03594193415219785
2025-04-28,2025-W18,bot,1730242,199274373.460834,0.5314755338239769,-4217872.740081,-2268761.580100568,-1949111.1599804321,-0.02116615732785126,-0.011385114607054466,-0.009781042720796794
2025-04-28,2025-W18,casual,12295,5816716.395729,0.3062633955887074,397399.997526,99762.75324365636,297637.24428234366,0.06832033238165026,0.01715104303811485,0.05116928934353542
2025-04-28,2025-W18,one_shot,655,1129705.382255,0.24687520497733087,119694.80323399999,74899.94699309532,44794.85624090468,0.10595222888562122,0.06630042502195382,0.03965180386366741
2025-04-28,2025-W18,sophisticated,196028,33338833.214923,0.4449979682412959,1415521.46562,841622.9343431181,573898.5312768819,0.042458638444082965,0.02524452277371225,0.01721411567037072
2025-05-05,2025-W19,active_retail,495443,26006880.619448,0.3869455123062812,628948.21609,-1887923.1432276692,2516871.359317669,0.024183915991050124,-0.07259321757396296,0.09677713356501308
2025-05-05,2025-W19,bot,1768821,192631777.38837802,0.5276058645596097,-1038458.5165060001,2745048.7116895043,-3783507.2281955043,-0.005390899313628266,0.014250238194890477,-0.019641137508518744
2025-05-05,2025-W19,casual,17245,2112111.351926,0.3392527755675336,236533.270555,-299133.11370883853,535666.3842638384,0.11198901532313113,-0.14162752992926436,0.2536165452523954
2025-05-05,2025-W19,one_shot,667,151575.759807,0.23913988364983324,25627.894087,-99002.61216716222,124630.50625416223,0.16907646789718725,-0.6531559682974463,0.8222324361946336
2025-05-05,2025-W19,sophisticated,165288,33069001.844235,0.44618892463373233,147349.13577400002,-458989.8425858343,606338.9783598343,0.004455808387203794,-0.013879761014493733,0.018335569401697525
2025-05-12,2025-W20,active_retail,429476,15901344.116365,0.4144569896843187,-293119.11079899996,-415719.73225766653,122600.62145866653,-0.018433605904882844,-0.02614368503790979,0.007710079133026942
2025-05-12,2025-W20,bot,1451445,150950512.535526,0.5143929244708877,280349.64221699996,341401.7646814855,-61052.122464485525,0.0018572288196174228,0.0022616800628691936,-0.0004044512432517709
2025-05-12,2025-W20,casual,6988,423175.40338,0.238536386345982,-71886.246063,-66256.6648180948,-5629.581244905201,-0.16987340353155667,-0.15657021719336112,-0.013303186338195537
2025-05-12,2025-W20,one_shot,180,38527.917296,0.19685978954601577,-940.2218829999999,-485.8731254734687,-454.34875752653164,-0.024403651922747835,-0.012610936681072882,-0.011792715241674964
2025-05-12,2025-W20,sophisticated,124389,23801600.412177,0.4740872392790246,85595.936528,141060.50551974928,-55464.568991749285,0.0035962260959649067,0.0059265134729168095,-0.0023302873769519036
2025-05-19,2025-W21,active_retail,369965,34447277.504265,0.3708151365277535,-128167.28302999999,-1205624.767748981,1077457.484718981,-0.0037206796099962117,-0.034999130703426695,0.031278451093430484
2025-05-19,2025-W21,bot,1739023,276954503.806005,0.5289159597790449,54284.72840999994,2021434.9265866452,-1967150.198176645,0.0001960059420013047,0.007298797812663756,-0.00710279187066245
2025-05-19,2025-W21,casual,9332,3723188.655097,0.20033534806657002,-46238.43946199996,-378735.67981833627,332497.2403563363,-0.012419042854221234,-0.10172347278181881,0.08930442992759757
2025-05-19,2025-W21,one_shot,483,408468.406549,0.037967153871960514,-17506.568183000003,-40655.16412141027,23148.595938410268,-0.042859050791483694,-0.09953074330739767,0.05667169251591397
2025-05-19,2025-W21,sophisticated,159279,39932453.38321,0.4387524191068615,137627.562265,-396419.3148979175,534046.8771629174,0.0034465090572888984,-0.009927246670613931,0.013373755727902828
2025-05-26,2025-W22,active_retail,334210,10162381.781723,0.41821352759654085,108381.26585400003,-233566.7033536293,341947.9692076292,0.010664947271408683,-0.022983460803814516,0.033648408075223186
2025-05-26,2025-W22,bot,1511962,158953751.666081,0.5161569018767055,130972.55038,503488.0723961606,-372515.5220161605,0.0008239663990764938,0.0031675129848703,-0.0023435465857938047
2025-05-26,2025-W22,casual,3882,796847.557417,0.12413546155364902,-81471.784042,-133576.17555133082,52104.391509330824,-0.10224262254890094,-0.16763077744044436,0.06538815489154341
2025-05-26,2025-W22,one_shot,142,27225.908956,0.014891070051051256,-7359.347409,-7611.871431606753,252.52402260675268,-0.2703067662825692,-0.2795819028084005,0.009275136525831285
2025-05-26,2025-W22,sophisticated,110242,17161950.880175,0.41317156847373604,-150522.684783,-128733.32205959372,-21789.362723406335,-0.00877072110472473,-0.007501089063732424,-0.0012696320409923089
2025-06-02,2025-W23,active_retail,340789,11908925.46966,0.35824626892760103,-491640.01850999997,-983378.6775131506,491738.6590031506,-0.04128332314804858,-0.08257492920066331,0.04129160605261473
2025-06-02,2025-W23,bot,1736422,173518720.643162,0.5244373083452415,902902.4393709999,1543574.2359763694,-640671.7966053693,0.005203487185845508,0.00889572162735513,-0.0036922344415096214
2025-06-02,2025-W23,casual,5973,910110.79302,0.10637602500857833,-50731.052554999995,-167902.9222285743,117171.86967357427,-0.05574162282666739,-0.18448624444000475,0.12874462161333733
2025-06-02,2025-W23,one_shot,260,62029.536729,0.019957480391935366,-14378.408919,-17788.28270322666,3409.8737842266623,-0.23179939230914515,-0.2867711680798399,0.05497177577069475
2025-06-02,2025-W23,sophisticated,119948,14968884.132103,0.40380113619875585,-346152.95938699995,-374504.35353141784,28351.394144417827,-0.02312483391094086,-0.025018855796220475,0.0018940218852796142
2025-06-09,2025-W24,active_retail,402682,26587816.324698,0.3281917398382554,-1684683.285078,-2130220.8665628964,445537.5814848962,-0.06336298041569743,-0.08012018890713067,0.016757208491433223
2025-06-09,2025-W24,bot,2215528,252782150.926096,0.5361883732198562,3033759.801849,4420761.531639569,-1387001.7297905693,0.012001479498194308,0.017488424382194747,-0.005486944884000439
2025-06-09,2025-W24,casual,10253,2629640.018623,0.08440945571988188,-192168.10956100002,-389367.43405906257,197199.3244980626,-0.07307772478364855,-0.14806872092817983,0.0749909961445313
2025-06-09,2025-W24,one_shot,494,400444.714854,0.040815848032604435,-34812.758942,-60279.541624843754,25466.782682843754,-0.08693524386928804,-0.15053149508246438,0.06359625121317634
2025-06-09,2025-W24,sophisticated,170495,26962856.733693,0.37822328238125874,-1122095.648268,-1840893.6893927667,718798.0411247668,-0.04161634871819129,-0.06827517230740507,0.02665882358921379
2025-06-16,2025-W25,active_retail,417806,24357502.175457,0.3752454233668116,-514368.01805899997,-1414606.7238686173,900238.7058096174,-0.02111743701606995,-0.05807683865441659,0.03695940163834664
2025-06-16,2025-W25,bot,2090915,247273323.196954,0.5334656012290558,1361258.247472,4432924.942726132,-3071666.6952541326,0.005505075233642383,0.01792722678457026,-0.012422151550927877
2025-06-16,2025-W25,casual,8600,2231649.447571,0.15195802159292582,-128938.10357699999,-372034.71265458944,243096.60907758944,-0.057777041872477064,-0.1667084017427218,0.10893135987024472
2025-06-16,2025-W25,one_shot,377,369563.101306,0.004433432674376908,-11475.35825,-80623.71968919388,69148.36143919389,-0.03105114717742978,-0.21815954949040503,0.18710840231297526
2025-06-16,2025-W25,sophisticated,134078,20555124.501748,0.3540391784527042,-706476.767586,-2565659.786513732,1859183.0189277318,-0.034369860787071445,-0.12481849897311735,0.0904486381860459
2025-06-23,2025-W26,active_retail,597984,42616937.882033,0.3990341161211745,-453661.827671,-972196.4470275211,518534.61935652094,-0.010645106153022332,-0.022812442548515253,0.012167336395492917
2025-06-23,2025-W26,bot,1876743,290179991.640697,0.5351661497649346,975538.3537519999,1809423.7538971277,-833885.4001451276,0.003361838796108033,0.006235522110489167,-0.002873683314381133
2025-06-23,2025-W26,casual,5545,2800042.354749,0.13656764571918437,-110695.40069000002,-212171.9847843294,101476.58409432937,-0.03953347366415924,-0.07577456263276731,0.03624108896860808
2025-06-23,2025-W26,one_shot,314,258686.746596,0.0015599922900041048,-21315.49567,-44902.030237087,23586.534567087012,-0.08239887025711891,-0.17357684855502878,0.09117797829790993
2025-06-23,2025-W26,sophisticated,159772,23297995.834837,0.3842504573702112,-389865.629721,-580153.2918481902,190287.66212719024,-0.016733869835191668,-0.024901424824735324,0.008167554989543656
2025-06-30,2025-W27,active_retail,646379,21595515.600799,0.40165114798478607,-589483.424829,-988283.8031377152,398800.3783087151,-0.02729656636710216,-0.045763380759529085,0.018466814392426922
2025-06-30,2025-W27,bot,1910674,168768211.988043,0.5309346778097283,1261989.780215,1781899.290816359,-519909.51060135884,0.007477650947113253,0.010558263726480695,-0.003080612779367442
2025-06-30,2025-W27,casual,7035,1242676.547549,0.41581422479799857,-60807.81465099999,-159547.56455327244,98739.74990227245,-0.04893293815750738,-0.12839025961176861,0.07945732145426124
2025-06-30,2025-W27,one_shot,237,114883.16177,0.23370720081925686,11870.420721,8119.41737131231,3751.003349687691,0.10332602740134351,0.07067543446939299,0.03265059293195052
2025-06-30,2025-W27,sophisticated,163395,15592777.210779,0.37596942900666747,-623568.961456,-642187.3404966836,18618.379040683605,-0.03999088507626071,-0.041184923751283464,0.0011940386750227574
2025-07-07,2025-W28,active_retail,588893,15310446.460654,0.45529629134000266,-167208.084616,-270702.25382740056,103494.1692114005,-0.01092117627305674,-0.017680885696120797,0.006759709423064052
2025-07-07,2025-W28,bot,2025823,155071924.856046,0.5123865259282782,155901.927695,287656.57492165535,-131754.64722665536,0.001005352373356586,0.0018549880978693488,-0.0008496357245127629
2025-07-07,2025-W28,casual,7723,637046.471086,0.4376169521918807,-24752.463434,-72048.62238123683,47296.15894723681,-0.03885503579009461,-0.11309790674832952,0.07424287095823488
2025-07-07,2025-W28,one_shot,323,30604.284924,0.15756130234600488,-3446.5026139999995,-14075.37612129296,10628.873507292961,-0.11261503487367021,-0.45991520978995315,0.34730017491628296
2025-07-07,2025-W28,sophisticated,125556,10439990.699126,0.4397144637248661,39505.122969,69169.67740827489,-29664.55443927492,0.003784018981195762,0.00662545393015202,-0.0028414349489562607
2025-07-14,2025-W29,active_retail,602345,19793388.441333,0.38726764663210556,-170963.29797499996,-865646.7176578918,694683.4196828918,-0.008637394172388926,-0.04373413477048876,0.03509674059809983
2025-07-14,2025-W29,bot,2147664,172353168.202357,0.5312540233958688,335764.2288679999,1286611.5303238519,-950847.3014558519,0.0019481175331444137,0.007464971742284787,-0.005516854209140373
2025-07-14,2025-W29,casual,6491,1377991.927096,0.22825319133475358,-36229.252886999995,-94311.14370865274,58081.890821652756,-0.026291338994525203,-0.06844099871281932,0.04214965971829412
2025-07-14,2025-W29,one_shot,285,149455.745574,0.023285313074299492,-5126.719541000002,-9954.02254903317,4827.303008033168,-0.034302592525368054,-0.06660180584429012,0.03229921331892206
2025-07-14,2025-W29,sophisticated,128021,12742564.096712,0.37950270185636575,-123444.95846499997,-316699.64640827395,193254.68794327404,-0.009687607417792218,-0.024853682822752514,0.0151660754049603
2025-07-21,2025-W30,active_retail,412363,13432119.131385,0.40245055646581773,-232170.245194,-411840.2946672836,179670.04947328358,-0.017284707120525714,-0.030660857802027125,0.013376150681501409
2025-07-21,2025-W30,bot,2227827,172725115.744432,0.5234516359636654,585906.822012,1094242.4678562218,-508335.6458442218,0.003392134487719325,0.006335167084069509,-0.0029430325963501845
2025-07-21,2025-W30,casual,4157,947551.656653,0.19222415501571566,-21880.588351000002,-87877.56538417161,65996.97703317163,-0.02309171030135492,-0.09274171467820354,0.06965000437684864
2025-07-21,2025-W30,one_shot,230,101901.3955,0.010523896444968261,-7702.143610000001,-94624.2938747181,86922.15026471809,-0.075584280001347,-0.9285868305377437,0.8530025505363966
2025-07-21,2025-W30,sophisticated,112645,12794179.269044,0.36462762452261865,-324153.844857,-499900.3139300485,175746.4690730485,-0.025336040557232337,-0.03907248002531715,0.013736439468084812
2025-07-28,2025-W31,active_retail,440181,13026663.135067001,0.4101205062207002,-422414.9634100001,-419381.2400993017,-3033.7233106983294,-0.0324269507110293,-0.03219406503038774,-0.00023288568064155487
2025-07-28,2025-W31,bot,2118068,159462566.120771,0.5182085982154409,884479.996657,1051663.4420372029,-167183.445380203,0.005546630900114375,0.006595049030132328,-0.0010484181300179536
2025-07-28,2025-W31,casual,5940,715745.318781,0.27498521734161746,-41659.015583,-61485.85472046365,19826.839137463656,-0.058203685710372925,-0.0859046550596816,0.02770096934930869
2025-07-28,2025-W31,one_shot,283,78342.481845,0.04429231264895518,-28645.11281,-25021.019819186717,-3624.092990813282,-0.3656395883228991,-0.3193799740566122,-0.046259614266286865
2025-07-28,2025-W31,sophisticated,134696,12224357.587666001,0.39871391847495624,-391760.90485399996,-545775.3273982509,154014.42254425093,-0.03204756585730727,-0.04464654469441579,0.012598978837108522
2025-08-04,2025-W32,active_retail,587620,17104536.464149,0.3978971302909025,-521342.69215200003,-643680.7309586394,122338.0388066395,-0.030479790741171565,-0.03763216456100931,0.0071523738198377524
2025-08-04,2025-W32,bot,2268146,202156717.802845,0.5158453458149309,1090565.471483,983643.4542268004,106922.01725619959,0.00539465362979717,0.004865747054649486,0.000528906575147684
2025-08-04,2025-W32,casual,5905,849313.056763,0.15092383275807672,-71146.23645699999,-163310.35393822292,92164.11748122293,-0.08376915424821178,-0.19228522702882986,0.10851607278061809
2025-08-04,2025-W32,one_shot,325,116664.558297,0.09520151313921058,-12721.722738,-14255.537171706816,1533.8144337068154,-0.10904530839274722,-0.12219252684620496,0.013147218453457746
2025-08-04,2025-W32,sophisticated,155396,13375521.664536,0.4296688421398259,-485354.820136,-162396.83215823118,-322957.9879777688,-0.03628679555900051,-0.012141345678412819,-0.024145449880587692
2025-08-11,2025-W33,active_retail,518931,11945956.641288,0.43793564135695456,-397166.717883,-326884.3532296812,-70282.36465331883,-0.03324695792970649,-0.02736359783023931,-0.005883360099467184
2025-08-11,2025-W33,bot,2224501,199260705.190371,0.5094671190211272,869455.8638439999,573169.3169671461,296286.5468768538,0.0043634085456705244,0.002876479416348285,0.0014869291293222394
2025-08-11,2025-W33,casual,3726,392691.398813,0.353290939319057,-56997.074350999996,-57077.488977998975,80.41462699896898,-0.14514469765135357,-0.14534947582383725,0.00020477817248363645
2025-08-11,2025-W33,one_shot,185,42484.789746,0.051027165124286886,-9690.869647,-8761.691223959411,-929.1784230405892,-0.22810209736091275,-0.20623124832068485,-0.021870849040227923
2025-08-11,2025-W33,sophisticated,119517,12312617.075576,0.4336148692347739,-405601.201963,-180445.78353550666,-225155.41842749337,-0.03294191636703893,-0.014655355756449948,-0.01828656061058898
2025-08-18,2025-W34,active_retail,343390,11570818.963228,0.4000909265968356,-320938.720216,-792885.2903391389,471946.5701231389,-0.027736906197905396,-0.06852456104091889,0.04078765484301349
2025-08-18,2025-W34,bot,2305953,212490572.61593902,0.5133775806073658,741216.3339760001,863978.5432499078,-122762.20927390778,0.0034882316182360414,0.0040659617629789395,-0.0005777301447428983
2025-08-18,2025-W34,casual,3754,911902.951104,0.1258624965850068,-39579.53435799999,-63241.912216751094,23662.377858751093,-0.043403230914082276,-0.06935158192018893,0.02594835100610664
2025-08-18,2025-W34,one_shot,179,91122.219221,0.02213959285823063,-6195.416795,-8267.500541121553,2072.0837461215524,-0.06799018777159244,-0.09072979797682788,0.022739610205235437
2025-08-18,2025-W34,sophisticated,100424,15186332.74413,0.4220957736777361,-374502.66260700003,416.15984710376506,-374918.82245410385,-0.02466050684631266,2.7403577553285472e-05,-0.02468791042386595
2025-08-25,2025-W35,active_retail,261515,13541737.720757,0.3372483272060128,-567222.962271,-671479.1621465568,104256.19987555676,-0.041887014352785114,-0.04958589333164402,0.007698878978858905
2025-08-25,2025-W35,bot,2284541,234895138.696895,0.5182345433534258,1189690.312461,1279836.4381902139,-90146.12572921386,0.005064771961910023,0.005448543742923921,-0.00038377178101389747
2025-08-25,2025-W35,casual,5308,1504197.695889,0.25344078899324024,43712.777190999994,-644.8915938306476,44357.66878483066,0.029060526625235377,-0.00042872794951963306,0.029489254574755024
2025-08-25,2025-W35,one_shot,268,305393.700688,0.014914142230893074,-19770.63161400001,-28260.32110041064,8489.68948641064,-0.06473817753758555,-0.09253734126389952,0.027799163726313983
2025-08-25,2025-W35,sophisticated,93034,14799674.275939,0.38826468110642526,-646409.495767,-579452.0633494158,-66957.4324175842,-0.04367727854780689,-0.03915302813734737,-0.004524250410459518
2025-09-01,2025-W36,active_retail,406680,19466762.001243,0.35880113263784147,-599049.066052,-1224860.1432962518,625811.0772442517,-0.030772917756622768,-0.06292058962954607,0.032147671872923306
2025-09-01,2025-W36,bot,2463641,254081884.235706,0.5202021934434773,871203.6012230001,1889765.6792148023,-1018562.0779918024,0.003428830055490317,0.007437624626011155,-0.0040087945705208385
2025-09-01,2025-W36,casual,6590,1719741.473611,0.12123623499332394,-177907.66208100002,-297671.42048623774,119763.75840523775,-0.10345023645178551,-0.17309079594458282,0.06964055949279731
2025-09-01,2025-W36,one_shot,433,247330.599679,0.036040630671304724,-46110.423023999996,-66948.22276189413,20837.799737894133,-0.18643234231366754,-0.27068313766587476,0.08425079535220728
2025-09-01,2025-W36,sophisticated,118168,18470238.876059,0.41570016728161274,-48136.45006600003,-300285.89267041883,252149.4426044188,-0.0026061628324901727,-0.016257823988386388,0.013651661155896213
2025-09-08,2025-W37,active_retail,492190,26686595.17892,0.3550313053361853,-831988.152726,-1812921.425626676,980933.2729006761,-0.031176257111405332,-0.06793378523831771,0.036757528126912374
2025-09-08,2025-W37,bot,3112068,299582627.346638,0.5297912294042587,1502120.1232629998,2916911.0182854477,-1414790.8950224477,0.0050140428254036975,0.009736582672099934,-0.004722539846696236
2025-09-08,2025-W37,casual,10682,2671028.411656,0.08129057825511267,-142609.023856,-366081.81671464746,223472.7928586475,-0.05339105463411541,-0.13705650419782764,0.08366544956371225
2025-09-08,2025-W37,one_shot,584,231178.024867,0.04325563828798035,-24924.567889000005,-63703.79716871065,38779.22927971066,-0.10781547209489079,-0.2755616465075361,0.1677461744126454
2025-09-08,2025-W37,sophisticated,135638,22073813.538948998,0.40455609436511225,-502598.37879199994,-674203.9787754136,171605.59998341353,-0.022768987239344517,-0.030543158189942493,0.007774170950597972
2025-09-15,2025-W38,active_retail,629570,18771503.545697,0.47468527399088234,287512.212152,388245.4264609132,-100733.21430891329,0.0153164189246794,0.020682702667677938,-0.0053662837429985415
2025-09-15,2025-W38,bot,3044181,260588269.2118,0.5096975778625707,693848.300904,399815.31381072133,294032.9870932788,0.0026626229300446996,0.0015342797855791462,0.0011283431444655543
2025-09-15,2025-W38,casual,8478,1076851.397293,0.43288042821990336,-110576.84359,-117526.08471700638,6949.24112700637,-0.10268533231973251,-0.1091386286097085,0.006453296289975983
2025-09-15,2025-W38,one_shot,365,140400.226014,0.45118928840335026,25201.077602999998,22095.858400584013,3105.219202415985,0.17949456577432482,0.15737765549167082,0.02211691028265402
2025-09-15,2025-W38,sophisticated,134550,17383412.809538,0.42807365728716623,-895984.747069,-692630.5139552122,-203354.23311378784,-0.05154251106419032,-0.03984433445515238,-0.011698176609037936
2025-09-22,2025-W39,active_retail,525413,22873218.928383,0.451339940882799,-352138.209379,-550788.3282880262,198650.11890902612,-0.015395218770106621,-0.02408005318414375,0.008684834414037128
2025-09-22,2025-W39,bot,4102740,285482175.316307,0.5135797400287271,756436.5679980001,751890.9408377421,4545.627160258031,0.002649680552419385,0.0026337579220302144,1.592263038917085e-05
2025-09-22,2025-W39,casual,9631,2088366.835816,0.37562902373701534,76068.76600399999,-25366.700847592354,101435.46685159235,0.03642500191987448,-0.01214666906816717,0.04857167098804166
2025-09-22,2025-W39,one_shot,610,386653.925848,0.4149517243880565,39195.585721,-17902.534446044563,57098.120167044566,0.10137123432805499,-0.046301183692319066,0.14767241802037406
2025-09-22,2025-W39,sophisticated,148406,26603221.292784,0.44774630476356003,-519562.710344,-157833.37725607905,-361729.333087921,-0.019530067604441908,-0.0059328671336087635,-0.013597200470833147
2025-09-29,2025-W40,active_retail,795390,55025988.847253,0.47603372576107517,-414508.262106,-565901.9826774232,151393.72057142406,-0.007532954351018318,-0.010284267389511421,0.0027513130384931176
2025-09-29,2025-W40,bot,4564211,373248039.69442797,0.5108607722511541,1793485.055638,2839582.4486864153,-1046097.3930484159,0.0048050756197039815,0.007607762524382271,-0.00280268690467829
2025-09-29,2025-W40,casual,16747,2343993.3742730003,0.3554396660050051,-189472.83651800003,-337919.32011720375,148446.48359920373,-0.08083334987103616,-0.144163939977864,0.06333059010682786
2025-09-29,2025-W40,one_shot,850,333485.89371499995,0.2997791709952984,-18383.337651,-20528.05789951378,2144.7202485137773,-0.055124783379025225,-0.06155600067766957,0.006431217298644346
2025-09-29,2025-W40,sophisticated,231236,56021683.704751,0.4631400828382423,-1171120.619363,-1915233.0879922744,744112.4686292743,-0.020904773686116138,-0.034187353205698996,0.013282579519582857
2025-10-06,2025-W41,active_retail,830340,71226460.066008,0.4838645034340814,-1660428.69493,-1275745.9895380195,-384682.7053919793,-0.023311964309207896,-0.01791112443824587,-0.005400839870962008
2025-10-06,2025-W41,bot,5119386,401385404.688748,0.5060897113234333,1752188.807331,769575.718462399,982613.0888686001,0.004365352568536279,0.0019172987096009683,0.0024480538589353087
2025-10-06,2025-W41,casual,40679,15325390.652678002,0.4942883419091504,-417011.119982,-517865.6342700181,100854.51428801805,-0.027210472439678415,-0.033791349663215585,0.006580877223537167
2025-10-06,2025-W41,one_shot,1268,644039.552892,0.4116879835135995,-31577.589538000004,-67064.92103939818,35487.33150139817,-0.049030512794134715,-0.104131680637081,0.05510116784294628
2025-10-06,2025-W41,sophisticated,260279,57597471.43690799,0.4989313627868048,356828.59711900004,1091100.8263850368,-734272.229266037,0.006195212883778561,0.018943554277034952,-0.012748341393256394
2025-10-13,2025-W42,active_retail,1056070,76413679.30281399,0.47947245561362667,-1257519.056104,-1344884.0200232647,87364.96391926493,-0.016456726957495043,-0.017600042718709113,0.0011433157612140742
2025-10-13,2025-W42,bot,6306933,454789971.72243,0.5115614200079717,2020058.357446,1717112.701533609,302945.65591239056,0.0044417390071188586,0.0037756168963672906,0.0006661221107515671
2025-10-13,2025-W42,casual,66145,5662622.952437,0.49098411464841757,-21784.610108,2352.997911367318,-24137.608019367366,-0.003847088229426373,0.0004155314473754018,-0.0042626196768017835
2025-10-13,2025-W42,one_shot,1561,389538.391396,0.43954163918585354,-15880.485034,-27847.174619120262,11966.689585120264,-0.0407674452243042,-0.071487625441291,0.03072018021698681
2025-10-13,2025-W42,sophisticated,359915,82468851.285967,0.47288963732562045,-724874.2062,-346734.5048025916,-378139.70139740844,-0.008789672644844338,-0.004204429907726777,-0.004585242737117561
2025-10-20,2025-W43,active_retail,1261910,79382921.759797,0.4374188216973546,-1496749.1340309998,-1739771.5892678276,243022.45523682755,-0.018854800262454174,-0.02191619495352115,0.0030613946910669743
2025-10-20,2025-W43,bot,8004013,584202272.755962,0.520035332334714,2198751.0819780002,2209944.37581029,-11193.29383229,0.0037636811503752596,0.0037828411132071155,-1.9159962831855945e-05
2025-10-20,2025-W43,casual,62379,8852966.363645,0.4121421424713527,-282299.454205,-595075.1742528087,312775.72004780866,-0.0318875552678334,-0.06721760253111371,0.03533004726328031
2025-10-20,2025-W43,one_shot,2183,657155.962311,0.2106682420730708,-68753.78561400001,-124827.229620988,56073.44400698802,-0.1046232394699969,-0.18995069173839946,0.08532745226840259
2025-10-20,2025-W43,sophisticated,448147,103237499.46471299,0.46162118166552396,-350948.70812799997,249729.6173313342,-600678.3254593342,-0.00339943053587767,0.0024189816551755286,-0.005818412191053199
2025-10-27,2025-W44,active_retail,1200258,72989507.947487,0.45725847949071713,-1775897.335788,-1548892.784503608,-227004.55128439222,-0.024330857759250635,-0.02122075936746928,-0.0031100983917813616
2025-10-27,2025-W44,bot,8713850,525309309.11430204,0.5146381656651283,2996350.352026,2103462.469812271,892887.8822137293,0.005703973449619612,0.004004236044015315,0.0016997374056042967
2025-10-27,2025-W44,casual,53679,14329679.447536,0.4635068973480897,-299932.68960800004,-345984.4694592377,46051.77985123769,-0.020930872229634818,-0.024144606355359192,0.0032137341257243777
2025-10-27,2025-W44,one_shot,1352,513232.147567,0.1326779974074217,-25028.746964999984,-42259.08726116974,17230.340296169747,-0.048766911978623866,-0.08233912754978588,0.03357221557116199
2025-10-27,2025-W44,sophisticated,444617,92745178.800612,0.47285383615313126,-895491.579665,-166326.12858825558,-729165.4510767445,-0.009655397630858747,-0.0017933668438532143,-0.007862030787005533
2025-11-03,2025-W45,active_retail,1234732,70633778.503244,0.46885067135776803,-1002163.472679,-983570.76491522,-18592.707763780112,-0.014188161725384316,-0.013924934864840163,-0.0002632268605441546
2025-11-03,2025-W45,bot,9277977,539843596.482937,0.5104427427900816,1389868.8702909998,889281.7384697101,500587.13182129024,0.0025745769318112673,0.0016472951504164371,0.0009272817813948312
2025-11-03,2025-W45,casual,44260,17599628.648287002,0.4852877610011261,-108012.41836499999,-215229.30826109392,107216.8898960939,-0.00613719871728731,-0.012229195999657784,0.006091997282370471
2025-11-03,2025-W45,one_shot,1088,444227.252177,0.3735707812292502,-756.0237959999972,-28934.50672908822,28178.482933088224,-0.001701885222698502,-0.0651344702228206,0.0634325850001221
2025-11-03,2025-W45,sophisticated,454677,77448672.771367,0.47322554769149466,-278936.955451,338452.8414356919,-617389.7968866922,-0.0036015717954836772,0.004370027649599942,-0.007971599445083622
2025-11-10,2025-W46,active_retail,1365700,59545123.206778,0.48176721072606,-1328045.245938,-858538.8021429643,-469506.4437950359,-0.022303174037044047,-0.014418289121034806,-0.007884884916009246
2025-11-10,2025-W46,bot,8885263,523561776.236928,0.5064850897073269,2027180.284681,772044.1245294473,1255136.1601515529,0.003871902756635996,0.0014745998649452082,0.002397302891690788
2025-11-10,2025-W46,casual,41018,8713901.003589,0.4854074089539721,-216623.863096,-230595.1324338787,13971.26933787867,-0.024859573571788224,-0.02646290477007982,0.0016033311982915934
2025-11-10,2025-W46,one_shot,817,162335.545178,0.23154581761035825,-24956.197730999997,-26274.26902290691,1318.071291906906,-0.15373218295251154,-0.16185160800179235,0.008119425049280787
2025-11-10,2025-W46,sophisticated,448504,70063085.866359,0.4844274880241048,-457554.977916,343364.07907030266,-800919.0569863028,-0.006530614120947482,0.004900784411997616,-0.0114313985329451
2025-11-17,2025-W47,active_retail,1484051,66798305.546875,0.47593311979395175,-1161991.2228279999,-694609.1438266551,-467382.07900134515,-0.01739551944192035,-0.010398604248115553,-0.006996915193804801
2025-11-17,2025-W47,bot,10049321,595165894.583844,0.5079492712022516,2477030.897268,946187.1867645064,1530843.710503494,0.004161916735837168,0.0015897873103533696,0.002572129425483799
2025-11-17,2025-W47,casual,40056,6071186.010538,0.48211267383780754,-247392.728137,-310956.6290673374,63563.90093033733,-0.040748665533816716,-0.05121843220214264,0.010469766668325914
2025-11-17,2025-W47,one_shot,1278,272319.437982,0.044140453901011685,-37068.403748000004,-93837.00831352593,56768.604565525944,-0.13612103499732614,-0.3445843198300389,0.20846328483271284
2025-11-17,2025-W47,sophisticated,509904,72469080.477045,0.4794924610767522,-1030578.542555,153215.59444301183,-1183794.136998012,-0.014220941341755285,0.0021142202085970133,-0.0163351615503523
2025-11-24,2025-W48,active_retail,1159749,67548865.57433,0.4785452265815519,-1186855.77213,-673307.3133131494,-513548.4588168508,-0.017570328710021003,-0.00996770719372407,-0.007602621516296938
2025-11-24,2025-W48,bot,12451301,655683178.1728361,0.505914701556684,1633583.8341650004,144129.3702567825,1489454.4639082178,0.0024914225170717934,0.00021981556802848226,0.002271606949043311
2025-11-24,2025-W48,casual,31540,5857667.8686460005,0.464719189859548,-189818.42744,-257790.4747076016,67972.04726760156,-0.03240511952820509,-0.044009063075675856,0.011603943547470762
2025-11-24,2025-W48,one_shot,952,147267.690401,0.07362394156937431,-42069.69839400001,-26619.7988542831,-15449.899539716904,-0.2856682160183748,-0.1807579027130743,-0.1049103133053005
2025-11-24,2025-W48,sophisticated,519192,75124843.083717,0.49247064823648046,-214839.936201,813588.2166182516,-1028428.1528192519,-0.0028597721789793084,0.010829815853480211,-0.013689588032459524
2025-12-01,2025-W49,active_retail,1237047,92470370.469308,0.4449133964377924,-1179742.6080170001,-3265689.888122213,2085947.280105213,-0.012758060793198299,-0.035316067963695824,0.02255800717049753
2025-12-01,2025-W49,bot,15717123,741614682.066464,0.5250900818185407,2705521.078153,5803261.581787925,-3097740.503634925,0.0036481492931264943,0.007825170836178017,-0.004177021543051522
2025-12-01,2025-W49,casual,41802,13883437.159223,0.36099913504258674,-372160.449269,-1130806.4357671554,758645.9864981553,-0.02680607438927813,-0.08145003451223473,0.05464396012295659
2025-12-01,2025-W49,one_shot,1790,1667061.3985640001,0.02842037682697924,5234.261925000006,-124557.16788806915,129791.42981306916,0.0031398135242701785,-0.07471660491650889,0.07785641844077906
2025-12-01,2025-W49,sophisticated,546862,87189452.03316501,0.46406794206971524,-1158852.2827920003,-1282208.090010488,123355.8072184879,-0.013291198141160443,-0.014706000096465376,0.0014148019553049374
2025-12-08,2025-W50,active_retail,1106818,51602397.65651199,0.47179743601584356,-1069667.224642,-927763.9136238124,-141903.31101818773,-0.02072902177457277,-0.017979085386679368,-0.0027499363878934055
2025-12-08,2025-W50,bot,16251728,607523646.8319249,0.5108467399190689,2174180.0995899998,1765439.3445235102,408740.7550664899,0.003578757980743258,0.0029059598811170713,0.0006727980996261871
2025-12-08,2025-W50,casual,33172,6708730.262299,0.4796567292319911,-201543.288541,-275015.81466747954,73472.52612647957,-0.030041942463182824,-0.040993720706432896,0.010951778243250077
2025-12-08,2025-W50,one_shot,1211,271536.286379,0.06950947088080063,-9964.704434000001,-18544.20832164852,8579.503887648523,-0.03669750576205365,-0.06829366553155707,0.03159615976950343
2025-12-08,2025-W50,sophisticated,447145,65445504.271669,0.46313464605199967,-893004.881973,-544115.4079105698,-348889.4740624303,-0.013645014916014284,-0.008314022696683757,-0.005330992219330529
2025-12-15,2025-W51,active_retail,1178126,76060034.305019,0.4114764350969882,-1854900.3413329998,-4239899.884764825,2384999.543431825,-0.02438731928379632,-0.05574412269868047,0.03135680341488414
2025-12-15,2025-W51,bot,19558405,810591697.3751171,0.5190467366096398,3038052.4524000003,5949551.387043614,-2911498.9346436146,0.003747944202041441,0.007339763541015327,-0.0035918193389738876
2025-12-15,2025-W51,casual,40157,10117618.195767999,0.33182747083950126,-484579.571658,-966731.0197468805,482151.4480888806,-0.047894629178702366,-0.09554926871536279,0.04765463953666043
2025-12-15,2025-W51,one_shot,1648,1401811.266751,0.01310188657703841,-70029.10694700004,-261022.54770716792,190993.44076016793,-0.049956159297611866,-0.18620377357370224,0.13624761427609042
2025-12-15,2025-W51,sophisticated,479678,78225693.138935,0.4546783897858095,-628543.432462,-481897.9348247412,-146645.49763725887,-0.008034999847756637,-0.006160353657318862,-0.0018746461904377747
2025-12-22,2025-W52,active_retail,1154285,63847351.918245,0.45294908396834827,-586503.931528,-1071106.5203205335,484602.5887925334,-0.009186033780680586,-0.01677605238337934,0.007590018602698752
2025-12-22,2025-W52,bot,20103121,768060849.3618511,0.5089688693630807,2154574.582742,2222578.5642020004,-68003.9814599999,0.002805213394918051,0.0028937532306830193,-8.85398357649677e-05
2025-12-22,2025-W52,casual,24902,7359999.131248999,0.35283936092185086,-114828.09142600004,-247847.76163420605,133019.67020820596,-0.015601644698362022,-0.033674971588229796,0.01807332688986777
2025-12-22,2025-W52,one_shot,1169,765173.3744049999,0.014562037565514383,-17222.02633,-57749.061844625525,40527.035514625524,-0.022507351805585076,-0.07547186530050302,0.05296451349491795
2025-12-22,2025-W52,sophisticated,434519,68804005.797268,0.4820344035935913,-1436020.533458,-845875.2204026353,-590145.3130553649,-0.02087117627553918,-0.01229398216864028,-0.008577194106898901
2025-12-29,2026-W01,active_retail,1286900,77951181.428895,0.4105852342317923,-143236.15714199992,-4442180.380093618,4298944.222951617,-0.0018375110487922,-0.05698669729779089,0.05514918624899868
2025-12-29,2026-W01,bot,24994788,862162736.151229,0.5182389145699644,1511104.4061979996,8037558.2269486515,-6526453.820750651,0.001752690464150311,0.009322553492428848,-0.007569863028278536
2025-12-29,2026-W01,casual,27963,6794572.068921,0.2897648961980356,-106912.97070299997,-1167138.8975451798,1060225.9268421798,-0.015735055809037595,-0.17177518844546236,0.15604013263642477
2025-12-29,2026-W01,one_shot,1338,1216502.093055,0.0202630207234323,-3734.5461080000305,-306318.47173403436,302583.9256260344,-0.003069905205523708,-0.25180266723978845,0.2487327620342648
2025-12-29,2026-W01,sophisticated,419589,62075005.405894,0.44704307793458037,-1257220.732245,-2121920.477575819,864699.7453308188,-0.020253252078261237,-0.03418317024221062,0.013929918163949381
2026-01-05,2026-W02,active_retail,1547308,65949985.478153,0.4265129258897168,-1742676.528676,-2004260.9654411683,261584.43676516792,-0.026424213986419903,-0.030390620269432997,0.003966406283013087
2026-01-05,2026-W02,bot,24849390,817329728.075587,0.5138245988459625,2552898.77717,2157479.496306289,395419.2808637115,0.0031234625261714532,0.0026396684498263645,0.0004837940763450891
2026-01-05,2026-W02,casual,44222,8257905.693064,0.37325317645977063,-318157.705769,-354225.1485231734,36067.442754173455,-0.03852765066525617,-0.04289527656154938,0.00436762589629321
2026-01-05,2026-W02,one_shot,2113,771807.024188,0.033209900505868806,-56146.803355000004,-58361.01846577267,2214.2151107726745,-0.07274720441171255,-0.07561607582824596,0.0028688714165334243
2026-01-05,2026-W02,sophisticated,496381,58177872.642736,0.45832915621846476,-435917.73937,259367.63612382545,-695285.3754938254,-0.0074928442648104976,0.004458183572929418,-0.011951027837739915
2026-01-12,2026-W03,active_retail,1427509,60509539.254527,0.40952891863219143,-2112934.6289109997,-2760356.7603494683,647422.1314384679,-0.034919033510124126,-0.0456185387354929,0.010699505225368762
2026-01-12,2026-W03,bot,18327850,736134119.019603,0.5168147519664641,3517169.5539770005,3572820.9303195206,-55651.37634252061,0.004777892320303305,0.004853491827111436,-7.559950680813184e-05
2026-01-12,2026-W03,casual,43416,10164902.46649,0.43702280646816627,-374748.257108,-523437.3718431842,148689.11473518427,-0.03686688173776474,-0.05149457887754138,0.014627697139776637
2026-01-12,2026-W03,one_shot,2022,761769.470164,0.11794668946464225,-94373.50402600001,-116044.78784324694,21671.283817246953,-0.12388722273902956,-0.1523358343807922,0.02844861164176267
2026-01-12,2026-W03,sophisticated,437265,47316359.60402,0.4535028810052306,-935113.163932,-172982.01028362173,-762131.1536483784,-0.01976299892379195,-0.0036558605043006133,-0.016107138419491338
2026-01-19,2026-W04,active_retail,1883480,93725542.850057,0.40780350668191206,-1811706.759639,-2650384.2273438172,838677.467704817,-0.019329914818817164,-0.028278142187812414,0.008948227368995247
2026-01-19,2026-W04,bot,23897897,917108028.303437,0.5167628008159775,2210372.0534050004,2226035.4203981906,-15663.366993190124,0.0024101545130882558,0.0024272335992043875,-1.7079086116131672e-05
2026-01-19,2026-W04,casual,58621,17213810.010835,0.3907209699841325,-536678.197344,-581433.4950308675,44755.29768686755,-0.031177188374113294,-0.033777153033807863,0.002599964659694567
2026-01-19,2026-W04,one_shot,2113,2000994.297449,0.0317855254869251,-44293.96798500001,-76916.67186621495,32622.703881214948,-0.02213597911871558,-0.0384392259209701,0.016303246802254524
2026-01-19,2026-W04,sophisticated,542323,65865159.421826005,0.4698674198380721,182306.87156300002,1082698.9738427093,-900392.1022797094,0.0027678802141119277,0.016438113614949075,-0.013670233400837149
2026-01-26,2026-W05,active_retail,1676132,105543481.459342,0.39224012814396797,-1573461.9485860004,-4256298.662348733,2682836.7137627327,-0.01490818690865468,-0.04032744233463974,0.025419255425985058
2026-01-26,2026-W05,bot,21212948,795592093.4135809,0.5268805277457107,1798111.6813420001,5123593.453937882,-3325481.7725958815,0.0022600924471571754,0.006439975329511515,-0.00417988288235434
2026-01-26,2026-W05,casual,54280,16372797.364851,0.3664438249727223,-308134.715721,-847934.5185967097,539799.8028757095,-0.018819918725831258,-0.051789226953791616,0.03296930822796034
2026-01-26,2026-W05,one_shot,2331,1239246.191203,0.05722650149397119,-69723.722439,-318765.12989944837,249041.40746044842,-0.056263011283751135,-0.2572250228907354,0.20096201160698435
2026-01-26,2026-W05,sophisticated,448705,65430859.019211,0.43782780810039307,153208.70540400007,299404.85690700944,-146196.15150300958,0.002341535900652272,0.004575896777071227,-0.002234360876418958
2026-02-02,2026-W06,active_retail,538881,57190033.76938,0.36615562812902264,-758100.388616,-4250352.185582023,3492251.7969660223,-0.01325581292140962,-0.07431980548781728,0.06106399256640764
2026-02-02,2026-W06,bot,6851117,373421451.474097,0.5362463458570451,782784.4021749999,5076245.5353411585,-4293461.133166159,0.0020962491551701845,0.013593877682448248,-0.011497628527278063
2026-02-02,2026-W06,casual,18674,9095363.055842001,0.3324148876961498,-85382.26925300005,-687130.8572937682,601748.5880407682,-0.009387450366608352,-0.07554738090992644,0.06615993054331809
2026-02-02,2026-W06,one_shot,822,1343590.6422470002,0.0045778348135120306,-24802.817175000004,-196906.89780026212,172104.0806252621,-0.018460099672561098,-0.14655274576113306,0.12809264608857196
2026-02-02,2026-W06,sophisticated,149716,27400362.88546,0.4563011235249527,85501.07286899998,58144.40533489382,27356.66753410612,0.003120435784971706,0.002122030484703841,0.0009984053002678637
2026-02-09,2026-W07,active_retail,343514,19190417.354284,0.44197107650440937,-306316.617625,-412367.37732699054,106050.75970199052,-0.015961957052310745,-0.021488192242725513,0.005526235190414769
2026-02-09,2026-W07,bot,1345551,88050947.21829802,0.5245527265407527,596085.238785,522923.25128686306,73161.98749813685,0.006769776562507286,0.005938871389883168,0.0008309051726241161
2026-02-09,2026-W07,casual,17485,5272155.566234001,0.414285122125014,-85501.36992299999,-154968.17557012115,69466.80564712113,-0.016217535474598147,-0.029393703130201412,0.01317616765560326
2026-02-09,2026-W07,one_shot,676,267036.77628,0.016463052219247126,-19467.370525,-22884.219506615053,3416.8489816150513,-0.07290145872861943,-0.08569688349824867,0.012795424769629232
2026-02-09,2026-W07,sophisticated,107582,27710081.169135995,0.47802605878939725,-184799.880712,67296.52111686362,-252096.4018288636,-0.006669048696899292,0.00242859343161433,-0.009097642128513621
2026-02-16,2026-W08,active_retail,245410,11336957.857915001,0.46843622887522335,-191243.34311299998,-196281.08925278106,5037.746139781061,-0.016869017730314812,-0.017313382629868878,0.0004443648995540645
2026-02-16,2026-W08,bot,997562,56041577.070019,0.5220414443967122,121392.62489000002,107938.4478091253,13454.177080874704,0.0021661172157651926,0.00192604229667316,0.0002400749190920323
2026-02-16,2026-W08,casual,5112,661690.0667860002,0.42186476559372044,-20347.483883000008,-31360.116942715376,11012.633059715332,-0.03075077729643578,-0.0473939666270639,0.01664318933062807
2026-02-16,2026-W08,one_shot,246,125443.08898699998,0.02018544546181602,-8573.783818000002,-7674.784782100633,-898.999035899368,-0.0683479965874288,-0.06118140779278795,-0.007166588794640842
2026-02-16,2026-W08,sophisticated,71464,19457674.972723,0.49038719087064386,98771.985924,127377.54316847175,-28605.557244471736,0.005076248116101478,0.006546390735123166,-0.0014701426190216877
2026-02-23,2026-W09,active_retail,212163,10310368.180247,0.4566991682881927,-112574.608655,-364960.7311202929,252386.12246529298,-0.010918582798107519,-0.035397448931018656,0.024478866132911146
2026-02-23,2026-W09,bot,753383,43785405.906967,0.5294340849955076,-72586.05906,275515.72799397004,-348101.78705397004,-0.0016577683261456376,0.006292410045926532,-0.007950178372072169
2026-02-23,2026-W09,casual,7920,506609.014893,0.45630797278979063,-10786.13363500001,-6550.596661030679,-4235.536973969316,-0.021290844256449185,-0.012930280489410988,-0.008360563767038169
2026-02-23,2026-W09,one_shot,198,33576.869422,0.26673883132770543,323.59151900000023,288.4977615432167,35.09375745678307,0.009637334408191695,0.00859215783095577,0.0010451765772359104
2026-02-23,2026-W09,sophisticated,69078,18737478.280933,0.4935913649199123,195623.20983100001,95707.10202581038,99916.10780518962,0.010440210091133955,0.00510778988457591,0.005332420206558044
2026-03-02,2026-W10,active_retail,277094,21215804.402997002,0.41916869772712534,-243321.98041399996,-1526497.0565069045,1283175.076092905,-0.011468901946495493,-0.07195093938042092,0.06048203743392544
2026-03-02,2026-W10,bot,1156279,114603530.266097,0.5381219194587266,540319.185376,2382582.534279129,-1842263.348903129,0.004714681861208266,0.0207897830786454,-0.016075101217437132
2026-03-02,2026-W10,casual,8612,1960740.3502250002,0.40374183314117024,-39482.85617000001,-471853.1599886345,432370.30381863465,-0.020136708139590866,-0.24065050731193863,0.22051379917234784
2026-03-02,2026-W10,one_shot,336,246757.23382199998,0.10932519209065426,-1971.8232650000016,-70258.28532603306,68286.46206103303,-0.00799094411320233,-0.28472634515231415,0.27673540103911176
2026-03-02,2026-W10,sophisticated,108621,28733555.242223002,0.45604640324138473,-255542.525527,-313974.0324575566,58431.506930556534,-0.008893522690554101,-0.010927086112761369,0.002033563422207266
2026-03-09,2026-W11,active_retail,200492,12921778.926049,0.47947679875899474,-199330.71531700002,-400280.65000097756,200949.93468397768,-0.015425949976219563,-0.030977209275268768,0.015551259299049216
2026-03-09,2026-W11,bot,768609,56483396.875920996,0.519560836398322,304203.26661500003,645318.3166845406,-341115.05006954074,0.0053857112610145195,0.01142492046117788,-0.006039209200163364
2026-03-09,2026-W11,casual,6336,1012908.526894,0.45500480592979736,-32198.627952,-62664.02478841761,30465.39683641772,-0.03178828798167434,-0.061865433180399464,0.03007714519872523
2026-03-09,2026-W11,one_shot,222,30750.197428,0.13596554132285038,-64.03723999999957,-2296.0546449741096,2232.017404974112,-0.002082498499397913,-0.07466796433909743,0.07258546583969959
2026-03-09,2026-W11,sophisticated,81539,17690664.579508,0.45602435529615987,-72609.886106,-180077.58725017117,107467.70114417117,-0.00410441822463288,-0.010179243772377226,0.006074825547744345
2026-03-16,2026-W12,active_retail,240615,19857679.951774,0.41208022359890595,-95919.049409,-774658.7318330408,678739.6824240409,-0.004830325075333436,-0.0390105356574566,0.03418021058212317
2026-03-16,2026-W12,bot,1047667,55813854.63532,0.5506366959898564,160108.968803,1172881.5187783698,-1012772.5499753697,0.0028686241050565283,0.021014164429993508,-0.01814554032493698
2026-03-16,2026-W12,casual,8152,1529764.959699,0.28222000926401763,-20665.808341000004,-145283.02810068466,124617.21975968465,-0.013509139564202239,-0.09497081703928614,0.0814616774750839
2026-03-16,2026-W12,one_shot,409,241933.050725,0.0510165067401583,-5383.941471999997,-89365.62049687334,83981.67902487333,-0.022253848557962447,-0.3693816129258556,0.3471277643678931
2026-03-16,2026-W12,sophisticated,95145,18411960.37975,0.4451944819878057,-38140.169581000024,-163574.1383477708,125433.96876677079,-0.0020714887928472664,-0.00888412395931909,0.006812635166471826
2026-03-23,2026-W13,active_retail,179519,12274162.214663,0.426034801140193,-130708.982529,-315652.3131884687,184943.3306594687,-0.010649116431983602,-0.02571681127135366,0.01506769483937006
2026-03-23,2026-W13,bot,640642,33661437.714819,0.5572558950527049,274497.44009399996,428948.79364911997,-154451.35355511995,0.008154655853370045,0.012743032465909231,-0.004588376612539184
2026-03-23,2026-W13,casual,6130,1170305.658802,0.4217227475644524,-31093.109334000004,-52611.048577604226,21517.93924360424,-0.026568366221375792,-0.044954963843770755,0.018386597622394973
2026-03-23,2026-W13,one_shot,346,91558.339984,0.019976809443967885,-7012.509048999999,-82210.89330406839,75198.3842550684,-0.07659060933417369,-0.8979072066884884,0.821316597354315
2026-03-23,2026-W13,sophisticated,65855,9167733.116748,0.46385935515191107,-105682.83918199998,21525.46142102139,-127208.30060302136,-0.011527695869432994,0.0023479589934503847,-0.013875654862883377
2026-03-30,2026-W14,active_retail,196151,40051440.363754,0.3904427457896002,-33104.004870999976,-826131.5496840217,793027.5448130217,-0.0008265371874355521,-0.02062676253790012,0.019800225350464568
2026-03-30,2026-W14,bot,411683,95453345.780418,0.6218423543191828,27934.413439000018,1623553.8485636278,-1595619.4351246278,0.00029264991405603184,0.017008873133671713,-0.016716223219615682
2026-03-30,2026-W14,casual,6178,13671576.718465997,0.24730885107083445,-8218.19570400004,-810922.0988818798,802703.9031778798,-0.0006011154289833918,-0.0593144533056366,0.058713337876653206
2026-03-30,2026-W14,one_shot,308,3070134.6462629996,0.0024506173324199193,-5101.362454999991,-176057.6127018412,170956.25024684117,-0.0016616087054062674,-0.05734524149165262,0.055683632786246336
2026-03-30,2026-W14,sophisticated,70586,13496899.944403002,0.5183089616195504,18489.14959099999,189557.4127041148,-171068.26311311478,0.001369881207326221,0.01404451492453435,-0.012674633717208127
2026-04-06,2026-W15,active_retail,92679,4362937.723643,0.48744129833317035,-30551.202528999995,-48543.79471200723,17992.59218300722,-0.007002438371614003,-0.011126401013919068,0.004123962642305062
2026-04-06,2026-W15,bot,232420,10471037.612452,0.509867203227626,-20694.40050500002,-25107.790003927712,4413.389498927704,-0.0019763466879720256,-0.002397832090113964,0.00042148540214193936
2026-04-06,2026-W15,casual,1994,106878.455245,0.4719349840286836,867.1421119999991,-1145.6948610190263,2012.8369730190275,0.008113348101937184,-0.010719605353508552,0.018832953455445757
2026-04-06,2026-W15,one_shot,72,34554.153806,0.2998959056587864,3799.7527949999976,3050.947228601447,748.8055663985532,0.1099651525640951,0.08829465903667069,0.021670493527424485
2026-04-06,2026-W15,sophisticated,40739,4098914.499644,0.49750294009403134,46578.708127,71746.3323483525,-25167.624221352504,0.011363669120457493,0.01750373967414637,-0.006140070553688878
2026-04-13,2026-W16,active_retail,100588,3651483.8938089996,0.3922296405374601,-40625.077245,-104468.34252923192,63843.26528423198,-0.011125635064111555,-0.02860983248655578,0.017484197422444243
2026-04-13,2026-W16,bot,1085439,19387621.183866,0.5357212085380199,155060.430855,242371.13105650456,-87310.70020150465,0.007997909046419695,0.012501334163584807,-0.004503425117165116
2026-04-13,2026-W16,casual,2442,240213.97779799998,0.23680149908887727,-22213.101154,-21555.998566411396,-657.102587588605,-0.09247214236916461,-0.08973665381178693,-0.00273548855737768
2026-04-13,2026-W16,one_shot,163,28072.962285,0.26202613244372497,-1107.435146,-405.8061216552908,-701.6290243447086,-0.03944846057773272,-0.01445540793078762,-0.024993052646945076
2026-04-13,2026-W16,sophisticated,38406,4278296.022992,0.3580453637663924,-91114.81731,-115940.98383920593,24826.166529205966,-0.021296987590465843,-0.027099804037899022,0.005802816447433186
2026-04-20,2026-W17,active_retail,42989,1920734.680775,0.4146424147034465,-82998.639716,-120307.51439909216,37308.87468309216,-0.04321192330557116,-0.06263619624473543,0.019424272939164273
2026-04-20,2026-W17,bot,180557,11600130.633553002,0.5263084254961052,79716.99880700001,159404.4426378711,-79687.44383087117,0.006872077679575536,0.013741607545073581,-0.00686952986549805
2026-04-20,2026-W17,casual,1036,134650.796298,0.15786896049128807,-2852.1906179999983,-33621.44303739692,30769.252419396922,-0.02118212960053889,-0.24969360718066774,0.22851147758012882
2026-04-20,2026-W17,one_shot,42,27678.971277,0.004815237222516101,-1279.556525,-8481.263678548308,7201.707153548307,-0.04622847114492491,-0.3064154225123194,0.26018695136739445
2026-04-20,2026-W17,sophisticated,15256,2145388.9396910006,0.39756088481604096,7413.388051999998,3005.778477166268,4407.6095748337775,0.003455498401640751,0.0014010412851290215,0.0020544571165117516
